{"type":"FeatureCollection","features":[{"type":"Feature","properties":{"name":"BAÑOS"},"geometry":{"type":"Polygon","coordinates":[[[-79.04989063696163,-2.901149779351574],[-79.05028503887115,-2.9020261628782644],[-79.05067804624801,-2.903698612120324],[-79.05067740986158,-2.904070119458542],[-79.05033304275311,-2.9048125334554507],[-79.04943496881671,-2.905235555236294],[-79.04716574472089,-2.904913212888167],[-79.04655861325926,-2.9049652099767647],[-79.0446040648865,-2.9058374817037156],[-79.04460260461263,-2.906686607531154],[-79.04564059584818,-2.909315507270128],[-79.04587784985078,-2.909475129226274],[-79.04825355253797,-2.9092669729221097],[-79.04867536197744,-2.90955959290901],[-79.04885909140833,-2.9101436994547543],[-79.04893536333326,-2.911842137127602],[-79.04930331565318,-2.912745002338132],[-79.0493405616973,-2.9140984152515803],[-79.04960348185432,-2.9146826853509475],[-79.05015724289159,-2.9149755105677064],[-79.05060582244401,-2.9150293603374364],[-79.05229542049571,-2.914766939981732],[-79.05303419660856,-2.914900907199139],[-79.0532977572179,-2.9151136573647993],[-79.05337649289855,-2.9153791566900407],[-79.05319036010683,-2.916174908743966],[-79.0532689589085,-2.9165200033909087],[-79.05461490375727,-2.9165754166270155],[-79.05485226480756,-2.9166819686780077],[-79.0549310274875,-2.9169209427005023],[-79.05458624254592,-2.917902168381624],[-79.05435985718562,-2.9190959109359342],[-79.05422385978201,-2.9214308441627925],[-79.05504437453706,-2.927747858866516],[-79.05501711025184,-2.9282520052031575],[-79.05483158388195,-2.928702786742119],[-79.05424983753723,-2.9293386382738866],[-79.053839543821,-2.930027864456783],[-79.05323159022718,-2.9305575226007674],[-79.05265052939323,-2.930795339011993],[-79.05198751796742,-2.932625160669948],[-79.05180250613473,-2.932784047148472],[-79.05082570893249,-2.932915036328929],[-79.05040304643235,-2.9331265829962887],[-79.04929209797142,-2.934531037669275],[-79.04824826633494,-2.9352722121036914],[-79.04521350062082,-2.935001553569725],[-79.04437145247141,-2.933540592314687],[-79.04408111647733,-2.933540082754527],[-79.04179372094792,-2.935157710954636],[-79.04329972512971,-2.9375157465797783],[-79.04331957569794,-2.937865701492728],[-79.0430525106829,-2.938400399811651],[-79.04309279702886,-2.9387709730457745],[-79.04342015059238,-2.9388950244334375],[-79.04436295702267,-2.9382997730636276],[-79.04475172009546,-2.9384239762183717],[-79.04503752827534,-2.938897868212015],[-79.04465385769302,-2.9417171573966514],[-79.04422309797619,-2.9421898140878793],[-79.04325976207964,-2.942826204356097],[-79.0427057032423,-2.9435662706570525],[-79.04245895697645,-2.9441833078414104],[-79.04219869568338,-2.9466734455613257],[-79.04230066657621,-2.9469000445377027],[-79.04262787159975,-2.947106464919144],[-79.04391680856986,-2.947602741970812],[-79.04459170487382,-2.9480155996080875],[-79.0455729054297,-2.9488818297538324],[-79.04666463769615,-2.9509421065508965],[-79.04743894728831,-2.953042996298024],[-79.04808349595744,-2.9532499639708174],[-79.04830825901229,-2.9534973562541236],[-79.04883806000919,-2.9549391521625554],[-79.04893806285988,-2.9562978289329025],[-79.04858926129369,-2.9567294643495705],[-79.04780032015813,-2.957139746156472],[-79.0480243406551,-2.957819407335294],[-79.0470397509994,-2.9588880061240723],[-79.04673169328342,-2.9594226241879102],[-79.04691422313383,-2.960431543914217],[-79.04764954579363,-2.9614002893409466],[-79.04855928538446,-2.962163487262646],[-79.0494079212984,-2.9620620687906944],[-79.04960106252996,-2.9613214028049333],[-79.05023880765911,-2.961035309190515],[-79.05083320908346,-2.960417778543866],[-79.05199800665017,-2.9603314598638404],[-79.0530115252503,-2.958786759950368],[-79.05413247082548,-2.9586561702442844],[-79.05455193330029,-2.9575301928941755],[-79.0549255172386,-2.957530850353418],[-79.05545231517061,-2.957863150721671],[-79.0560461298598,-2.957577005718399],[-79.05637577379007,-2.9575554807885003],[-79.05670514803082,-2.957710703934888],[-79.05692421926827,-2.958086684764172],[-79.0579121393884,-2.9586407154592376],[-79.05838226361021,-2.9599671263075336],[-79.05877696520342,-2.960453851091319],[-79.0597208139117,-2.9610520139920258],[-79.05951887303227,-2.9634597923051897],[-79.05971551019535,-2.9641008326158516],[-79.06004509871904,-2.964123504441176],[-79.0603750779953,-2.963925243743697],[-79.06066041137355,-2.964124586585213],[-79.06091230401074,-2.964588975290134],[-79.06130765466264,-2.964700124415089],[-79.061485270415,-2.9636620781228618],[-79.06174926432408,-2.9634857991793875],[-79.06207895574863,-2.9634421879544166],[-79.06306716634076,-2.9638195079000638],[-79.06416555467237,-2.964020277691826],[-79.06548445661512,-2.963779565895287],[-79.06671129862175,-2.9659468215399922],[-79.06699646229511,-2.9662345383749105],[-79.06756737698204,-2.9665006578916517],[-79.06839122404718,-2.9666125566833377],[-79.06995151439446,-2.966571099891827],[-79.07118255237835,-2.9663081490031593],[-79.07188479167213,-2.966861701698816],[-79.07304978096258,-2.9666869829721243],[-79.07510350673259,-2.967220798741331],[-79.07580594074311,-2.967663908622119],[-79.07817892748855,-2.9678447893054365],[-79.0797375132717,-2.968797514220877],[-79.08017747395556,-2.968533167380558],[-79.08048500515366,-2.968599974062307],[-79.08118696813034,-2.9693081768198417],[-79.08196474318527,-2.970679306889717],[-79.08218442878191,-2.9707238744210978],[-79.082866863024,-2.9700180834088514],[-79.08308666911239,-2.9699963865145262],[-79.08367940430962,-2.9703288038427957],[-79.08414165711672,-2.9698877614885686],[-79.08449316370317,-2.96993253899319],[-79.08469053924848,-2.970175911064062],[-79.08565816942499,-2.9697578266950155],[-79.08603177094159,-2.969736377635834],[-79.08658009037316,-2.9703559555728596],[-79.08677694748067,-2.970886540402692],[-79.08732538178252,-2.9714398037105787],[-79.08763188939051,-2.9721031527326263],[-79.08826868446312,-2.972391454662435],[-79.08854291497823,-2.972657052857956],[-79.08858592654546,-2.9732094505394686],[-79.0882994737567,-2.9736508259610623],[-79.08836496609186,-2.9739160487455862],[-79.0897270396616,-2.974139347100652],[-79.09036343818897,-2.974648616774266],[-79.09104327362505,-2.9754672371616127],[-79.09135084704431,-2.975511956404186],[-79.09181259006839,-2.975358111278265],[-79.09216241702023,-2.976397089486821],[-79.09238176363205,-2.97664050014641],[-79.09293079174626,-2.976862378284712],[-79.09355551069345,-2.977769292285985],[-79.09412674861474,-2.977836574166536],[-79.094390184403,-2.977991685171375],[-79.09493827840076,-2.9787438064230196],[-79.09647660312733,-2.978724376750433],[-79.09757469100971,-2.9791239651123864],[-79.09854043974171,-2.9798105391618357],[-79.09900091083726,-2.9803857495552926],[-79.10043945290272,-2.980896389533554],[-79.10177883352455,-2.981561485911428],[-79.10283214069855,-2.9824471009577467],[-79.10381910307079,-2.9835755441041156],[-79.10423612051122,-2.983885568508626],[-79.10603680468789,-2.9846619690591454],[-79.10692465880406,-2.985922822391788],[-79.10850639374463,-2.986234872320489],[-79.10881374715237,-2.9864121383204885],[-79.10988783325122,-2.9880047294242544],[-79.11021728824824,-2.988115768244236],[-79.11129428365946,-2.9880071581836973],[-79.11241472673318,-2.988207932467204],[-79.11263402451877,-2.9884734296851767],[-79.1127206109104,-2.9892468493437407],[-79.11287416594746,-2.989423868676631],[-79.1132697045012,-2.9894245511464184],[-79.11376449538504,-2.9892265701167346],[-79.11543473317596,-2.989185251323743],[-79.11693000577591,-2.988657575136629],[-79.11776509103336,-2.9886590123739913],[-79.11976359333022,-2.9894357353783088],[-79.11993904373496,-2.9896348785870077],[-79.1199154272882,-2.9906069530074517],[-79.12006892144636,-2.990806064878474],[-79.12026666677896,-2.9908284851228015],[-79.12080552856452,-2.990564297839396],[-79.12236641819098,-2.9902134818727633],[-79.12280669158237,-2.9897723621029235],[-79.12302726890326,-2.9892866918382466],[-79.1232470957923,-2.989242883393617],[-79.12467346564648,-2.990460475638818],[-79.12557415090018,-2.990682949069387],[-79.12671602754781,-2.9911930618940725],[-79.12782595397472,-2.9911065731147746],[-79.12837471857098,-2.99148312402891],[-79.12872622993098,-2.991549998401183],[-79.12943013832155,-2.9911535181942654],[-79.13019957357524,-2.991000177901538],[-79.13416618518413,-2.9910511484573705],[-79.13541819121994,-2.9914288912449396],[-79.13735231295938,-2.991321698971898],[-79.13790146844227,-2.9914552118874136],[-79.13845035777933,-2.9917654495180193],[-79.13994271564388,-2.992961072698749],[-79.14085440711796,-2.9931614497639694],[-79.14186586898946,-2.9928317747061697],[-79.14241508940009,-2.9929431742330785],[-79.14368744015498,-2.9942930733655877],[-79.14513665763606,-2.99502464720621],[-79.14542164706047,-2.9954449071206124],[-79.14629947069702,-2.9961754844862383],[-79.14698041219852,-2.996375492004361],[-79.1478275010302,-2.9957803835560894],[-79.14890427687493,-2.9958264031886532],[-79.14916681068469,-2.996533829952641],[-79.14971529414342,-2.9970871402335413],[-79.1500657493612,-2.9977726485233336],[-79.15026366695213,-2.9977067173084193],[-79.15059406887987,-2.997265388609225],[-79.15169315072617,-2.9971125991428984],[-79.15213236856567,-2.997290088932296],[-79.15325233539204,-2.9978001424305694],[-79.15437113151893,-2.998995121613208],[-79.15596324257744,-2.9997048253289167],[-79.15728150276291,-2.9999059070366108],[-79.15914717325629,-3.0013230687043597],[-79.15932185944365,-3.001986188022208],[-79.15960716483698,-3.002229709111509],[-79.16031023430804,-3.002341369943306],[-79.16116650805469,-3.0028288944883506],[-79.16406222386055,-3.0035617124518224],[-79.1642193543632,-3.0039984822913786],[-79.16473165809482,-3.0044953605918305],[-79.16528380707797,-3.004754211874549],[-79.1658550796459,-3.005390084799594],[-79.16792499753898,-3.0067824190275068],[-79.16869423383936,-3.007041635520608],[-79.17023330775974,-3.0072228058634347],[-79.17077621453208,-3.0071146039206282],[-79.17193922444478,-3.007949870882428],[-79.17217608871603,-3.007930417971662],[-79.17264922317162,-3.008248682228812],[-79.17375393503919,-3.0085282928385824],[-79.1745030062172,-3.009065251995789],[-79.17694860899078,-3.010021735020394],[-79.17931495437742,-3.01119632065191],[-79.18032111217674,-3.0114162459606395],[-79.18107030944101,-3.01187384270043],[-79.18180026102408,-3.012033788122571],[-79.18203677190596,-3.012232609551374],[-79.18203653330922,-3.0123765773802007],[-79.18320723840513,-3.0131366988835504],[-79.18337484368648,-3.0134750972899087],[-79.1839421919,-3.013581714881154],[-79.18402366223525,-3.0151455573232],[-79.18431656271257,-3.0159913521576294],[-79.18498765466569,-3.016922264357427],[-79.1851548403092,-3.017514233648285],[-79.18549093761467,-3.0176415979768456],[-79.18572128069658,-3.018170285115436],[-79.18609908397409,-3.0185090171297944],[-79.18632960247626,-3.018932024189917],[-79.18681259413827,-3.019207569543743],[-79.18714897242188,-3.019165852921808],[-79.18750562751823,-3.0195890838733024],[-79.18817802474508,-3.0197381570788804],[-79.18853472538879,-3.020119095644988],[-79.1891018689191,-3.0203525015941675],[-79.18926975616628,-3.02052184502564],[-79.18912219721508,-3.0207751951746262],[-79.19036135588308,-3.0213900670812817],[-79.19074915962703,-3.0220352533348125],[-79.1925561503366,-3.0224820424771575],[-79.19364978725362,-3.022124609671344],[-79.19373344275112,-3.0223783469927907],[-79.19402770973846,-3.0223788383108796],[-79.19406909628262,-3.022780415500552],[-79.19455247078355,-3.0228234835029397],[-79.19469926168728,-3.023035040004072],[-79.19516174448351,-3.0230146908515247],[-79.19539259760313,-3.0232263939496877],[-79.19577143719592,-3.0229522944414335],[-79.19600231559441,-3.0231640227792003],[-79.19650675383284,-3.023185978863594],[-79.19734700588444,-3.0235255001141943],[-79.19787158270633,-3.0240757941262904],[-79.19917452339591,-3.024268162397709],[-79.19953221814957,-3.0240574398247624],[-79.20018358946484,-3.024206454222823],[-79.20102553380615,-3.0235316261776464],[-79.20303378606803,-3.0230172384951115],[-79.20444239218283,-3.0228505140168336],[-79.20490534419835,-3.022534288213075],[-79.20574770822978,-3.021605893220148],[-79.20663103740695,-3.0213115095031333],[-79.20780920191258,-3.0206794844640106],[-79.20814547360935,-3.02070118136451],[-79.2083134001856,-3.0208494025048647],[-79.20822859192535,-3.0212930157315756],[-79.20831229245826,-3.0215256075292123],[-79.20906843034962,-3.021886103014594],[-79.20963483032695,-3.022584413199588],[-79.21051783116631,-3.022480198752796],[-79.2129163703268,-3.0211317026813944],[-79.21397855190915,-3.0207213893844247],[-79.21486150267398,-3.0206594506064794],[-79.21591207190511,-3.0209358921764125],[-79.21799066996401,-3.0224185790858513],[-79.21939626756881,-3.024111458878001],[-79.2197516551325,-3.0253165789805125],[-79.22010547967558,-3.0274726495275273],[-79.22038409365608,-3.0306323591258892],[-79.2217434369478,-3.0349244581339714],[-79.22264431650812,-3.0367432976063036],[-79.22573876020437,-3.0404993880658755],[-79.22731547915431,-3.0468310847554094],[-79.22771338295826,-3.0477615705340355],[-79.2281747884592,-3.04839629107023],[-79.22945320944656,-3.0507652216983963],[-79.23158194986848,-3.055403285800647],[-79.23369005938771,-3.0558024253422587],[-79.23471596456376,-3.0554342733376347],[-79.23645965827536,-3.055541611205114],[-79.23774644016657,-3.056247369610052],[-79.23887582727878,-3.0566385799279643],[-79.23988278281871,-3.058235955737509],[-79.24066367937999,-3.0584121781822113],[-79.24060423079638,-3.0573809873159354],[-79.24182295436012,-3.0559454994111497],[-79.24315989678847,-3.0524783148047607],[-79.24383329028318,-3.051630116403199],[-79.24535037634895,-3.051478170739253],[-79.24673119708156,-3.05248414911042],[-79.24739236015483,-3.0526181184235237],[-79.24808787727297,-3.052074765856094],[-79.24968205185978,-3.0511653189338723],[-79.25220360379642,-3.0502573995549804],[-79.25258965816508,-3.049981015162016],[-79.2537287696156,-3.049877344927389],[-79.25458994674383,-3.04998324428656],[-79.25609613877947,-3.0506724235221943],[-79.25757971143905,-3.0515705717439197],[-79.25824450277874,-3.0522274894178723],[-79.25865293322555,-3.052101999724581],[-79.25912228698682,-3.052130926573523],[-79.26024264124882,-3.0512098273691888],[-79.2613163788634,-3.050878469710661],[-79.26166127372042,-3.0504916923687055],[-79.26295277179544,-3.050320165708135],[-79.26375830083022,-3.04968333787845],[-79.26460091634551,-3.050137638047092],[-79.26584229126043,-3.051230974878794],[-79.26581914517381,-3.0517953326927594],[-79.26651156907599,-3.0524424299066766],[-79.26715383075597,-3.0537451563222473],[-79.26874240930869,-3.0540021215336606],[-79.26908726335058,-3.054739803992607],[-79.2704418052747,-3.0560055262582013],[-79.27012528673323,-3.057212039268113],[-79.27084113612507,-3.057934148084488],[-79.27157392679142,-3.058283265342522],[-79.27211278277983,-3.058826709617356],[-79.27229691622719,-3.0607915466938636],[-79.27348665705055,-3.061021845352252],[-79.2737401423905,-3.06318062986777],[-79.27515339018429,-3.0657111448219037],[-79.27873820630336,-3.0663435680478512],[-79.28202700905207,-3.0684430367965865],[-79.28542867319176,-3.0688049197198635],[-79.28990688043314,-3.068990568411179],[-79.29226188089588,-3.068257120322333],[-79.29531987277164,-3.0682248153595477],[-79.29631607124409,-3.068543623735063],[-79.29725478412038,-3.069747567317227],[-79.2986209944119,-3.069238156993641],[-79.30034545107429,-3.0681361431465017],[-79.30545038354354,-3.0658153082094097],[-79.30891974901428,-3.0647608277439597],[-79.31111621715787,-3.0644705566652086],[-79.31271519879651,-3.0640950070031634],[-79.3152133080215,-3.0620834794643694],[-79.31652140029824,-3.0613092187010515],[-79.31681855122946,-3.0612201126349765],[-79.31781306127151,-3.061670636699712],[-79.31898619675825,-3.0612593429310904],[-79.3202646324722,-3.0614886555792857],[-79.32082009120636,-3.0617340318240114],[-79.32432234249559,-3.0586192389511995],[-79.32565366410238,-3.057232884252154],[-79.32902153623726,-3.0545508457049184],[-79.33040511238276,-3.052970480953136],[-79.33126174413363,-3.05122506402007],[-79.33166001465301,-3.0481501879115185],[-79.33239943368683,-3.045359522754755],[-79.33315878570971,-3.044076756493489],[-79.33330744660122,-3.043987421484066],[-79.33390138257256,-3.044048040750451],[-79.33535781497814,-3.0433635551605924],[-79.33673298928922,-3.0424101895876245],[-79.33878546955334,-3.040397876062379],[-79.34033146170164,-3.0394148884080727],[-79.34074723443986,-3.039445398003724],[-79.34162992578331,-3.0400738032589976],[-79.34484995899723,-3.0417658201668685],[-79.3456580753389,-3.0420504286802763],[-79.34626052536962,-3.0416287651037064],[-79.34793077749441,-3.0421354178393822],[-79.34867161114008,-3.042971463977065],[-79.34903871170285,-3.0437787793912916],[-79.35022202953888,-3.0443718313064307],[-79.35176615584643,-3.0446279976377344],[-79.35243444867413,-3.044629023111514],[-79.35359317113388,-3.0443919242623023],[-79.35394283589088,-3.0440835590268915],[-79.35415967585982,-3.0433814160063855],[-79.35434966465964,-3.041772105683098],[-79.35471058067945,-3.041049190884241],[-79.35626981872541,-3.0393183964491266],[-79.35761703157675,-3.037277882750043],[-79.35753847714166,-3.0359183626886215],[-79.35836270961107,-3.035539604146318],[-79.3590407057109,-3.0329168257479635],[-79.35932716496947,-3.0328283661215205],[-79.35975298553433,-3.0318603630542222],[-79.35990476522888,-3.0318124378702005],[-79.36026713161826,-3.0304621112330175],[-79.36093960471388,-3.028695556926677],[-79.36150987971881,-3.027940431765375],[-79.36121804005495,-3.027391583678188],[-79.36213873076765,-3.026936215988999],[-79.362027744105,-3.025015664663858],[-79.36236462708906,-3.0240762432173094],[-79.36369376066833,-3.0238700519181023],[-79.36448268944605,-3.023317814231997],[-79.36448611051252,-3.022254393667153],[-79.3640946845665,-3.0219017347939863],[-79.36282161537471,-3.01960373111742],[-79.35383981075466,-3.016535252646585],[-79.35231181636205,-3.0159008475433047],[-79.3512554417477,-3.0152240891865465],[-79.35089893329085,-3.0147351214066442],[-79.35087125935623,-3.0141460890808562],[-79.35104314272945,-3.0138734375470695],[-79.3545393570904,-3.012183633246802],[-79.35666342697814,-3.010764675239964],[-79.35748839140935,-3.009849894669306],[-79.35849670312217,-3.0080626614440873],[-79.35890544177983,-3.0068894481082955],[-79.35918711326927,-3.004878727753872],[-79.35916813492622,-3.0040691080469024],[-79.35584588335956,-3.003802616614974],[-79.3556777205086,-3.00270701693238],[-79.35545876798344,-3.0023004882771933],[-79.35549565925277,-3.0016935216396106],[-79.35196055779106,-3.0001023974716454],[-79.35009457750517,-2.999995764558081],[-79.34847597610165,-2.999631589222357],[-79.34790484277238,-2.9993184519228713],[-79.34667774552086,-2.9990862747799176],[-79.34601770884176,-2.998341367263989],[-79.34555447708054,-2.997322626383804],[-79.3445633166844,-2.9968211537803287],[-79.34358229633537,-2.995807600789384],[-79.34254981951229,-2.9958678926566167],[-79.3395667705892,-2.9956845891887167],[-79.3396800353096,-2.9938214344313088],[-79.33877781530403,-2.991137429967447],[-79.33860549356415,-2.9902014906229053],[-79.33839468517228,-2.9898100792020617],[-79.33750626096635,-2.989398477229804],[-79.33716938838282,-2.9881241892194947],[-79.33763186528513,-2.9873746131228023],[-79.33635495887657,-2.9852509404729393],[-79.33543977321487,-2.983418331866676],[-79.33518326233116,-2.983187213926128],[-79.3347489366021,-2.981593512802481],[-79.33431561646304,-2.981194760902112],[-79.33428072628317,-2.9802747139561667],[-79.33457436990129,-2.9796975580740317],[-79.33508181766858,-2.976517029199551],[-79.33461875131785,-2.975836000608882],[-79.33412247341089,-2.973920138469296],[-79.33503181109522,-2.972841575682775],[-79.33556601476744,-2.9719311678230884],[-79.33619727598217,-2.971810985676033],[-79.33627104126016,-2.971486542799165],[-79.33592012064334,-2.9710250438285577],[-79.33589647487892,-2.969473702737325],[-79.33688827632457,-2.968831922290357],[-79.33760796904757,-2.966184399694624],[-79.33387851373739,-2.964704850030219],[-79.32797711808307,-2.9618570282190686],[-79.32549716960213,-2.960345916749745],[-79.32330170950297,-2.958014523836957],[-79.32262859776553,-2.9569499620169744],[-79.32186546276164,-2.9548217296847095],[-79.32163630309809,-2.952124850185098],[-79.32180613941881,-2.9443788741022967],[-79.32140189046375,-2.9417906059367507],[-79.32130542653988,-2.941483517745581],[-79.32074044037135,-2.9409556206944454],[-79.32010964646227,-2.9396574541425364],[-79.3201427375855,-2.9388487676791586],[-79.31984584361591,-2.9384595328258754],[-79.31936202560922,-2.9384780757445057],[-79.31828934897443,-2.9377335628156414],[-79.31746750974736,-2.937741295534884],[-79.31690513845966,-2.937350996528802],[-79.3153181581386,-2.9373688138981877],[-79.3153203549336,-2.9355538016788074],[-79.31399503415734,-2.93512976064577],[-79.3135501076417,-2.9341781845146464],[-79.31281208498105,-2.933425883021185],[-79.31330010274448,-2.9320327005981976],[-79.31329488877675,-2.9305539577494164],[-79.31352998869136,-2.9298828120892604],[-79.31342493977981,-2.929257802453816],[-79.31278496029928,-2.9279538202501025],[-79.31261302277397,-2.9272232087958217],[-79.31192892634807,-2.9260063401792307],[-79.30990862727721,-2.9266765454283603],[-79.30922816973045,-2.927037244163389],[-79.30828934490415,-2.9268618660044083],[-79.30792369589153,-2.926666623865317],[-79.30723283734093,-2.9266931342177678],[-79.30633050421174,-2.9255063656313265],[-79.30611918521959,-2.924384355582096],[-79.3052355602533,-2.9239634576389553],[-79.30339384606529,-2.9219589569247977],[-79.30209433356329,-2.9216944976121995],[-79.30197949493784,-2.9200630668373653],[-79.30129424636779,-2.9187906550694156],[-79.30147034925429,-2.914544419829833],[-79.3016808129187,-2.9141564464382697],[-79.30167682828399,-2.912166598860076],[-79.30111488038703,-2.911660250467039],[-79.30084731310728,-2.909625594586857],[-79.30010108137144,-2.908076283998183],[-79.29968732569795,-2.907703475363146],[-79.29867281489705,-2.9038662280594116],[-79.29805799102441,-2.9032328960569425],[-79.29721631604548,-2.902785705820062],[-79.2949730281364,-2.9025472393871827],[-79.29364576068772,-2.9014085877687976],[-79.29324012853034,-2.9021564151213477],[-79.29322281804211,-2.9035094822794343],[-79.29185753013147,-2.903763573391628],[-79.29015944186571,-2.9043278665791536],[-79.2891171248651,-2.9048146211735726],[-79.2851289611861,-2.910008390521786],[-79.28449496685157,-2.9106605970787944],[-79.27950199918172,-2.913240562311456],[-79.2789516854452,-2.9136417130785452],[-79.27764746983308,-2.916855325359843],[-79.27553332077431,-2.921399241922713],[-79.27094160762225,-2.928426396641262],[-79.26842246947369,-2.9308844713963493],[-79.26702159678652,-2.9319206608871324],[-79.2650376134231,-2.9330062177689067],[-79.26418683920431,-2.9337920554601813],[-79.26381949063888,-2.9343609081669833],[-79.2629691928959,-2.9348285208139604],[-79.26230278577346,-2.934877746914637],[-79.26019669805986,-2.934129169941557],[-79.2587309928754,-2.9340096366448796],[-79.25799778875272,-2.9341592297768986],[-79.25713081091777,-2.9346435677344234],[-79.25534776623535,-2.935042747278606],[-79.25407880695484,-2.9369500038374095],[-79.25337842243931,-2.9374346105025926],[-79.25188911531274,-2.937885738871837],[-79.25128153106245,-2.938189975434534],[-79.25042511073407,-2.938799011232672],[-79.24984443339534,-2.9395471856718562],[-79.249705509412,-2.9401573552093523],[-79.24918076240954,-2.9404339661140595],[-79.24876550117118,-2.9412933957586174],[-79.24807435287642,-2.942096901284267],[-79.2466932787546,-2.942927058240533],[-79.24644378431123,-2.9436480286707045],[-79.24539337519789,-2.9447838881743227],[-79.24408114696915,-2.9456973834227287],[-79.2431956604521,-2.947249659701812],[-79.24272461511072,-2.9484696788627085],[-79.24283290861088,-2.9498015737998524],[-79.24255544266258,-2.950772216685492],[-79.24058040097445,-2.951989826936441],[-79.23942064179762,-2.9524596192040184],[-79.23914432536104,-2.952708861661482],[-79.23903258980383,-2.9535687945086293],[-79.23883879400103,-2.9539568919862327],[-79.2379816123947,-2.955037559386016],[-79.2377884092538,-2.955065011614819],[-79.23701655890149,-2.9545366020844472],[-79.23618899340737,-2.9543410964308183],[-79.23585827868287,-2.9540631153341916],[-79.23583177372018,-2.953369491961178],[-79.2356114036962,-2.953119421496886],[-79.23481161367836,-2.952812939178851],[-79.23415024230633,-2.9522292741453686],[-79.23409653310414,-2.9512858826407378],[-79.23387612001478,-2.951063578442032],[-79.23297947803874,-2.9509234187299285],[-79.23259383713943,-2.9504788982712724],[-79.2317959709765,-2.948951710927412],[-79.23171538298641,-2.947564347296469],[-79.23155041143006,-2.947175679951784],[-79.2303375402289,-2.9463414115712583],[-79.2299799750015,-2.945591748865424],[-79.22991217663652,-2.9448425357425068],[-79.2289477309988,-2.943953188601491],[-79.2283419452253,-2.943119895342088],[-79.22803918394517,-2.942620013786704],[-79.2279851944246,-2.9418708486853955],[-79.22748890838407,-2.9415926044836262],[-79.2263871832081,-2.9402591288207884],[-79.22613893770678,-2.9402032385127486],[-79.22591800250898,-2.9403138619770446],[-79.22544813331668,-2.94078476298187],[-79.22503384193126,-2.941006053377793],[-79.22370928202442,-2.9410039375983015],[-79.22340532665866,-2.9412531505529964],[-79.22307317751476,-2.9418907271615704],[-79.22282455599844,-2.942056805860839],[-79.22166557262169,-2.9420549516849452],[-79.22052086306239,-2.941747939359567],[-79.22043894143935,-2.941192911150601],[-79.21966649667817,-2.9410529705350084],[-79.21939158994174,-2.9403866579302793],[-79.21842623646073,-2.9400799320448407],[-79.21773858553729,-2.9386916242273715],[-79.21702194293665,-2.938163352140212],[-79.21674656031998,-2.937802231302723],[-79.2164184508089,-2.9358873516917408],[-79.21546696772303,-2.9355529076100164],[-79.21494318011615,-2.935219135967838],[-79.21461204985975,-2.9352186052224654],[-79.2134246254896,-2.93574383655394],[-79.21314868475314,-2.935743393819374],[-79.21292827953921,-2.935521077159183],[-79.21292889605873,-2.9351326839850933],[-79.21262626372456,-2.934549569336662],[-79.21157783679472,-2.934436917971563],[-79.21138494183393,-2.9342701330477667],[-79.21119266376499,-2.9337149489944405],[-79.21022732146534,-2.93340822084847],[-79.20973193498531,-2.932575100158398],[-79.20884837973668,-2.9329066056882205],[-79.20821463440888,-2.9323229594779012],[-79.20709698811052,-2.9323489221979964],[-79.20643516117427,-2.9320704080781064],[-79.20591095705257,-2.9320140836577213],[-79.20397787772755,-2.932926521809461],[-79.20320529550011,-2.9328697767715637],[-79.20265238799679,-2.9335070111803385],[-79.20160361440362,-2.9336162874157634],[-79.20044552068947,-2.933059552112328],[-79.19967322489697,-2.9328363309448067],[-79.19601734986678,-2.9325807443300898],[-79.19505099846666,-2.9329121024074434],[-79.19455430642186,-2.9329112980122423],[-79.1935354917476,-2.931550206362138],[-79.19317711220927,-2.931327677807956],[-79.19270809519782,-2.9312714245671616],[-79.19221080728073,-2.9316312933285142],[-79.19154734276982,-2.9323792817838483],[-79.19118848657689,-2.9324619457961467],[-79.19041628597618,-2.9321832454763888],[-79.1897677112673,-2.932237692141937],[-79.18926965152704,-2.9330969203543567],[-79.18871707194789,-2.933512196005003],[-79.18742024031587,-2.933454581750046],[-79.1861780879246,-2.933702267051864],[-79.18540457505962,-2.934228122393367],[-79.18451954667857,-2.9354751286946796],[-79.18338768685747,-2.9357784755730516],[-79.18222894030745,-2.935637871191417],[-79.18189754703586,-2.9358038027589504],[-79.18099761690667,-2.93771662432779],[-79.18050052272855,-2.937965504518631],[-79.18033459184393,-2.9381871795423025],[-79.17906137934018,-2.9405710308131727],[-79.17886799760382,-2.9407094335705124],[-79.17773685354331,-2.9405688605933817],[-79.17751596433567,-2.9406517440559545],[-79.17730721171071,-2.9417611316856265],[-79.17633923339145,-2.9430912187415856],[-79.17561901815273,-2.9447823945769684],[-79.17506649961518,-2.9451698787767824],[-79.17321644373456,-2.945915923654241],[-79.17142230571405,-2.9462181340268923],[-79.17056546961565,-2.9470767811381915],[-79.16936376253076,-2.947907098604836],[-79.16919595695948,-2.949266256462035],[-79.16878159765973,-2.9495429715443464],[-79.16811899672939,-2.9497361004334213],[-79.16773187157416,-2.950234829880853],[-79.16720701830522,-2.9505668915782084],[-79.16604767953426,-2.9507869241064317],[-79.16544084377477,-2.9506472136131676],[-79.1647791912065,-2.950257689917075],[-79.16453081263853,-2.9502850184178793],[-79.16381244469376,-2.9508386952500643],[-79.16361928764658,-2.9508383751003118],[-79.16246117920879,-2.950309359753782],[-79.16146817642785,-2.950058003539975],[-79.16106815241653,-2.950001834878318],[-79.16004671283693,-2.950277581830143],[-79.15861228941232,-2.949970017152593],[-79.1581155417764,-2.949996931441989],[-79.15679006169071,-2.950577338519038],[-79.15538219407715,-2.9509079103627367],[-79.15328542388951,-2.9506547471744984],[-79.15216900090503,-2.949959292387315],[-79.15112453804636,-2.947460688801855],[-79.15051839722541,-2.946904815381966],[-79.14983009377873,-2.9459603992505485],[-79.1493063876077,-2.94559887262045],[-79.1486162151202,-2.9457919305946123],[-79.1482024921929,-2.945680275474846],[-79.14781694309593,-2.94520799526465],[-79.14712787074217,-2.944735208586254],[-79.14419168010326,-2.943176692422484],[-79.14383373070154,-2.9427044648448626],[-79.14347654224406,-2.941760602908518],[-79.14317588142272,-2.940040045931876],[-79.14232062498978,-2.939927640292097],[-79.14196242691592,-2.939621881640842],[-79.14176971392784,-2.939344126396703],[-79.14128936377142,-2.937817479139623],[-79.14021456599517,-2.936983390616433],[-79.13792813780495,-2.9346491614556167],[-79.13756955670246,-2.934565337279252],[-79.13618932473337,-2.9348959465273783],[-79.13516844839955,-2.9348387400579665],[-79.13469957980284,-2.93469923892764],[-79.13390116546803,-2.933615950872155],[-79.13267371378494,-2.9333364565658946],[-79.13099248673547,-2.9321407128655435],[-79.13046810563318,-2.9321952997847145],[-79.1297501600893,-2.9324992664023317],[-79.12883953124386,-2.9325254839447275],[-79.12776394850371,-2.932190762029334],[-79.12735063900575,-2.9318294189456067],[-79.12688173466458,-2.9317176615001643],[-79.12525192975863,-2.9327968933592956],[-79.12486363211669,-2.9339891804740663],[-79.12464233147513,-2.93432171712874],[-79.12352304188832,-2.9353740249996374],[-79.12247215132724,-2.936759411250933],[-79.12153377862124,-2.9368965242373326],[-79.12098201385166,-2.936812375335464],[-79.12032005295364,-2.9366447909727733],[-79.11941053801756,-2.936005184179786],[-79.11847371876422,-2.9351990708975824],[-79.11720697609323,-2.9336710875332987],[-79.11560786038633,-2.932891594296871],[-79.11454723221856,-2.9318633337159588],[-79.11278157654897,-2.9316661352230136],[-79.1108236184411,-2.9309692678001924],[-79.10969225652894,-2.9309950962947626],[-79.10883724996997,-2.930771709493026],[-79.1084516341426,-2.930354926257356],[-79.10781908157882,-2.9291054342785428],[-79.10765371662686,-2.928994178963036],[-79.10715717798898,-2.9289101136902094],[-79.10667414883117,-2.9289925176920115],[-79.10617697739579,-2.929296853454045],[-79.10540407867103,-2.929461981683414],[-79.10485249475357,-2.9292946050440922],[-79.10419143178832,-2.9285999265569322],[-79.10361207893733,-2.9285434456406003],[-79.10259066909417,-2.928819143345082],[-79.10162635225595,-2.927957477683301],[-79.10055061120764,-2.9277337180639753],[-79.09947453167608,-2.9277041607661674],[-79.0990063336217,-2.927176249615086],[-79.09837208469796,-2.9269532337570134],[-79.09592964166113,-2.9272264985411343],[-79.09540541230264,-2.9271978595045574],[-79.09444032220287,-2.9268078196494494],[-79.09289840237021,-2.9248632408670914],[-79.0919331754751,-2.9245564293496553],[-79.09163001676113,-2.924333989239153],[-79.0905289876793,-2.9227507869691363],[-79.0892192696095,-2.922193719302202],[-79.08831002324713,-2.9214153878135716],[-79.08753767714543,-2.92127536204093],[-79.08486550934884,-2.9187185154585475],[-79.08392764143332,-2.9185504544036407],[-79.08288013501412,-2.9179660565632566],[-79.08224744283191,-2.9168275839410254],[-79.08179459017373,-2.9153842318526886],[-79.08160351382597,-2.9141632493054157],[-79.08157807704005,-2.9128870792849364],[-79.08133091806297,-2.9121930974663988],[-79.08022840932934,-2.911497672561486],[-79.07889097138275,-2.9110237729081567],[-79.07833978905651,-2.9106344714167514],[-79.07751375234749,-2.909634363633404],[-79.07597025248413,-2.90863297764583],[-79.07396016109271,-2.9061882466632905],[-79.07393342446422,-2.905688864305482],[-79.07423867498952,-2.9046629434653957],[-79.07403314396508,-2.9038303303694026],[-79.07458779419837,-2.902166762120987],[-79.07467210761568,-2.901251422756746],[-79.07453593409222,-2.900196995303239],[-79.07503469881831,-2.8989494700924894],[-79.07549393870644,-2.8965921914427195],[-79.07521911809566,-2.895953668011972],[-79.07480559710689,-2.8957310296852423],[-79.07237827307554,-2.895283021900052],[-79.0709159615693,-2.895252779639583],[-79.06981183366197,-2.895528314549473],[-79.06956313193683,-2.8957498217651945],[-79.06898197091772,-2.896775268171035],[-79.06845696552595,-2.897218234272667],[-79.06771237468926,-2.896995033477792],[-79.06721632683275,-2.8966335347264107],[-79.06671993471008,-2.8964939674501786],[-79.06615404533557,-2.8966317149062015],[-79.06585000652963,-2.896936340835371],[-79.06526886096327,-2.8979617889943503],[-79.06383137962348,-2.899568365182014],[-79.06264371762269,-2.900287589707527],[-79.06129081748966,-2.9008123661742222],[-79.06037908725166,-2.9015320548144925],[-79.0587510156338,-2.901612503271633],[-79.05675104047131,-2.9013593674398797],[-79.05633712539921,-2.9013864105946747],[-79.05539825436189,-2.9018286390414034],[-79.05457039948402,-2.901882685978634],[-79.05252986641392,-2.9011578933601103],[-79.05101256619817,-2.901016566800667],[-79.04968941958667,-2.900292992929593],[-79.04952381203177,-2.9003204507367446],[-79.04938876526131,-2.9005855348968588],[-79.04989063696163,-2.901149779351574]]]}},{"type":"Feature","properties":{"name":"SAN JOAQUIN"},"geometry":{"type":"Polygon","coordinates":[[[-79.07083255399061,-2.8781522845277725],[-79.07011963555706,-2.8783368234876474],[-79.06938064765495,-2.8783355674838376],[-79.06924852210646,-2.8784414776208425],[-79.06922171969843,-2.878680271555206],[-79.06943227621136,-2.8790256164685726],[-79.06964328543955,-2.8791055715755753],[-79.07046190343625,-2.8788416039024223],[-79.0703814646317,-2.879584461484117],[-79.0708028972975,-2.8800894019630703],[-79.07084005970057,-2.8815489471681097],[-79.07076020014054,-2.8819468691154095],[-79.07028359867537,-2.882848295839449],[-79.06827553421418,-2.8841716897040777],[-79.0679846438293,-2.884516155218852],[-79.06754720147647,-2.885683004021764],[-79.06683293422434,-2.8866636423590073],[-79.0646930721959,-2.887907176098195],[-79.06350470541295,-2.8883031996900326],[-79.06131436408141,-2.888166739422787],[-79.06065409489202,-2.888430991126144],[-79.0588971061837,-2.889542497360362],[-79.05836916949482,-2.8895946615701757],[-79.0571558885946,-2.889141472828457],[-79.05628506229732,-2.889060362519433],[-79.0549119797655,-2.889456050590588],[-79.05401374036859,-2.8899852316037182],[-79.0496191478439,-2.890136878589953],[-79.04861592561447,-2.8903208896003054],[-79.04824602162957,-2.890559081482619],[-79.0478755800287,-2.891115691312777],[-79.04753201220123,-2.8913804535972396],[-79.04668673517303,-2.8918035709507746],[-79.04639638915488,-2.8918296388385354],[-79.0458956986882,-2.8913776265335676],[-79.04515698534956,-2.8912171401881612],[-79.0434136370004,-2.8920632652231517],[-79.04275369233919,-2.8921417492801056],[-79.04036355632317,-2.8930928987333226],[-79.03840948651106,-2.893699817283299],[-79.03592679259354,-2.8947569497109584],[-79.03576785212772,-2.8951016279253436],[-79.03555319257552,-2.897144507442794],[-79.03571049488106,-2.8977551084987683],[-79.03619762283493,-2.8984193660870883],[-79.03635479444476,-2.8991095492811803],[-79.03753745359856,-2.9020040262658653],[-79.03764147020252,-2.902906420825826],[-79.03812656179969,-2.9047382437936533],[-79.03844299678,-2.90489804190263],[-79.03944646395529,-2.9045813352964895],[-79.04063404079943,-2.904636479396516],[-79.04229831513945,-2.903737121960898],[-79.04266844701135,-2.9033662967828935],[-79.04486013044637,-2.902733242576783],[-79.04578520028551,-2.9019652891341488],[-79.04693412419934,-2.9014631027508972],[-79.04725224475587,-2.9006410371991205],[-79.04743718893296,-2.9005352053578743],[-79.04938876526131,-2.9005855348968588],[-79.04952381203177,-2.9003204507367446],[-79.04968941958667,-2.900292992929593],[-79.05101256619817,-2.901016566800667],[-79.05252986641392,-2.9011578933601103],[-79.05457039948402,-2.901882685978634],[-79.05539825436189,-2.9018286390414034],[-79.05633712539921,-2.9013864105946747],[-79.05675104047131,-2.9013593674398797],[-79.0587510156338,-2.901612503271633],[-79.06037908725166,-2.9015320548144925],[-79.06129081748966,-2.9008123661742222],[-79.06264371762269,-2.900287589707527],[-79.06383137962348,-2.899568365182014],[-79.06526886096327,-2.8979617889943503],[-79.06585000652963,-2.896936340835371],[-79.06615404533557,-2.8966317149062015],[-79.06671993471008,-2.8964939674501786],[-79.06721632683275,-2.8966335347264107],[-79.06771237468926,-2.896995033477792],[-79.06845696552595,-2.897218234272667],[-79.06898197091772,-2.896775268171035],[-79.06956313193683,-2.8957498217651945],[-79.06981183366197,-2.895528314549473],[-79.0709159615693,-2.895252779639583],[-79.07237827307554,-2.895283021900052],[-79.07480559710689,-2.8957310296852423],[-79.07521911809566,-2.895953668011972],[-79.07549393870644,-2.8965921914427195],[-79.07503469881831,-2.8989494700924894],[-79.07453593409222,-2.900196995303239],[-79.07467210761568,-2.901251422756746],[-79.07458779419837,-2.902166762120987],[-79.07403314396508,-2.9038303303694026],[-79.07423867498952,-2.9046629434653957],[-79.07393342446422,-2.905688864305482],[-79.07396016109271,-2.9061882466632905],[-79.07597025248413,-2.90863297764583],[-79.07751375234749,-2.909634363633404],[-79.07833978905651,-2.9106344714167514],[-79.07889097138275,-2.9110237729081567],[-79.08022840932934,-2.911497672561486],[-79.08133091806297,-2.9121930974663988],[-79.08157807704005,-2.9128870792849364],[-79.08160351382597,-2.9141632493054157],[-79.08179459017373,-2.9153842318526886],[-79.08224744283191,-2.9168275839410254],[-79.08288013501412,-2.9179660565632566],[-79.08392764143332,-2.9185504544036407],[-79.08486550934884,-2.9187185154585475],[-79.08753767714543,-2.92127536204093],[-79.08831002324713,-2.9214153878135716],[-79.0892192696095,-2.922193719302202],[-79.0905289876793,-2.9227507869691363],[-79.09163001676113,-2.924333989239153],[-79.0919331754751,-2.9245564293496553],[-79.09289840237021,-2.9248632408670914],[-79.09444032220287,-2.9268078196494494],[-79.09540541230264,-2.9271978595045574],[-79.09592964166113,-2.9272264985411343],[-79.09837208469796,-2.9269532337570134],[-79.0990063336217,-2.927176249615086],[-79.09947453167608,-2.9277041607661674],[-79.10055061120764,-2.9277337180639753],[-79.10162635225595,-2.927957477683301],[-79.10259066909417,-2.928819143345082],[-79.10361207893733,-2.9285434456406003],[-79.10419143178832,-2.9285999265569322],[-79.10485249475357,-2.9292946050440922],[-79.10540407867103,-2.929461981683414],[-79.10617697739579,-2.929296853454045],[-79.10667414883117,-2.9289925176920115],[-79.10715717798898,-2.9289101136902094],[-79.10765371662686,-2.928994178963036],[-79.10781908157882,-2.9291054342785428],[-79.1084516341426,-2.930354926257356],[-79.10883724996997,-2.930771709493026],[-79.10969225652894,-2.9309950962947626],[-79.1108236184411,-2.9309692678001924],[-79.11278157654897,-2.9316661352230136],[-79.11454723221856,-2.9318633337159588],[-79.11560786038633,-2.932891594296871],[-79.11720697609323,-2.9336710875332987],[-79.11847371876422,-2.9351990708975824],[-79.11941053801756,-2.936005184179786],[-79.12032005295364,-2.9366447909727733],[-79.12098201385166,-2.936812375335464],[-79.12153377862124,-2.9368965242373326],[-79.12247215132724,-2.936759411250933],[-79.12352304188832,-2.9353740249996374],[-79.12464233147513,-2.93432171712874],[-79.12486363211669,-2.9339891804740663],[-79.12525192975863,-2.9327968933592956],[-79.12688173466458,-2.9317176615001643],[-79.12735063900575,-2.9318294189456067],[-79.12776394850371,-2.932190762029334],[-79.12883953124386,-2.9325254839447275],[-79.1297501600893,-2.9324992664023317],[-79.13046810563318,-2.9321952997847145],[-79.13099248673547,-2.9321407128655435],[-79.13267371378494,-2.9333364565658946],[-79.13390116546803,-2.933615950872155],[-79.13469957980284,-2.93469923892764],[-79.13516844839955,-2.9348387400579665],[-79.13618932473337,-2.9348959465273783],[-79.13756955670246,-2.934565337279252],[-79.13792813780495,-2.9346491614556167],[-79.14021456599517,-2.936983390616433],[-79.14128936377142,-2.937817479139623],[-79.14176971392784,-2.939344126396703],[-79.14196242691592,-2.939621881640842],[-79.14232062498978,-2.939927640292097],[-79.14317588142272,-2.940040045931876],[-79.14347654224406,-2.941760602908518],[-79.14383373070154,-2.9427044648448626],[-79.14419168010326,-2.943176692422484],[-79.14712787074217,-2.944735208586254],[-79.14781694309593,-2.94520799526465],[-79.1482024921929,-2.945680275474846],[-79.1486162151202,-2.9457919305946123],[-79.1493063876077,-2.94559887262045],[-79.14983009377873,-2.9459603992505485],[-79.15051839722541,-2.946904815381966],[-79.15112453804636,-2.947460688801855],[-79.15216900090503,-2.949959292387315],[-79.15328542388951,-2.9506547471744984],[-79.15485790150889,-2.950907037278567],[-79.15612752694396,-2.950742725209966],[-79.1581155417764,-2.949996931441989],[-79.15861228941232,-2.949970017152593],[-79.16004671283693,-2.950277581830143],[-79.16106815241653,-2.950001834878318],[-79.16146817642785,-2.950058003539975],[-79.16246117920879,-2.950309359753782],[-79.16361928764658,-2.9508383751003118],[-79.16381244469376,-2.9508386952500643],[-79.16453081263853,-2.9502850184178793],[-79.1647791912065,-2.950257689917075],[-79.16544084377477,-2.9506472136131676],[-79.16604767953426,-2.9507869241064317],[-79.16671005370902,-2.9507325152477817],[-79.16753841673372,-2.9504009748502886],[-79.16811899672939,-2.9497361004334213],[-79.16878159765973,-2.9495429715443464],[-79.16919595695948,-2.949266256462035],[-79.16936376253076,-2.947907098604836],[-79.17056546961565,-2.9470767811381915],[-79.17142230571405,-2.9462181340268923],[-79.17321644373456,-2.945915923654241],[-79.17506649961518,-2.9451698787767824],[-79.17561901815273,-2.9447823945769684],[-79.17633923339145,-2.9430912187415856],[-79.17730721171071,-2.9417611316856265],[-79.17751596433567,-2.9406517440559545],[-79.17773685354331,-2.9405688605933817],[-79.17886799760382,-2.9407094335705124],[-79.17906137934018,-2.9405710308131727],[-79.18033459184393,-2.9381871795423025],[-79.18050052272855,-2.937965504518631],[-79.18099761690667,-2.93771662432779],[-79.18189754703586,-2.9358038027589504],[-79.18222894030745,-2.935637871191417],[-79.18338768685747,-2.9357784755730516],[-79.18451954667857,-2.9354751286946796],[-79.18540457505962,-2.934228122393367],[-79.1861780879246,-2.933702267051864],[-79.18742024031587,-2.933454581750046],[-79.18871707194789,-2.933512196005003],[-79.18926965152704,-2.9330969203543567],[-79.1897677112673,-2.932237692141937],[-79.19041628597618,-2.9321832454763888],[-79.19118848657689,-2.9324619457961467],[-79.19154734276982,-2.9323792817838483],[-79.19221080728073,-2.9316312933285142],[-79.19270809519782,-2.9312714245671616],[-79.19317711220927,-2.931327677807956],[-79.1935354917476,-2.931550206362138],[-79.19455430642186,-2.9329112980122423],[-79.19505099846666,-2.9329121024074434],[-79.19601734986678,-2.9325807443300898],[-79.19967322489697,-2.9328363309448067],[-79.20044552068947,-2.933059552112328],[-79.20160361440362,-2.9336162874157634],[-79.20265238799679,-2.9335070111803385],[-79.20320529550011,-2.9328697767715637],[-79.20397787772755,-2.932926521809461],[-79.20591095705257,-2.9320140836577213],[-79.20643516117427,-2.9320704080781064],[-79.20709698811052,-2.9323489221979964],[-79.20821463440888,-2.9323229594779012],[-79.20884837973668,-2.9329066056882205],[-79.20973193498531,-2.932575100158398],[-79.21022732146534,-2.93340822084847],[-79.21119266376499,-2.9337149489944405],[-79.21138494183393,-2.9342701330477667],[-79.21157783679472,-2.934436917971563],[-79.21262626372456,-2.934549569336662],[-79.21292889605873,-2.9351326839850933],[-79.21292827953921,-2.935521077159183],[-79.21314868475314,-2.935743393819374],[-79.2134246254896,-2.93574383655394],[-79.21461204985975,-2.9352186052224654],[-79.21494318011615,-2.935219135967838],[-79.21546696772303,-2.9355529076100164],[-79.2164184508089,-2.9358873516917408],[-79.21674656031998,-2.937802231302723],[-79.21702194293665,-2.938163352140212],[-79.21773858553729,-2.9386916242273715],[-79.21842623646073,-2.9400799320448407],[-79.21939158994174,-2.9403866579302793],[-79.21966649667817,-2.9410529705350084],[-79.22043894143935,-2.941192911150601],[-79.22052086306239,-2.941747939359567],[-79.22166557262169,-2.9420549516849452],[-79.22282455599844,-2.942056805860839],[-79.22307317751476,-2.9418907271615704],[-79.22340532665866,-2.9412531505529964],[-79.22370928202442,-2.9410039375983015],[-79.22503384193126,-2.941006053377793],[-79.22544813331668,-2.94078476298187],[-79.22591800250898,-2.9403138619770446],[-79.22613893770678,-2.9402032385127486],[-79.2263871832081,-2.9402591288207884],[-79.22748890838407,-2.9415926044836262],[-79.2279851944246,-2.9418708486853955],[-79.22803918394517,-2.942620013786704],[-79.2283419452253,-2.943119895342088],[-79.2289477309988,-2.943953188601491],[-79.22991217663652,-2.9448425357425068],[-79.2299799750015,-2.945591748865424],[-79.2303375402289,-2.9463414115712583],[-79.23155041143006,-2.947175679951784],[-79.23171538298641,-2.947564347296469],[-79.2317959709765,-2.948951710927412],[-79.23259383713943,-2.9504788982712724],[-79.23297947803874,-2.9509234187299285],[-79.23387612001478,-2.951063578442032],[-79.23409653310414,-2.9512858826407378],[-79.23415024230633,-2.9522292741453686],[-79.23481161367836,-2.952812939178851],[-79.2356114036962,-2.953119421496886],[-79.23583177372018,-2.953369491961178],[-79.23585827868287,-2.9540631153341916],[-79.23618899340737,-2.9543410964308183],[-79.23701655890149,-2.9545366020844472],[-79.2377884092538,-2.955065011614819],[-79.2379816123947,-2.955037559386016],[-79.23903258980383,-2.9535687945086293],[-79.23914432536104,-2.952708861661482],[-79.239669247773,-2.952321309302939],[-79.24058040097445,-2.951989826936441],[-79.24255544266258,-2.950772216685492],[-79.24283290861088,-2.9498015737998524],[-79.24272461511072,-2.9484696788627085],[-79.2431956604521,-2.947249659701812],[-79.24408114696915,-2.9456973834227287],[-79.24539337519789,-2.9447838881743227],[-79.24644378431123,-2.9436480286707045],[-79.2466932787546,-2.942927058240533],[-79.24807435287642,-2.942096901284267],[-79.24876550117118,-2.9412933957586174],[-79.24918076240954,-2.9404339661140595],[-79.249705509412,-2.9401573552093523],[-79.24984443339534,-2.9395471856718562],[-79.25042511073407,-2.938799011232672],[-79.25128153106245,-2.938189975434534],[-79.25188911531274,-2.937885738871837],[-79.25337842243931,-2.9374346105025926],[-79.25407880695484,-2.9369500038374095],[-79.25534776623535,-2.935042747278606],[-79.25713081091777,-2.9346435677344234],[-79.25799778875272,-2.9341592297768986],[-79.2587309928754,-2.9340096366448796],[-79.26019669805986,-2.934129169941557],[-79.26230278577346,-2.934877746914637],[-79.2629691928959,-2.9348285208139604],[-79.26381949063888,-2.9343609081669833],[-79.26418683920431,-2.9337920554601813],[-79.2650376134231,-2.9330062177689067],[-79.26702159678652,-2.9319206608871324],[-79.26842246947369,-2.9308844713963493],[-79.27094160762225,-2.928426396641262],[-79.27553332077431,-2.921399241922713],[-79.27764746983308,-2.916855325359843],[-79.2789516854452,-2.9136417130785452],[-79.27950199918172,-2.913240562311456],[-79.28449496685157,-2.9106605970787944],[-79.2851289611861,-2.910008390521786],[-79.2891171248651,-2.9048146211735726],[-79.28898786635322,-2.904854538770859],[-79.28853403635969,-2.9042259213495685],[-79.28800642528142,-2.9029489438563147],[-79.28727810613046,-2.9020536910788053],[-79.28711026220918,-2.9007772594421475],[-79.28568072890016,-2.899020095572717],[-79.28380137597179,-2.8976351386961374],[-79.28332878946907,-2.8978924207099848],[-79.28268438856504,-2.896332763526067],[-79.28163526692671,-2.8948432260363703],[-79.2811407738103,-2.894614151404567],[-79.28059406734613,-2.8939970508969206],[-79.28019748084395,-2.8926988046699647],[-79.28029305268038,-2.8911265901275356],[-79.28067463799002,-2.890423078954103],[-79.28069264700007,-2.8895323844729606],[-79.28122793150449,-2.888042581949124],[-79.28161260720466,-2.8869880379205144],[-79.28213503570399,-2.8860620313941787],[-79.28207981066102,-2.8851062502335787],[-79.28282981331675,-2.8847615003387563],[-79.28412498022347,-2.8828328314486518],[-79.2840554249198,-2.8811600208478247],[-79.28462244945965,-2.880346426239267],[-79.28499985234967,-2.879363746210152],[-79.28642957513324,-2.8783237893002545],[-79.28862583067911,-2.877115069307095],[-79.28872309095061,-2.8767167058782626],[-79.28766642057948,-2.8754472499207036],[-79.28768966141321,-2.874380316940438],[-79.2867913194635,-2.8732579502379263],[-79.28682661537135,-2.8708563738528183],[-79.2865401302427,-2.868770277690374],[-79.28589886681594,-2.866529838708869],[-79.28612748418031,-2.8659148757014647],[-79.28704945185478,-2.86561560252173],[-79.28735552205252,-2.864838748882105],[-79.28773088759587,-2.8613220964981085],[-79.2876929636927,-2.858818170173344],[-79.28727808244794,-2.8577623794080966],[-79.28644726551968,-2.856387791354111],[-79.28608235525373,-2.8553320950461423],[-79.28621851820374,-2.8539671665685336],[-79.28599299600118,-2.850283237151845],[-79.28520545177905,-2.848870697649824],[-79.2848821383391,-2.848557425294204],[-79.2839566096004,-2.846702147099461],[-79.28324352693797,-2.8470420421569584],[-79.28268853731575,-2.8479662796360032],[-79.28215738666908,-2.8484778549302066],[-79.28159948797693,-2.8495855511046],[-79.28161961975987,-2.8506552337762083],[-79.28129857097376,-2.850990213029195],[-79.27998582849843,-2.8518820780401777],[-79.2778221910007,-2.852115153713071],[-79.27679004260321,-2.8526478572562386],[-79.27533918786995,-2.852675432054923],[-79.27423137522628,-2.8519427365769086],[-79.27403642839299,-2.8509784453878093],[-79.27405892399992,-2.8499456091954114],[-79.27281368690998,-2.8496227711027466],[-79.27152982194559,-2.849935403415307],[-79.27058416241145,-2.850654641160829],[-79.27008990175644,-2.8506565928073795],[-79.26916934545226,-2.8510237370165807],[-79.26776810984498,-2.8524857614725376],[-79.26756917488417,-2.8522769133373607],[-79.2670364637969,-2.8522870513096805],[-79.26644083355474,-2.851977384625368],[-79.26492498244725,-2.8516775044604765],[-79.26400185029203,-2.851197550182118],[-79.25893708831036,-2.8510052041917753],[-79.25870276787924,-2.850032330322163],[-79.25812006132804,-2.84946772279929],[-79.25966091147708,-2.848108936129015],[-79.26038075296142,-2.8478752519783286],[-79.25966758750877,-2.8460479051846534],[-79.25984564652467,-2.844853769963762],[-79.26020643991522,-2.8441521775514964],[-79.26001431525617,-2.8431350843567755],[-79.2585154836201,-2.8423558754406972],[-79.25813031303734,-2.8435432869581385],[-79.25751334869406,-2.8432225266249382],[-79.25664319067381,-2.843007863392843],[-79.25589559121559,-2.8424966510178638],[-79.25499290380691,-2.842318053850712],[-79.25481690762564,-2.842133304834059],[-79.25420343449845,-2.8419321407111124],[-79.25381472622114,-2.84072148917099],[-79.2532741885104,-2.8404568083138138],[-79.25243800213318,-2.8390355771066553],[-79.2508346310567,-2.838499623479075],[-79.25003379090816,-2.8385148402306326],[-79.249423908088,-2.8376072441935216],[-79.24942938353057,-2.8373558863109176],[-79.24916375673529,-2.8384394572602787],[-79.24837015761771,-2.8396059774398306],[-79.24710108098844,-2.8410371449324745],[-79.24641415535618,-2.841487252495117],[-79.24527857734657,-2.8419101465574634],[-79.24443376063053,-2.842041562798892],[-79.24171511898997,-2.842063913346172],[-79.24068544107445,-2.8422746795372373],[-79.23887109934607,-2.846465035988664],[-79.2381286116642,-2.8487197085883755],[-79.23786269833938,-2.8500197188904486],[-79.23710849542425,-2.851318952761995],[-79.2365004206578,-2.851981496876557],[-79.23560051488238,-2.8536255230860683],[-79.23468613362293,-2.8560922107760196],[-79.23426261386501,-2.8568877151725456],[-79.23288840460839,-2.858000228848431],[-79.23122500072172,-2.8583692046100646],[-79.22929788349283,-2.8585785302838085],[-79.22832081751008,-2.858895481571722],[-79.22516404909821,-2.8606156100688644],[-79.22434500248326,-2.8611451339927876],[-79.2237633877862,-2.861754559888284],[-79.22286316779451,-2.863584357036116],[-79.22259770385834,-2.8645658624971144],[-79.22234370304449,-2.8666885610447785],[-79.22228825559621,-2.8684134956256595],[-79.2219299553306,-2.8696867902991765],[-79.22081782724358,-2.8719938994889413],[-79.2202359563093,-2.872762625820948],[-79.21960984487255,-2.8765301207207257],[-79.21833817110254,-2.8795800707727843],[-79.21766362152904,-2.88053439977177],[-79.2173441224586,-2.8823119762877583],[-79.21646894011164,-2.884990996309833],[-79.21579450147892,-2.8858656931301048],[-79.21537193575696,-2.8860242648974603],[-79.2151871643696,-2.8860239737745057],[-79.2141324085852,-2.885358853124384],[-79.21371013299785,-2.8853316405272573],[-79.21307632962076,-2.88554294684963],[-79.2122044895779,-2.886072344981618],[-79.2112807072421,-2.8860443586453446],[-79.21096422014354,-2.8858846218047067],[-79.21043747406385,-2.8851672391704626],[-79.21012179150412,-2.884476749536811],[-79.20988453658734,-2.8842906099740544],[-79.20940948165513,-2.8842633127202366],[-79.20890834945313,-2.88402368775029],[-79.20766764077997,-2.8841278823254117],[-79.20744358497214,-2.8839417444662585],[-79.20636177818483,-2.883701200380787],[-79.20601861822868,-2.8837271852376563],[-79.20559563882094,-2.884151131881079],[-79.20361628703823,-2.8839887602267806],[-79.20343166081736,-2.883908865225761],[-79.20343195206189,-2.8837230888671406],[-79.20398713878392,-2.883140129075749],[-79.20398742984078,-2.8829543652898773],[-79.20375001684862,-2.8828743678726974],[-79.20074056571003,-2.88316152864906],[-79.19979061622347,-2.8830007910779503],[-79.19808826970146,-2.8829450064027995],[-79.1978769434748,-2.8830508257228478],[-79.19745342702714,-2.8838197535329457],[-79.19718915317051,-2.8840316371826082],[-79.19655556218531,-2.8841102566575163],[-79.1959226816256,-2.883737710047868],[-79.19544774367304,-2.883630805425519],[-79.19484181636956,-2.882913289933212],[-79.19397125042482,-2.8826199982043264],[-79.19141132902375,-2.882403590057499],[-79.19073820677599,-2.882455622239818],[-79.19035856001003,-2.8828467158654814],[-79.19008851180442,-2.8826934163018167],[-79.18983495792669,-2.882811899541712],[-79.18966625502738,-2.882658780638233],[-79.18939572878061,-2.882828194939898],[-79.1890582125668,-2.8826238292247246],[-79.18860161499865,-2.8829458082551427],[-79.18836561318653,-2.8826227230223966],[-79.18792664666088,-2.8824691469867436],[-79.18735207443693,-2.882621103461583],[-79.18714992944604,-2.882264117048064],[-79.18676144308584,-2.8822464994477954],[-79.18652549577122,-2.881889446413811],[-79.18546188058563,-2.881514111233942],[-79.18396360790123,-2.880594562333543],[-79.18251425329873,-2.879132628934712],[-79.18225161931183,-2.8783095462650032],[-79.18003628635554,-2.8771913834426615],[-79.1796937805418,-2.876792777423132],[-79.17916619117487,-2.8766061704372228],[-79.17787292260647,-2.8766040975568075],[-79.17747757130766,-2.876231927856733],[-79.17702884069554,-2.876257735646186],[-79.17697639174695,-2.876045356275163],[-79.17681815454023,-2.875965469656078],[-79.17652754124376,-2.8761507902006054],[-79.1763698685405,-2.8756993941969524],[-79.17581560907948,-2.875698504912395],[-79.17557902030926,-2.8750877484502007],[-79.17497163865147,-2.875299068714507],[-79.17375797598145,-2.875005217586811],[-79.17325644226489,-2.8750309393279556],[-79.1726367722559,-2.8746584341377677],[-79.1723735975172,-2.8741803102214787],[-79.17210978390361,-2.8741002347156726],[-79.17197809963791,-2.873914299992021],[-79.17234841396952,-2.87343720670416],[-79.17226953853573,-2.8732247789748095],[-79.17182098530418,-2.873144450978258],[-79.17160928240679,-2.873489117975844],[-79.17129264139679,-2.8734355101266065],[-79.1710554646063,-2.8731962816961434],[-79.17097709755075,-2.8726919466975596],[-79.16952577069506,-2.872477306076294],[-79.16905160627849,-2.871892714984427],[-79.16894603561178,-2.871892545166323],[-79.16865457901879,-2.8726085852488117],[-79.16844342504393,-2.872608245424245],[-79.16831161497923,-2.8725018798416486],[-79.16828582317683,-2.872130329743732],[-79.16860309677725,-2.87178584632234],[-79.16844494575922,-2.8716528858558013],[-79.16796969023379,-2.8717582745187644],[-79.16778525772747,-2.8715456708734006],[-79.16768036312813,-2.8711209010925045],[-79.16709903035604,-2.87154456622093],[-79.16691438848135,-2.871491189090286],[-79.1667565571028,-2.871145941318923],[-79.16625497833088,-2.8711982260494042],[-79.16617677601047,-2.8705877201525687],[-79.1659656712416,-2.8705608529150815],[-79.16538446570742,-2.8709048974685727],[-79.16512065412942,-2.8708248779786425],[-79.16509497119303,-2.8703736774104565],[-79.16491051609107,-2.870187632577847],[-79.16360242720916,-2.871193950771175],[-79.16294346162712,-2.8706355822821044],[-79.16267952988561,-2.8706351564791084],[-79.16278425298057,-2.8711660783358575],[-79.16262555243438,-2.871378134749143],[-79.16193961752444,-2.8711912675693365],[-79.16035625715202,-2.871029484031108],[-79.1598554623916,-2.870604075698432],[-79.15916885674163,-2.870841798965977],[-79.1591163200991,-2.870682481542985],[-79.15951306537563,-2.870152383548069],[-79.15935482516976,-2.8700725147328567],[-79.15922261136531,-2.8702315209327747],[-79.1588793409899,-2.8703105728367047],[-79.15829891246045,-2.8701769606985286],[-79.15795559500945,-2.870309079152723],[-79.15774355721696,-2.8708660336808083],[-79.15703130206613,-2.8706260294944843],[-79.15650143637662,-2.871872458539639],[-79.15634274136464,-2.8720844943226242],[-79.15606560618309,-2.8720840453832888],[-79.15585482401876,-2.8718448587522207],[-79.15601389058851,-2.871420518272656],[-79.15582960795786,-2.871128295134502],[-79.15572522225791,-2.8703850888361226],[-79.15503934042142,-2.8701716852584442],[-79.15374613149244,-2.870116510244204],[-79.15234616164392,-2.870804221730158],[-79.14871520902531,-2.8719659676934026],[-79.14789627257663,-2.8724157712992895],[-79.14702384936508,-2.8733166476872314],[-79.14609989839322,-2.8734212882637435],[-79.14594127501852,-2.873580235800582],[-79.14588794034198,-2.8739251447481875],[-79.14557113378487,-2.8739777074900434],[-79.14530620675713,-2.874587623007744],[-79.14166212260537,-2.875696246084919],[-79.14085635041721,-2.876172614739087],[-79.14030182530817,-2.8763309193787236],[-79.14001154939731,-2.8763039174768084],[-79.13885148951054,-2.8755324488175713],[-79.13882461505287,-2.875824301363927],[-79.13869252774796,-2.875903678298846],[-79.13829696514475,-2.8756907398698295],[-79.13705592131836,-2.8760337008400483],[-79.13618519360176,-2.875873042963666],[-79.13428463547203,-2.876002603239628],[-79.13359890513917,-2.87570958177749],[-79.13210786581077,-2.875600981452128],[-79.13049881977399,-2.875014520870499],[-79.12968042505445,-2.8751458717529625],[-79.12952184996156,-2.875278282393325],[-79.12738411929185,-2.8751951201353605],[-79.12693527085274,-2.875300575927416],[-79.1266972936213,-2.8755655390511374],[-79.12645968118717,-2.8756182324045616],[-79.12517985322926,-2.875456880353149],[-79.12393895760488,-2.875720225962477],[-79.1221988701364,-2.874576266433524],[-79.12159207928507,-2.8744160225850717],[-79.1210392253039,-2.873565923551311],[-79.11945672884586,-2.8728998728065602],[-79.11877155473469,-2.872261850129747],[-79.11792763315813,-2.8718624050690376],[-79.11716252511093,-2.8716753718818224],[-79.11633188324845,-2.8712228762527245],[-79.11577773174987,-2.8711688873016885],[-79.1149864231284,-2.870875634338327],[-79.1145646193616,-2.8705830624038926],[-79.1136431628672,-2.8691750706807935],[-79.11293134573376,-2.86869621962125],[-79.11285337183293,-2.8679530524376666],[-79.11256332674793,-2.8677933502197526],[-79.10960794634526,-2.8674169376121945],[-79.10716636762959,-2.867572114146156],[-79.10407880687144,-2.867328157803219],[-79.10363029640055,-2.867221268620329],[-79.10270761160452,-2.8665828366391133],[-79.10239090053643,-2.8665823096579652],[-79.10133458339592,-2.8669520711194276],[-79.10012109797405,-2.866605056597397],[-79.09804927043672,-2.8666281544321413],[-79.09773235996246,-2.866733756040516],[-79.09752051484098,-2.867158011881622],[-79.09733567118359,-2.8672107811559897],[-79.09606909355533,-2.8670494399529307],[-79.09569933762388,-2.867208049173976],[-79.09451006472385,-2.8681878974797197],[-79.09348052531173,-2.8683188760660543],[-79.09250350554943,-2.8686091363220405],[-79.09189680090113,-2.868422374383911],[-79.09130275383886,-2.868554048190985],[-79.0897707637975,-2.8692945092827946],[-79.08929560536434,-2.869346783644852],[-79.08802947313562,-2.868920071474936],[-79.08771311655674,-2.868707249793493],[-79.08697571962759,-2.867750694474328],[-79.08668499647905,-2.8679890485179427],[-79.08642028359759,-2.868466269083449],[-79.08465111659903,-2.868994026142083],[-79.08406991497803,-2.869338007339794],[-79.08341053284634,-2.869071537003974],[-79.08260548950791,-2.8691232597741494],[-79.08199717369578,-2.8698917992247406],[-79.08109898549947,-2.870394463227235],[-79.08075477033904,-2.8710838364507785],[-79.07967119357419,-2.871957719693419],[-79.0789566122637,-2.873150674120938],[-79.07816462580983,-2.8732820041648535],[-79.0771621556586,-2.873014943744991],[-79.07671329791596,-2.873120332957875],[-79.0762364158007,-2.8742075309055526],[-79.07511381322193,-2.8747628898370396],[-79.07432186504127,-2.8748676903413286],[-79.07384640279874,-2.8751056809750937],[-79.07260386089013,-2.876350820607664],[-79.07191621109314,-2.877225341494737],[-79.07083255399061,-2.8781522845277725]]]}},{"type":"Feature","properties":{"name":"SAYAUSI"},"geometry":{"type":"Polygon","coordinates":[[[-79.15710027913103,-2.732792681807348],[-79.15500476191423,-2.733567897966106],[-79.15444250560873,-2.7341987502854113],[-79.1527803591895,-2.7346382377011516],[-79.15228411496066,-2.734366100873635],[-79.15137505811686,-2.7341940260469766],[-79.15031772750929,-2.7332466798738766],[-79.14745141298815,-2.7322094034714604],[-79.14611678397834,-2.7320283042679985],[-79.14488889279058,-2.732327052031562],[-79.14108560266955,-2.7342279753819065],[-79.14043966224706,-2.734717536159408],[-79.13961999839546,-2.7356023992408143],[-79.13820858864683,-2.7375228589251575],[-79.13691716592248,-2.738201303588722],[-79.13460389383698,-2.738197690944406],[-79.13218750839069,-2.738739834477311],[-79.13011014858532,-2.7388315285497216],[-79.12650504379377,-2.739775323329992],[-79.12423123023949,-2.739700551521444],[-79.1239478100722,-2.739810861160036],[-79.12319117486618,-2.74063250358593],[-79.12133262495011,-2.7416898226387176],[-79.11974276664812,-2.742003810572868],[-79.11931022558721,-2.7418686193046318],[-79.11836562404652,-2.7421361211884294],[-79.11690226587761,-2.7420546852867433],[-79.11491837769294,-2.7427478338757303],[-79.11444653841149,-2.7425888376089436],[-79.11384959867178,-2.7419232768608093],[-79.11277243743339,-2.741423126030421],[-79.1111990749645,-2.741262372463586],[-79.11017556060051,-2.7416563743016056],[-79.10908947272692,-2.7418445311888946],[-79.10838055383041,-2.74234977133182],[-79.10779729096423,-2.742997631927813],[-79.10611665917322,-2.7459935972182565],[-79.10525820503625,-2.751514801658833],[-79.10508473027062,-2.751751892056423],[-79.10448273287052,-2.7542827431843953],[-79.10390585942265,-2.7558721541366444],[-79.10310111194855,-2.7572475354766337],[-79.1021469646323,-2.758551490300791],[-79.10120127438707,-2.759515237184079],[-79.09987678299234,-2.761174633473287],[-79.09769152359985,-2.76478688384351],[-79.09612036368958,-2.7681469306737005],[-79.09544204922902,-2.7691901941197896],[-79.09387410184881,-2.7705406015766423],[-79.09095975504594,-2.7724664077736723],[-79.08952576745938,-2.7736825448905287],[-79.08899692898025,-2.7747339606914783],[-79.08855335742037,-2.776568780327042],[-79.08797027733829,-2.77707421093202],[-79.08603331175307,-2.7779255442251714],[-79.0850801419799,-2.7786123200032447],[-79.08426023273314,-2.779607878980735],[-79.08345410935479,-2.781821914362948],[-79.08227271029939,-2.7825320340910698],[-79.08030424921134,-2.783383297398464],[-79.0786982440526,-2.7839186684326847],[-79.07629024567268,-2.784104632417354],[-79.07237204189543,-2.783987428666267],[-79.07059582792685,-2.7875844169720048],[-79.06563661055532,-2.7941453040581004],[-79.06506119955165,-2.7944990398165546],[-79.0635069089229,-2.794246873036703],[-79.06223930430129,-2.7944680952344054],[-79.06167704006818,-2.7947561675717143],[-79.06045342870732,-2.796021833437243],[-79.06022956716855,-2.7970986828140947],[-79.05992811686835,-2.7976893514376324],[-79.05995254085711,-2.798727177743372],[-79.05974914766983,-2.79927202467254],[-79.05973340548474,-2.8009009530476097],[-79.0593672324522,-2.8011105285683],[-79.05841139336916,-2.802409466278995],[-79.05748914175716,-2.803136994300125],[-79.05657428588152,-2.803332549033141],[-79.0562995226292,-2.8035816908366393],[-79.05501923946917,-2.8035532827652205],[-79.05454868414105,-2.803696999024351],[-79.05368676159578,-2.8034722339694786],[-79.05354263878736,-2.8037347292391175],[-79.05334667356166,-2.8037344020427417],[-79.05279179692774,-2.803516723625934],[-79.05177230386833,-2.803790886262784],[-79.05148449761383,-2.8040268552507897],[-79.05066125485398,-2.804117434075065],[-79.05024340446397,-2.803998507172735],[-79.04974659976632,-2.804207865603122],[-79.04897578303762,-2.8042197121195587],[-79.04883140129206,-2.804626693781702],[-79.04842632028445,-2.8046785865530444],[-79.0478493972428,-2.8059255814191952],[-79.04722752384225,-2.8067193119387692],[-79.04660009022375,-2.806915312351879],[-79.04611668827866,-2.806927637793341],[-79.04567287191529,-2.8067035676739494],[-79.04525465772794,-2.806781690576814],[-79.04513692619851,-2.806873447833196],[-79.045096555277,-2.807582765177819],[-79.04373701743606,-2.808079664735105],[-79.04359272027779,-2.808434104980824],[-79.0435324344684,-2.8093338721614565],[-79.04296999073047,-2.809740154459392],[-79.0422367667115,-2.8106978644178495],[-79.04239244506057,-2.811354971171051],[-79.04230066642903,-2.811551887716602],[-79.04205215938165,-2.811722235926404],[-79.04150328173795,-2.8118264087325415],[-79.04012313548924,-2.812637141931631],[-79.03994423745675,-2.8137274619768644],[-79.03945761040954,-2.813515189555214],[-79.03913663575503,-2.8135146478575375],[-79.03835001004907,-2.813991874850224],[-79.03738676433913,-2.8141905518062225],[-79.03702109400244,-2.8144459094574477],[-79.0356701742097,-2.814822002337968],[-79.03501188918652,-2.8146706734215075],[-79.03457938192857,-2.815181854044389],[-79.03392655931574,-2.815069469012771],[-79.03352720919855,-2.815614088885968],[-79.0335374431643,-2.816103781413313],[-79.03277321075736,-2.816436357143032],[-79.03277250170198,-2.8168592567566986],[-79.03262843784182,-2.8169703048545536],[-79.0322334026947,-2.8182327667279714],[-79.03165673474037,-2.818899510257807],[-79.040904781723,-2.830485108889005],[-79.04103086168426,-2.831409359282979],[-79.04062068559249,-2.8324481605815692],[-79.04015995177997,-2.833191749166507],[-79.04000575061404,-2.8338203149009162],[-79.04000488776732,-2.834333654783627],[-79.04055184931373,-2.8354510934801835],[-79.04069103796067,-2.836157176255014],[-79.04040251488777,-2.8377077117763316],[-79.0397463802382,-2.8391476100696535],[-79.0398704653845,-2.8401084873171683],[-79.03959339827942,-2.840411389550489],[-79.03964308820227,-2.840765423327609],[-79.04013307895876,-2.8409432073629812],[-79.04045906977088,-2.8414493864083132],[-79.03990380743446,-2.8427124869180385],[-79.03992805544328,-2.8432434330709864],[-79.04022890935941,-2.843745698246977],[-79.04051615988152,-2.8438374414986205],[-79.04537273085045,-2.8476432681918915],[-79.04703648623673,-2.8491353402419306],[-79.05031551775616,-2.8515981645324273],[-79.05241085231809,-2.8533391746030343],[-79.05284205521221,-2.8538115128596004],[-79.05431726316964,-2.857338554151847],[-79.05607235002806,-2.8632488887530254],[-79.05516964809979,-2.864240191127689],[-79.05492086903949,-2.8653815226157437],[-79.05467376377044,-2.8655300297199386],[-79.05425434431795,-2.865380385994166],[-79.05358749726103,-2.86557783640846],[-79.05235153227069,-2.8665685207021854],[-79.0521532522301,-2.86703978069143],[-79.0518653285942,-2.869422089290827],[-79.0512210095596,-2.870885422993587],[-79.05124477053708,-2.871431491362127],[-79.05149055776906,-2.8720772589725088],[-79.0515873659667,-2.873219184071171],[-79.05211533599451,-2.8748582478057974],[-79.05213846510308,-2.8757766579807424],[-79.05243376666395,-2.8763232109685646],[-79.05267843464014,-2.877614305864122],[-79.0526280109908,-2.878234752682786],[-79.0524546220046,-2.878581933490621],[-79.05244108747578,-2.8792768791450114],[-79.05305740594002,-2.8797743869538843],[-79.0547602816602,-2.880050317658772],[-79.05599463530824,-2.880027605805579],[-79.05683442554209,-2.8797560007095395],[-79.05715564064546,-2.8795828267824244],[-79.05777397931655,-2.8788888885533295],[-79.05883605404189,-2.878543218991049],[-79.06017025488906,-2.877875334584767],[-79.06102350174834,-2.8769584287059433],[-79.06206044580657,-2.876860890680796],[-79.06326952317572,-2.877185643616774],[-79.06445446633197,-2.8771876629214814],[-79.0658358037405,-2.877835355034155],[-79.0671933352079,-2.877961749524251],[-79.07009573432494,-2.876924207863618],[-79.07071294818893,-2.8769004417579236],[-79.0711888680385,-2.877856640451569],[-79.07191621109314,-2.877225341494737],[-79.07260386089013,-2.876350820607664],[-79.07384640279874,-2.8751056809750937],[-79.07432186504127,-2.8748676903413286],[-79.07511381322193,-2.8747628898370396],[-79.0762364158007,-2.8742075309055526],[-79.07671329791596,-2.873120332957875],[-79.0771621556586,-2.873014943744991],[-79.07816462580983,-2.8732820041648535],[-79.0789566122637,-2.873150674120938],[-79.07967119357419,-2.871957719693419],[-79.08075477033904,-2.8710838364507785],[-79.08109898549947,-2.870394463227235],[-79.08199717369578,-2.8698917992247406],[-79.08260548950791,-2.8691232597741494],[-79.08341053284634,-2.869071537003974],[-79.08406991497803,-2.869338007339794],[-79.08465111659903,-2.868994026142083],[-79.08642028359759,-2.868466269083449],[-79.08668499647905,-2.8679890485179427],[-79.08697571962759,-2.867750694474328],[-79.08771311655674,-2.868707249793493],[-79.08860967446238,-2.8691864132731517],[-79.08929560536434,-2.869346783644852],[-79.0897707637975,-2.8692945092827946],[-79.09130275383886,-2.868554048190985],[-79.09189680090113,-2.868422374383911],[-79.09250350554943,-2.8686091363220405],[-79.09348052531173,-2.8683188760660543],[-79.09451006472385,-2.8681878974797197],[-79.09569933762388,-2.867208049173976],[-79.09606909355533,-2.8670494399529307],[-79.09733567118359,-2.8672107811559897],[-79.09752051484098,-2.867158011881622],[-79.09773235996246,-2.866733756040516],[-79.09804927043672,-2.8666281544321413],[-79.10012109797405,-2.866605056597397],[-79.10133458339592,-2.8669520711194276],[-79.10239090053643,-2.8665823096579652],[-79.10270761160452,-2.8665828366391133],[-79.10363029640055,-2.867221268620329],[-79.10407880687144,-2.867328157803219],[-79.10716636762959,-2.867572114146156],[-79.10960794634526,-2.8674169376121945],[-79.11256332674793,-2.8677933502197526],[-79.11285337183293,-2.8679530524376666],[-79.11293134573376,-2.86869621962125],[-79.1136431628672,-2.8691750706807935],[-79.1145646193616,-2.8705830624038926],[-79.1149864231284,-2.870875634338327],[-79.11577773174987,-2.8711688873016885],[-79.11633188324845,-2.8712228762527245],[-79.11716252511093,-2.8716753718818224],[-79.11792763315813,-2.8718624050690376],[-79.11877155473469,-2.872261850129747],[-79.11945672884586,-2.8728998728065602],[-79.1210392253039,-2.873565923551311],[-79.12159207928507,-2.8744160225850717],[-79.1221988701364,-2.874576266433524],[-79.12393895760488,-2.875720225962477],[-79.12517985322926,-2.875456880353149],[-79.12645968118717,-2.8756182324045616],[-79.1266972936213,-2.8755655390511374],[-79.12693527085274,-2.875300575927416],[-79.12738411929185,-2.8751951201353605],[-79.12952184996156,-2.875278282393325],[-79.12968042505445,-2.8751458717529625],[-79.13049881977399,-2.875014520870499],[-79.13210786581077,-2.875600981452128],[-79.13359890513917,-2.87570958177749],[-79.13428463547203,-2.876002603239628],[-79.13618519360176,-2.875873042963666],[-79.13705592131836,-2.8760337008400483],[-79.13829696514475,-2.8756907398698295],[-79.13869252774796,-2.875903678298846],[-79.13882461505287,-2.875824301363927],[-79.13885148951054,-2.8755324488175713],[-79.14001154939731,-2.8763039174768084],[-79.14030182530817,-2.8763309193787236],[-79.14085635041721,-2.876172614739087],[-79.14166212260537,-2.875696246084919],[-79.14530620675713,-2.874587623007744],[-79.14557113378487,-2.8739777074900434],[-79.14588794034198,-2.8739251447481875],[-79.14594127501852,-2.873580235800582],[-79.14609989839322,-2.8734212882637435],[-79.14702384936508,-2.8733166476872314],[-79.14789627257663,-2.8724157712992895],[-79.14871520902531,-2.8719659676934026],[-79.15234616164392,-2.870804221730158],[-79.15374613149244,-2.870116510244204],[-79.15503934042142,-2.8701716852584442],[-79.15572522225791,-2.8703850888361226],[-79.15582960795786,-2.871128295134502],[-79.15601389058851,-2.871420518272656],[-79.15585482401876,-2.8718448587522207],[-79.15606560618309,-2.8720840453832888],[-79.15634274136464,-2.8720844943226242],[-79.15650143637662,-2.871872458539639],[-79.15703130206613,-2.8706260294944843],[-79.15774355721696,-2.8708660336808083],[-79.15795559500945,-2.870309079152723],[-79.15829891246045,-2.8701769606985286],[-79.1588793409899,-2.8703105728367047],[-79.15922261136531,-2.8702315209327747],[-79.15935482516976,-2.8700725147328567],[-79.15951306537563,-2.870152383548069],[-79.1591163200991,-2.870682481542985],[-79.15916885674163,-2.870841798965977],[-79.1598554623916,-2.870604075698432],[-79.16035625715202,-2.871029484031108],[-79.16193961752444,-2.8711912675693365],[-79.16262555243438,-2.871378134749143],[-79.16278425298057,-2.8711660783358575],[-79.16267952988561,-2.8706351564791084],[-79.16294346162712,-2.8706355822821044],[-79.16360242720916,-2.871193950771175],[-79.16491051609107,-2.870187632577847],[-79.16509497119303,-2.8703736774104565],[-79.16512065412942,-2.8708248779786425],[-79.16538446570742,-2.8709048974685727],[-79.1659656712416,-2.8705608529150815],[-79.16617677601047,-2.8705877201525687],[-79.16625497833088,-2.8711982260494042],[-79.1667565571028,-2.871145941318923],[-79.16691438848135,-2.871491189090286],[-79.16709903035604,-2.87154456622093],[-79.16768036312813,-2.8711209010925045],[-79.16778525772747,-2.8715456708734006],[-79.16796969023379,-2.8717582745187644],[-79.16844494575922,-2.8716528858558013],[-79.16860309677725,-2.87178584632234],[-79.16828582317683,-2.872130329743732],[-79.16831161497923,-2.8725018798416486],[-79.16844342504393,-2.872608245424245],[-79.16865457901879,-2.8726085852488117],[-79.16894603561178,-2.871892545166323],[-79.16905160627849,-2.871892714984427],[-79.16952577069506,-2.872477306076294],[-79.17097709755075,-2.8726919466975596],[-79.1710554646063,-2.8731962816961434],[-79.17129264139679,-2.8734355101266065],[-79.17160928240679,-2.873489117975844],[-79.17182098530418,-2.873144450978258],[-79.17226953853573,-2.8732247789748095],[-79.17234841396952,-2.87343720670416],[-79.17197809963791,-2.873914299992021],[-79.17210978390361,-2.8741002347156726],[-79.1723735975172,-2.8741803102214787],[-79.1726367722559,-2.8746584341377677],[-79.17325644226489,-2.8750309393279556],[-79.17375797598145,-2.875005217586811],[-79.17497163865147,-2.875299068714507],[-79.17557902030926,-2.8750877484502007],[-79.17581560907948,-2.875698504912395],[-79.1763698685405,-2.8756993941969524],[-79.17652754124376,-2.8761507902006054],[-79.17681815454023,-2.875965469656078],[-79.17697639174695,-2.876045356275163],[-79.17702884069554,-2.876257735646186],[-79.17747757130766,-2.876231927856733],[-79.17787292260647,-2.8766040975568075],[-79.17916619117487,-2.8766061704372228],[-79.1796937805418,-2.876792777423132],[-79.18003628635554,-2.8771913834426615],[-79.18225161931183,-2.8783095462650032],[-79.18251425329873,-2.879132628934712],[-79.18396360790123,-2.880594562333543],[-79.18546188058563,-2.881514111233942],[-79.18652549577122,-2.881889446413811],[-79.18676144308584,-2.8822464994477954],[-79.18714992944604,-2.882264117048064],[-79.18735207443693,-2.882621103461583],[-79.18792664666088,-2.8824691469867436],[-79.18836561318653,-2.8826227230223966],[-79.18860161499865,-2.8829458082551427],[-79.1890582125668,-2.8826238292247246],[-79.18939572878061,-2.882828194939898],[-79.18966625502738,-2.882658780638233],[-79.18983495792669,-2.882811899541712],[-79.19008851180442,-2.8826934163018167],[-79.19035856001003,-2.8828467158654814],[-79.19073820677599,-2.882455622239818],[-79.19141132902375,-2.882403590057499],[-79.19397125042482,-2.8826199982043264],[-79.19484181636956,-2.882913289933212],[-79.19544774367304,-2.883630805425519],[-79.1959226816256,-2.883737710047868],[-79.19655556218531,-2.8841102566575163],[-79.19718915317051,-2.8840316371826082],[-79.19745342702714,-2.8838197535329457],[-79.1978769434748,-2.8830508257228478],[-79.19808826970146,-2.8829450064027995],[-79.19979061622347,-2.8830007910779503],[-79.20074056571003,-2.88316152864906],[-79.20375001684862,-2.8828743678726974],[-79.20398742984078,-2.8829543652898773],[-79.20398713878392,-2.883140129075749],[-79.20343195206189,-2.8837230888671406],[-79.20343166081736,-2.883908865225761],[-79.20361628703823,-2.8839887602267806],[-79.20559563882094,-2.884151131881079],[-79.20601861822868,-2.8837271852376563],[-79.20636177818483,-2.883701200380787],[-79.20744358497214,-2.8839417444662585],[-79.20766764077997,-2.8841278823254117],[-79.20890834945313,-2.88402368775029],[-79.20940948165513,-2.8842633127202366],[-79.20988453658734,-2.8842906099740544],[-79.21012179150412,-2.884476749536811],[-79.21043747406385,-2.8851672391704626],[-79.21096422014354,-2.8858846218047067],[-79.21167651541776,-2.886124580043601],[-79.2122044895779,-2.886072344981618],[-79.21307632962076,-2.88554294684963],[-79.21371013299785,-2.8853316405272573],[-79.2141324085852,-2.885358853124384],[-79.2151871643696,-2.8860239737745057],[-79.21537193575696,-2.8860242648974603],[-79.21579450147892,-2.8858656931301048],[-79.21646894011164,-2.884990996309833],[-79.2173441224586,-2.8823119762877583],[-79.21766362152904,-2.88053439977177],[-79.21833817110254,-2.8795800707727843],[-79.21960984487255,-2.8765301207207257],[-79.2202359563093,-2.872762625820948],[-79.22081782724358,-2.8719938994889413],[-79.2219299553306,-2.8696867902991765],[-79.22228825559621,-2.8684134956256595],[-79.22234370304449,-2.8666885610447785],[-79.22259770385834,-2.8645658624971144],[-79.22286316779451,-2.863584357036116],[-79.2237633877862,-2.861754559888284],[-79.22434500248326,-2.8611451339927876],[-79.22516404909821,-2.8606156100688644],[-79.22832081751008,-2.858895481571722],[-79.22929788349283,-2.8585785302838085],[-79.23122500072172,-2.8583692046100646],[-79.23288840460839,-2.858000228848431],[-79.23426261386501,-2.8568877151725456],[-79.23468613362293,-2.8560922107760196],[-79.23560051488238,-2.8536255230860683],[-79.2365004206578,-2.851981496876557],[-79.23710849542425,-2.851318952761995],[-79.23786269833938,-2.8500197188904486],[-79.2381286116642,-2.8487197085883755],[-79.23887109934607,-2.846465035988664],[-79.24068544107445,-2.8422746795372373],[-79.24171511898997,-2.842063913346172],[-79.24443376063053,-2.842041562798892],[-79.24527857734657,-2.8419101465574634],[-79.24641415535618,-2.841487252495117],[-79.24710108098844,-2.8410371449324745],[-79.24837015761771,-2.8396059774398306],[-79.24916375673529,-2.8384394572602787],[-79.24940856712595,-2.8376991411469903],[-79.24943903138055,-2.8369129841969376],[-79.24919182438475,-2.8363986493541073],[-79.24693359294898,-2.8341762409931883],[-79.24583665180957,-2.8334507095386874],[-79.2458498785941,-2.831814455668097],[-79.24529665323539,-2.831486563887129],[-79.24509782823378,-2.8303811651964117],[-79.24379693602323,-2.830179792580554],[-79.24211873749047,-2.828580357197477],[-79.24186832626856,-2.827739502882953],[-79.24152059670342,-2.827110572525991],[-79.24135695542509,-2.8252016204402217],[-79.2420809579085,-2.8227684787248633],[-79.24158733628012,-2.8206915098166405],[-79.24250941772576,-2.8183174788308567],[-79.24183168978827,-2.8174446728050317],[-79.24067028462352,-2.817536701801859],[-79.2399013157591,-2.817251449799698],[-79.2385811777052,-2.816208645669958],[-79.23661798714666,-2.8158455093034487],[-79.2361061333618,-2.8152463183812113],[-79.23406767390254,-2.8146258161373425],[-79.23381928640049,-2.8140638461561562],[-79.23230394109089,-2.812135454503819],[-79.22995934329259,-2.8104725788051677],[-79.23011047036464,-2.808616437532003],[-79.22969254568154,-2.8073042521117024],[-79.23016054922384,-2.806463783202971],[-79.2310978233425,-2.8056543103482787],[-79.2313567704502,-2.805073117410998],[-79.23220375340104,-2.8046946098543306],[-79.23240528454076,-2.804242341619876],[-79.23230898679576,-2.8030141795397987],[-79.23185874504644,-2.8020627237370266],[-79.23239338057768,-2.8011026182836885],[-79.23261578453055,-2.7994131576854957],[-79.23384224440397,-2.798704578297108],[-79.2340332124368,-2.798482369009425],[-79.23509479193787,-2.798569755727167],[-79.23713739908123,-2.798407836114559],[-79.23636240449235,-2.7973033297321823],[-79.23696531143683,-2.7964509943293248],[-79.23537815235817,-2.7952125673607684],[-79.23493815844176,-2.794697450952754],[-79.23352125862716,-2.794656337571899],[-79.23251894192056,-2.7935879252607996],[-79.23282791992617,-2.7918889079048146],[-79.23365597687236,-2.7911737031381736],[-79.23384109589774,-2.790490961431737],[-79.23348233811849,-2.7898420989494377],[-79.23331823420065,-2.788238006957969],[-79.23475608635985,-2.7873354351478583],[-79.23484295068874,-2.786491600188151],[-79.23511710134376,-2.7858624708943056],[-79.23529172642091,-2.7847706965772763],[-79.23547896579738,-2.7844161662207947],[-79.23593514558404,-2.782503068448478],[-79.2369495463007,-2.7821818116531745],[-79.24038585395324,-2.778728069018708],[-79.24140970007369,-2.7784038263458704],[-79.24159883636844,-2.7766415899943184],[-79.2419664578691,-2.7761061050115945],[-79.24195284147164,-2.775747066284707],[-79.24250763205401,-2.7750217705759828],[-79.24243010558845,-2.7707243659788636],[-79.24356892040664,-2.769987311259911],[-79.24432406118967,-2.768452957586079],[-79.2453740395354,-2.7674775964614313],[-79.2461056745299,-2.7662814699232925],[-79.24608014230188,-2.764985102633064],[-79.24630672787676,-2.764338123528872],[-79.24623001404063,-2.762317013995801],[-79.2466588773576,-2.7602708271754457],[-79.24600951998725,-2.75978985533411],[-79.24416665080886,-2.7598605718668874],[-79.24379135312931,-2.7591448454470977],[-79.24379816200165,-2.7580296828313453],[-79.24359162242358,-2.757635789534137],[-79.24363317784454,-2.756619543571406],[-79.2431027954155,-2.756042232187167],[-79.24235561949715,-2.755844204118107],[-79.24050316586805,-2.7556431672950112],[-79.23891350520529,-2.754413678816691],[-79.23564163646411,-2.7541983549760327],[-79.23488139598885,-2.752897815966446],[-79.23394047054398,-2.7518735820763935],[-79.23287559895427,-2.75149652062116],[-79.22996599164068,-2.751676186661498],[-79.22860369250097,-2.752830345079282],[-79.22722425175967,-2.753368161955931],[-79.2266232913042,-2.7545657401127426],[-79.22400564711559,-2.7545363649314547],[-79.22355602106745,-2.755022889832262],[-79.22076837239455,-2.7549076375296324],[-79.2193281072267,-2.7552674105391826],[-79.21833745926519,-2.755674840604222],[-79.21509147640349,-2.7552572664951325],[-79.21462702160031,-2.7542638190775044],[-79.21410787935328,-2.7539865963295305],[-79.2114732086667,-2.7545901924449696],[-79.21117126968244,-2.7552310265395556],[-79.20929432870665,-2.75633747867378],[-79.20759241008956,-2.756156359272811],[-79.20675209650332,-2.7552416395664654],[-79.20515633809413,-2.7540609595790433],[-79.2043957916218,-2.7508287856669327],[-79.20276000445861,-2.749649846190379],[-79.20081187402582,-2.7494591766044643],[-79.19937360436884,-2.7490953014448327],[-79.19886851690116,-2.7488255556384207],[-79.19791104077485,-2.749278186178201],[-79.19742451145662,-2.7498046344595415],[-79.19663856134324,-2.7501988880717363],[-79.19409549262927,-2.751207567042148],[-79.19363884784575,-2.750710499605727],[-79.19271695627984,-2.7505320494845424],[-79.19086758582978,-2.749146976244404],[-79.18958180252814,-2.74887441855216],[-79.18718830698391,-2.7489662016727308],[-79.18624560900817,-2.7483520093369247],[-79.18591668650525,-2.747648413544424],[-79.18485848784115,-2.7463853502975],[-79.18462036085539,-2.7453733086006675],[-79.18391273382818,-2.7449123034077],[-79.18374029231228,-2.744543438828256],[-79.18338219275316,-2.744208800160848],[-79.18340309667919,-2.7433028855316532],[-79.18242118270676,-2.7426212228787312],[-79.17999922211565,-2.7425210289443527],[-79.17846118724607,-2.7433723724010686],[-79.17801871039185,-2.7443114598968417],[-79.17668405818347,-2.7450190443619578],[-79.17481349682275,-2.7441922435991657],[-79.17404116100101,-2.7441602920476162],[-79.17375568815616,-2.74426040024581],[-79.1733016995647,-2.7438126640929785],[-79.17277363804263,-2.7428974341301466],[-79.17186538016502,-2.742182820805272],[-79.17102522661897,-2.741014964217452],[-79.16894377512007,-2.7402994617839767],[-79.16855863847577,-2.73945229835277],[-79.16756382129172,-2.7390916260764735],[-79.16647490275827,-2.738919283603743],[-79.16630654027564,-2.7380046062469243],[-79.16595170340116,-2.737345573129236],[-79.16587511668405,-2.736019689071586],[-79.16607062745278,-2.732803739707435],[-79.16399627052385,-2.7322855284603427],[-79.16378793344255,-2.7314984979446324],[-79.16382251393337,-2.7309295197510415],[-79.16235206271959,-2.731810434925966],[-79.161172194455,-2.7320620245437204],[-79.16073053338845,-2.731857378414696],[-79.16045223298131,-2.7315432326627325],[-79.15992358763023,-2.731510725782419],[-79.15710027913103,-2.732792681807348]]]}},{"type":"Feature","properties":{"name":"CUENCA"},"geometry":{"type":"Polygon","coordinates":[[[-78.9822987130458,-2.8417248883520334],[-78.98226041049972,-2.843719735295435],[-78.98166612903724,-2.8451886114668126],[-78.98120450856938,-2.850437496779294],[-78.98045075853007,-2.8535335040867023],[-78.98044965980891,-2.8541634752137597],[-78.97982049196764,-2.8556672700722205],[-78.97974786047591,-2.8573820435317416],[-78.97918974377062,-2.85808102302355],[-78.97833246140732,-2.8606518769908886],[-78.97791422655459,-2.8609660945262925],[-78.97606175143272,-2.865337582253357],[-78.97579809039178,-2.8668245089149],[-78.97478348156322,-2.869762551595597],[-78.97394539973973,-2.871300965560651],[-78.97345728120014,-2.8717550699369103],[-78.97286406239041,-2.8725939482446754],[-78.97159151852551,-2.8737641210048515],[-78.97085839892479,-2.874987739668106],[-78.96977902615748,-2.875160790417111],[-78.96918668094244,-2.87550972547823],[-78.96827909006457,-2.8769780039964323],[-78.96749086815018,-2.879828914047664],[-78.9666902897912,-2.879827480193865],[-78.96298605462192,-2.8812631172065024],[-78.96249127093242,-2.8795101239233545],[-78.96335463112862,-2.8776002965954968],[-78.96537376402688,-2.8748051143700506],[-78.96402024880406,-2.872345195283157],[-78.96356828700944,-2.8719803307114424],[-78.96135081939877,-2.871771550980182],[-78.96012824625414,-2.872126778392506],[-78.95986169577402,-2.872427184235271],[-78.95909641632059,-2.872760115750708],[-78.95859606945162,-2.8736618367729947],[-78.95753128329694,-2.874127953916292],[-78.95626614420274,-2.8750617249357],[-78.95569890602069,-2.876197345542148],[-78.95482045853176,-2.8765768574091815],[-78.95455463189491,-2.8764694242775835],[-78.9542616843454,-2.8766828314869324],[-78.95343693099433,-2.8767883261744713],[-78.95266478657115,-2.877214860654746],[-78.95210607914336,-2.877294075853835],[-78.95048490768666,-2.8765155624537906],[-78.9495540435035,-2.876460412324052],[-78.94639574761494,-2.872550094394278],[-78.94432517475693,-2.870219563415309],[-78.94249731167692,-2.867539214030641],[-78.94067091625587,-2.865524767385005],[-78.94124442747966,-2.8648140003850466],[-78.94095943171087,-2.8642486317621305],[-78.93797725852976,-2.862000884947905],[-78.93704552599281,-2.861644473616895],[-78.93704652170032,-2.8610870616855317],[-78.9375263738048,-2.860479803422739],[-78.93660735849278,-2.8591716773998255],[-78.93435606781416,-2.8586450397104906],[-78.93275196998029,-2.85731191939672],[-78.93129639035895,-2.8566045758197856],[-78.93072841062653,-2.8571578091143017],[-78.92563890964692,-2.8529738665928],[-78.92351387456597,-2.8523167826561022],[-78.920389365462,-2.850497409581813],[-78.91997133955054,-2.850323460014053],[-78.91945459800803,-2.850297786409448],[-78.91861861103202,-2.8499003766890003],[-78.91712051752792,-2.848215086195352],[-78.91528993150189,-2.846690038206957],[-78.91398328833344,-2.8463010566930023],[-78.91309128840086,-2.846268511159642],[-78.91211122641778,-2.8460309064398817],[-78.91141502327172,-2.848310658019715],[-78.91395198436813,-2.84874055440683],[-78.91518152095485,-2.849245386765655],[-78.91652542470501,-2.850291691596447],[-78.91740943164754,-2.8504865956435084],[-78.91817741311017,-2.851067929566498],[-78.91867588388388,-2.851842053694696],[-78.92128805754044,-2.8532386224476887],[-78.92380288193186,-2.855311588486378],[-78.92499272421904,-2.856512246430237],[-78.92652689142429,-2.858680101919439],[-78.92698748665812,-2.859144845646605],[-78.92756389460564,-2.859339234424468],[-78.92810118414573,-2.8599201323684276],[-78.92836834156768,-2.861041803657532],[-78.92892241905673,-2.8621137398429712],[-78.93025046186686,-2.8625862710436505],[-78.9308404601228,-2.8629337632700502],[-78.93162634814537,-2.863825962490309],[-78.93228898098465,-2.8648416522536055],[-78.93371440531033,-2.865908210094345],[-78.93376313395528,-2.8661804810964546],[-78.93431605558503,-2.8666144870852484],[-78.93456113700041,-2.8671840268756124],[-78.93549403369262,-2.8684476606674156],[-78.93618059557016,-2.86983455007429],[-78.93736014895919,-2.8707769570223247],[-78.93746983833864,-2.8713586302684555],[-78.93828150959962,-2.871607528612113],[-78.93869806004295,-2.8726227761216188],[-78.93894368178665,-2.8728954046263646],[-78.93938425205548,-2.8742323591258394],[-78.93965466666009,-2.874381318642422],[-78.93980279902087,-2.874109403295563],[-78.94004906076984,-2.874035627193097],[-78.94009790425939,-2.8742336519925282],[-78.9407616557664,-2.874630752148146],[-78.94125277482752,-2.8752254950763914],[-78.9411420003138,-2.8753681878821986],[-78.9416880227441,-2.875811308362988],[-78.94180848982279,-2.8766392186481884],[-78.94218919045294,-2.8768697932171228],[-78.94329922447308,-2.8784198686819953],[-78.94387753364687,-2.8789573654785037],[-78.94404454782476,-2.8793408480170233],[-78.94475990851508,-2.879955246919687],[-78.94510921741984,-2.880691573531206],[-78.9456270809889,-2.8809377616394],[-78.94587027728441,-2.881321382479163],[-78.94612786411757,-2.8821954924977793],[-78.94634098866955,-2.8823644940884],[-78.94710850621273,-2.8836610229965123],[-78.94713753219003,-2.8844734433832184],[-78.9474267057314,-2.8847345069477845],[-78.94748636684709,-2.8854856624400287],[-78.94804958270161,-2.885931196996487],[-78.9485057996743,-2.8865604237754194],[-78.948840830494,-2.886744973567831],[-78.94889383159327,-2.886936647551739],[-78.94909191192875,-2.8869983080366675],[-78.94986967439375,-2.886831125851478],[-78.95047918575592,-2.886970166047566],[-78.95073798497671,-2.887154577588917],[-78.95107336256225,-2.887170511597721],[-78.95160567337211,-2.887861203426537],[-78.95224520539759,-2.8882761903565055],[-78.95364765779232,-2.888294054116858],[-78.95401265802398,-2.8887698713660943],[-78.95428680371724,-2.888908316765649],[-78.95434733261153,-2.8891690112703006],[-78.95536028313258,-2.8896076413531016],[-78.95572563848141,-2.8898995221305857],[-78.95694240896039,-2.89144979275028],[-78.95835796243215,-2.8926785421589396],[-78.95960744306514,-2.893002680610478],[-78.96330038845987,-2.895147550918231],[-78.9635853201758,-2.897799690625415],[-78.96355797967875,-2.9003056622615784],[-78.96224548878945,-2.9011156400018963],[-78.96140559630484,-2.9019111747421293],[-78.96046984726938,-2.9035614608700024],[-78.96170626898503,-2.9037943520496343],[-78.96224682657164,-2.903772216870433],[-78.96240750135188,-2.9039459498399],[-78.96311720811755,-2.9057914344288647],[-78.96469984468112,-2.9082282010905973],[-78.96566442346817,-2.909016178988813],[-78.96620229704205,-2.9104913635407783],[-78.96697113429254,-2.9114177595686055],[-78.96775266642878,-2.911685104310481],[-78.96996209699607,-2.9119488871096006],[-78.97240007790262,-2.914041431949569],[-78.9742803194452,-2.914129472892449],[-78.97537423252973,-2.914498278562956],[-78.9758508013723,-2.9148095423059206],[-78.97646814697333,-2.914867089978377],[-78.97952767600651,-2.914675082152483],[-78.97977940927107,-2.91515527264393],[-78.98081591720417,-2.916229393242571],[-78.9823293457563,-2.9174455081090214],[-78.98361801450719,-2.918774060953294],[-78.98569269776829,-2.9200194034088733],[-78.98583325784787,-2.920240188110612],[-78.98839672102628,-2.921696015406209],[-78.98975742522423,-2.923109350032541],[-78.99179765716505,-2.925692994344125],[-78.99468172181078,-2.9279872648287837],[-79.00110095432159,-2.9249840624605623],[-79.00194281444011,-2.925066196659724],[-79.0024888704705,-2.924338179009724],[-79.00320217359042,-2.9239414183689174],[-79.00383657426637,-2.923385304510108],[-79.0056477261864,-2.921531057582347],[-79.00588529139219,-2.921504956227922],[-79.00670294793973,-2.9217982994070195],[-79.00802275109774,-2.921694500295536],[-79.00852448242911,-2.9215361814423604],[-79.00881527620304,-2.921271349774436],[-79.01005680239889,-2.9206632534008485],[-79.01069031301645,-2.920611310927196],[-79.01198422959948,-2.920215572711935],[-79.01453072078627,-2.9204323736006956],[-79.01584982351626,-2.9207266131680605],[-79.01740675840263,-2.9208620411897757],[-79.0206914183126,-2.9215577705050046],[-79.02380384587633,-2.9226512413192647],[-79.02586219585037,-2.922814089893858],[-79.02896339301392,-2.922793034385421],[-79.0314963583237,-2.9232220434981477],[-79.03461042894185,-2.9233867669731235],[-79.03656239806973,-2.9240270422672863],[-79.03740692248272,-2.9240550377873724],[-79.03723431370801,-2.9246650811840778],[-79.03728655055531,-2.9249835898212213],[-79.03876086588636,-2.927109066594903],[-79.03878590921359,-2.9279051787866557],[-79.03853127404632,-2.9301337397522915],[-79.03860904963489,-2.930929957209465],[-79.03879303111627,-2.931381368557238],[-79.03979505017492,-2.9319138511621334],[-79.03955361455442,-2.9341424361697586],[-79.0399997283952,-2.935629225650315],[-79.04038200686843,-2.935868733623645],[-79.0408571773159,-2.935816506509352],[-79.04106888154537,-2.935498436140144],[-79.0419405106467,-2.93512847538379],[-79.04408111647733,-2.933540082754527],[-79.04437145247141,-2.933540592314687],[-79.04521350062082,-2.935001553569725],[-79.04824826633494,-2.9352722121036914],[-79.04929209797142,-2.934531037669275],[-79.05040304643235,-2.9331265829962887],[-79.05082570893249,-2.932915036328929],[-79.05180250613473,-2.932784047148472],[-79.05211996007829,-2.9323600360580917],[-79.0524652637213,-2.9310869097993937],[-79.05265052939323,-2.930795339011993],[-79.05323159022718,-2.9305575226007674],[-79.053839543821,-2.930027864456783],[-79.05424983753723,-2.9293386382738866],[-79.05483158388195,-2.928702786742119],[-79.05501711025184,-2.9282520052031575],[-79.05504437453706,-2.927747858866516],[-79.05422385978201,-2.9214308441627925],[-79.05435985718562,-2.9190959109359342],[-79.05458624254592,-2.917902168381624],[-79.0549310274875,-2.9169209427005023],[-79.05485226480756,-2.9166819686780077],[-79.05461490375727,-2.9165754166270155],[-79.0532689589085,-2.9165200033909087],[-79.05319036010683,-2.916174908743966],[-79.05337649289855,-2.9153791566900407],[-79.0532977572179,-2.9151136573647993],[-79.05303419660856,-2.914900907199139],[-79.05229542049571,-2.914766939981732],[-79.05060582244401,-2.9150293603374364],[-79.05015724289159,-2.9149755105677064],[-79.04960348185432,-2.9146826853509475],[-79.0493405616973,-2.9140984152515803],[-79.04930331565318,-2.912745002338132],[-79.04893536333326,-2.911842137127602],[-79.04885909140833,-2.9101436994547543],[-79.04867536197744,-2.90955959290901],[-79.04825355253797,-2.9092669729221097],[-79.04587784985078,-2.909475129226274],[-79.04564059584818,-2.909315507270128],[-79.04481246538583,-2.907429999273511],[-79.04452452835221,-2.906049628690995],[-79.0446040648865,-2.9058374817037156],[-79.04655861325926,-2.9049652099767647],[-79.04716574472089,-2.904913212888167],[-79.04943496881671,-2.905235555236294],[-79.05033304275311,-2.9048125334554507],[-79.05067740986158,-2.904070119458542],[-79.05067804624801,-2.903698612120324],[-79.05028503887115,-2.9020261628782644],[-79.04989063696163,-2.901149779351574],[-79.04957469859437,-2.9006981289263396],[-79.04931104365754,-2.9005384502899094],[-79.04743718893296,-2.9005352053578743],[-79.04725224475587,-2.9006410371991205],[-79.04693412419934,-2.9014631027508972],[-79.04578520028551,-2.9019652891341488],[-79.04486013044637,-2.902733242576783],[-79.04266844701135,-2.9033662967828935],[-79.04229831513945,-2.903737121960898],[-79.04063404079943,-2.904636479396516],[-79.03944646395529,-2.9045813352964895],[-79.03828469407688,-2.9048711901330484],[-79.03812656179969,-2.9047382437936533],[-79.03794288384434,-2.9041275956293036],[-79.03753745359856,-2.9020040262658653],[-79.03635479444476,-2.8991095492811803],[-79.03619762283493,-2.8984193660870883],[-79.03565803240801,-2.8975692645734386],[-79.03555319257552,-2.897144507442794],[-79.03576785212772,-2.8951016279253436],[-79.03592679259354,-2.8947569497109584],[-79.03634948067052,-2.894518856346845],[-79.04275369233919,-2.8921417492801056],[-79.0434136370004,-2.8920632652231517],[-79.04515698534956,-2.8912171401881612],[-79.0458956986882,-2.8913776265335676],[-79.04639638915488,-2.8918296388385354],[-79.04668673517303,-2.8918035709507746],[-79.04753201220123,-2.8913804535972396],[-79.0478755800287,-2.891115691312777],[-79.04824602162957,-2.890559081482619],[-79.04861592561447,-2.8903208896003054],[-79.0496191478439,-2.890136878589953],[-79.05401374036859,-2.8899852316037182],[-79.0549119797655,-2.889456050590588],[-79.05628506229732,-2.889060362519433],[-79.0571558885946,-2.889141472828457],[-79.05836916949482,-2.8895946615701757],[-79.0588971061837,-2.889542497360362],[-79.06065409489202,-2.888430991126144],[-79.06131436408141,-2.888166739422787],[-79.0630559967483,-2.8883289575429116],[-79.06390069505663,-2.888250806810074],[-79.06551192803305,-2.88748399993034],[-79.06683293422434,-2.8866636423590073],[-79.06754720147647,-2.885683004021764],[-79.0679846438293,-2.884516155218852],[-79.0686983524632,-2.8838539745619216],[-79.07028359867537,-2.882848295839449],[-79.07076020014054,-2.8819468691154095],[-79.0708028972975,-2.8800894019630703],[-79.0703814646317,-2.879584461484117],[-79.07046190343625,-2.8788416039024223],[-79.06964328543955,-2.8791055715755753],[-79.06943227621136,-2.8790256164685726],[-79.06922171969843,-2.878680271555206],[-79.06938064765495,-2.8783355674838376],[-79.07043647764178,-2.878257759155171],[-79.07083255399061,-2.8781522845277725],[-79.0711888680385,-2.877856640451569],[-79.07071294818893,-2.8769004417579236],[-79.07009573432494,-2.876924207863618],[-79.0671933352079,-2.877961749524251],[-79.0658358037405,-2.877835355034155],[-79.06445446633197,-2.8771876629214814],[-79.06326952317572,-2.877185643616774],[-79.06206044580657,-2.876860890680796],[-79.06102350174834,-2.8769584287059433],[-79.06017025488906,-2.877875334584767],[-79.05977485092619,-2.8781228634971074],[-79.05777397931655,-2.8788888885533295],[-79.05715564064546,-2.8795828267824244],[-79.05599463530824,-2.880027605805579],[-79.0547602816602,-2.880050317658772],[-79.05305740594002,-2.8797743869538843],[-79.05244108747578,-2.8792768791450114],[-79.0524546220046,-2.878581933490621],[-79.0526280109908,-2.878234752682786],[-79.05267843464014,-2.877614305864122],[-79.05243376666395,-2.8763232109685646],[-79.05213846510308,-2.8757766579807424],[-79.05211533599451,-2.8748582478057974],[-79.0515873659667,-2.873219184071171],[-79.05149055776906,-2.8720772589725088],[-79.05124477053708,-2.871431491362127],[-79.0512210095596,-2.870885422993587],[-79.0518653285942,-2.869422089290827],[-79.0521532522301,-2.86703978069143],[-79.05235153227069,-2.8665685207021854],[-79.05358749726103,-2.86557783640846],[-79.05425434431795,-2.865380385994166],[-79.05467376377044,-2.8655300297199386],[-79.05492086903949,-2.8653815226157437],[-79.05516964809979,-2.864240191127689],[-79.05607235002806,-2.8632488887530254],[-79.05431726316964,-2.857338554151847],[-79.05284205521221,-2.8538115128596004],[-79.05241085231809,-2.8533391746030343],[-79.05031551775616,-2.8515981645324273],[-79.04703648623673,-2.8491353402419306],[-79.04537273085045,-2.8476432681918915],[-79.04051615988152,-2.8438374414986205],[-79.04022890935941,-2.843745698246977],[-79.04017825147282,-2.8439769950359257],[-79.03952342419089,-2.8446331762075023],[-79.03919544601223,-2.845289939649773],[-79.039155093614,-2.846857290618395],[-79.03869730662892,-2.8499407724949055],[-79.03777524203434,-2.8524925658753357],[-79.0374956659707,-2.8542617417079503],[-79.03731911103786,-2.8545901002499154],[-79.03633856628943,-2.8545631443892368],[-79.03598633245517,-2.854714214390474],[-79.03500438990196,-2.855496243894363],[-79.03480226133671,-2.8560773495582237],[-79.0348520392055,-2.856380814539097],[-79.03527864944532,-2.8568618817342113],[-79.03535366297781,-2.857114827923052],[-79.03523945837001,-2.857721365690484],[-79.033752947233,-2.8595137492467644],[-79.03309511557902,-2.8619395877378087],[-79.0315455585943,-2.8638329651348275],[-79.03131847217041,-2.864312919609063],[-79.03009023638369,-2.869442803578006],[-79.02910857127178,-2.8700731244828437],[-79.02898245095092,-2.8703004289540246],[-79.02875369018525,-2.87174104373765],[-79.02871131089792,-2.874471299315539],[-79.0284573520282,-2.8759371251612844],[-79.02820528240372,-2.876315896439122],[-79.0256876908753,-2.878182297038827],[-79.02473078001128,-2.87904017238111],[-79.02435352369994,-2.879090090488467],[-79.02405207834757,-2.8789378866681568],[-79.02380015558568,-2.879215538370378],[-79.02354863711378,-2.8792656497420137],[-79.02269391080921,-2.879163044121325],[-79.02231707200701,-2.878985427779142],[-79.02191548166486,-2.8785802718107547],[-79.02103471678333,-2.8790084743052358],[-79.0191880093888,-2.8782215539744778],[-79.01838442783641,-2.877638699154064],[-79.01800672465824,-2.8779666784102855],[-79.01720259546963,-2.8776871858807604],[-79.01712687778776,-2.877864038400132],[-79.01685019162628,-2.877914098037516],[-79.0165738861793,-2.877761943336387],[-79.01627207529819,-2.8778119779071565],[-79.01569312923223,-2.8781901660139155],[-79.01521518186628,-2.8783157474418424],[-79.01501417032382,-2.8782395474422833],[-79.01498945750163,-2.8779866900565954],[-79.01476330242747,-2.8779104524363457],[-79.01420948105161,-2.8782887022698547],[-79.01400855717156,-2.878161934434228],[-79.01340516719482,-2.878135598397154],[-79.01325418696644,-2.878211189212843],[-79.01335395505114,-2.878666404830188],[-79.01315263748204,-2.8787671945856372],[-79.01256229136598,-2.878462779831727],[-79.01205937598488,-2.8784871803109793],[-79.01193335793181,-2.8786639185711045],[-79.01135479295525,-2.878814583560789],[-79.01130394895075,-2.87914315032857],[-79.01102715055671,-2.879269062765651],[-79.01082530710148,-2.8796732133326852],[-79.01029680352674,-2.879950330735247],[-79.00924030973239,-2.880226591157455],[-79.00838589869949,-2.879946979311726],[-79.00826014958847,-2.879972058284944],[-79.0082094612334,-2.8801994954808343],[-79.0077819456055,-2.8802493127817823],[-79.0074804801514,-2.8800971121510113],[-79.0067032009585,-2.878856994979355],[-79.00577377623821,-2.8783497500715183],[-79.00474480168455,-2.877260888232802],[-79.00456975123086,-2.8767044322287694],[-79.00469595765564,-2.876426554286016],[-79.00524940763258,-2.876250574053342],[-79.00527481438886,-2.8760989411265103],[-79.00458443978684,-2.875490987844722],[-79.0044091007242,-2.875111483290657],[-79.00425932517366,-2.8744791921511967],[-79.00428559059414,-2.873821954629422],[-79.00473933026086,-2.873165473165196],[-79.00549458896654,-2.872610629609257],[-79.00597367718967,-2.8718277627194992],[-79.00688302694454,-2.8694024367078463],[-79.0069350695376,-2.8683913010448894],[-79.00575592337847,-2.8668977050854627],[-79.0049771835969,-2.866491833593536],[-79.00379532827344,-2.8665656198242697],[-79.00349327231656,-2.866767335938659],[-79.00336710592005,-2.8670199148411406],[-79.00339164224913,-2.8673738990369166],[-79.00361731797578,-2.867728203965242],[-79.00394392330752,-2.8678804533669315],[-79.00414457481372,-2.868158897933357],[-79.00409371899165,-2.8684874633037833],[-79.0037160135539,-2.8688154371042236],[-79.00208553247306,-2.8691075911352235],[-79.00220327267178,-2.8713080240084934],[-79.00195996049447,-2.871409464581659],[-79.00153479686738,-2.8712253377379806],[-79.00042190046302,-2.8703473927121763],[-78.99968222186382,-2.8704174009180616],[-78.99737138479,-2.8709837647755005],[-78.99680504473214,-2.8704123434119233],[-78.99656271944824,-2.8699433593674444],[-78.99478062497415,-2.8693901407554327],[-78.9939507072942,-2.8689201478670796],[-78.99355647913961,-2.868420305099946],[-78.99366013368889,-2.867075899130819],[-78.99335773739962,-2.866199367131908],[-78.9932589473872,-2.8647527443846457],[-78.99343211240739,-2.8642131850783934],[-78.99379779365918,-2.863643378618859],[-78.99436604217952,-2.8631147123928296],[-78.99491361558563,-2.8628304461720346],[-78.9963527872349,-2.862486636572041],[-78.99657599424216,-2.862303686071574],[-78.99744889746988,-2.861347702211669],[-78.9977135765448,-2.860614765564805],[-78.99746148321834,-2.8599318380295946],[-78.99709743382655,-2.859544123347698],[-78.99503336744314,-2.858032940268502],[-78.99351513892123,-2.8572357334876908],[-78.99379974270525,-2.8566862134532287],[-78.99448825383843,-2.8569114839097587],[-78.994792243129,-2.856871288795735],[-78.99507772304605,-2.8565407365444315],[-78.99510979055432,-2.8563179669610212],[-78.995648094468,-2.8562552507912367],[-78.99558560916748,-2.8557776474961076],[-78.99571267507179,-2.855523239854685],[-78.99631475723734,-2.855205960298407],[-78.99609342045287,-2.855046399803827],[-78.99593697667444,-2.8539956809191964],[-78.99504123636899,-2.85063831272915],[-78.99452357973193,-2.8511410593906925],[-78.99411886063963,-2.8508347499798634],[-78.99404321350565,-2.8506308960263085],[-78.99427247745369,-2.84989280138669],[-78.99379197300226,-2.8494845115332574],[-78.99260204757059,-2.849227774908128],[-78.99128607293571,-2.8486397712534335],[-78.99060216000366,-2.8486894883248297],[-78.98927871179572,-2.8484398602829857],[-78.9890129345729,-2.8487471485291986],[-78.98857968082267,-2.848913790411613],[-78.98894412507839,-2.850019504099945],[-78.9889093132082,-2.8508901042249555],[-78.98884170341763,-2.8514592713458167],[-78.98837388031744,-2.852362601705186],[-78.98763943730357,-2.853365915107353],[-78.98570590517062,-2.854434080256766],[-78.9857416406296,-2.853027695702404],[-78.98557583793232,-2.8526255585014635],[-78.98554479427825,-2.851319540170254],[-78.9860460482039,-2.850349277685578],[-78.98634753756563,-2.8493452113092115],[-78.98682789430417,-2.84120871923115],[-78.98669590016665,-2.8405052545100613],[-78.98696424677289,-2.839400675562609],[-78.98719806263146,-2.8389992382211835],[-78.98713308766503,-2.838061483567562],[-78.98690077114891,-2.8375922696889337],[-78.98670643208501,-2.836230800406472],[-78.98622859620816,-2.8351655379331473],[-78.98571656248694,-2.8347322060466116],[-78.9858540058351,-2.8317719540739725],[-78.98660360513419,-2.8287129919538216],[-78.98684744079836,-2.8263932619612406],[-78.98368358408139,-2.824233901694156],[-78.98199080139649,-2.827474168095276],[-78.98197209595025,-2.8296747781281275],[-78.98220971549797,-2.830813994059567],[-78.9826443937185,-2.831362262012126],[-78.98436240711274,-2.832876373853242],[-78.98470981421488,-2.8335120773632294],[-78.98483957245527,-2.8340378989329875],[-78.9849414153395,-2.8366470169567837],[-78.98339106671233,-2.8369833502752857],[-78.98308590406472,-2.8378178305629675],[-78.98206030866481,-2.838679637674117],[-78.98181422807264,-2.8400791459413792],[-78.9822987130458,-2.8417248883520334]]]}},{"type":"Feature","properties":{"name":"CHECA"},"geometry":{"type":"Polygon","coordinates":[[[-79.0368543139565,-2.6777338801241726],[-79.03660851991702,-2.6780505954962366],[-79.03564478762782,-2.678172352834966],[-79.03559113785616,-2.6788593550772974],[-79.03545070480351,-2.6790353204068196],[-79.03453984636272,-2.678963374875343],[-79.03403081632088,-2.679579164254056],[-79.03348719467027,-2.6799130310665413],[-79.03324148076776,-2.6801944883590387],[-79.03297760157552,-2.6808811628743134],[-79.03246012594727,-2.681294327728857],[-79.032019730274,-2.6828087128911626],[-79.0305817305115,-2.683722496007721],[-79.02877703093007,-2.683878121391668],[-79.02763677809398,-2.68482763050778],[-79.02560596496635,-2.6861491616881445],[-79.02505829525899,-2.686824771510523],[-79.0237673412657,-2.6877951628979058],[-79.02319251934534,-2.6879210566655907],[-79.0223930190647,-2.6883143937717007],[-79.02177625127219,-2.6883838524631902],[-79.02152360501026,-2.688608955029944],[-79.0215222642275,-2.68944049354509],[-79.0216480652763,-2.6896520909213],[-79.02181411328868,-2.6909771805904614],[-79.02130162200298,-2.6915471409748712],[-79.0212863898339,-2.692322284173143],[-79.02079541540853,-2.6925892642204627],[-79.02017857126242,-2.692701037309766],[-79.01974310123168,-2.693320448765672],[-79.01967628914062,-2.695638742820148],[-79.01928348414353,-2.6958777268692167],[-79.01868068282317,-2.695961296866376],[-79.01855414738623,-2.6962147579459232],[-79.0185812083179,-2.696820846484826],[-79.01844066861145,-2.6970461208166028],[-79.017963874292,-2.697228572400314],[-79.01727715549282,-2.6972133496411876],[-79.01647751103998,-2.6976912346684303],[-79.01596287290366,-2.699600089615796],[-79.01535943703406,-2.700078303399649],[-79.0150642840597,-2.7005851734201793],[-79.01446092141087,-2.701035190803617],[-79.01461974693535,-2.702480048752511],[-79.01393256900046,-2.702746717167813],[-79.01359573617587,-2.7030280642046884],[-79.0136215510001,-2.7043951794194254],[-79.01294755073344,-2.705183325210849],[-79.01194444871439,-2.705794758407685],[-79.01199990681742,-2.7061612888234543],[-79.01187321287554,-2.7065134201119516],[-79.01145242436718,-2.7067100476431754],[-79.01143726440634,-2.707428779321782],[-79.01046785467044,-2.7088647472421794],[-79.0104162007704,-2.7095919265395803],[-79.00995623793968,-2.7097602921548978],[-79.00999844467857,-2.711372669836937],[-79.01028907023148,-2.7119143465343556],[-79.01061386156113,-2.7121516650942996],[-79.01048959928376,-2.712715196848667],[-79.01016390150704,-2.713041642203688],[-79.01017390971069,-2.7137745389401005],[-79.00942266072872,-2.713784568919055],[-79.00839014508846,-2.714391707925712],[-79.00817102383556,-2.714701415162557],[-79.0080916192603,-2.7152537593951753],[-79.00702449324781,-2.7164584160478307],[-79.00647467880349,-2.7167055451884012],[-79.00512885517931,-2.7169288245911876],[-79.00444411678984,-2.717412504341141],[-79.00391687521198,-2.7175807504734353],[-79.0037144034911,-2.7179637580626608],[-79.00368037432193,-2.718200492420746],[-79.00409339005301,-2.7193173837645905],[-79.00485413798269,-2.720344678040633],[-79.00525760757792,-2.720458097495906],[-79.0054142879285,-2.7206387518385715],[-79.00540215152546,-2.721191206333292],[-79.00526708661411,-2.72150664661523],[-79.0053725128401,-2.7221664292658825],[-79.00476587039842,-2.722887019016516],[-79.00499994551978,-2.7237330357054534],[-79.00445443808572,-2.724775072314049],[-79.0033781036579,-2.724750730800573],[-79.00310822206377,-2.7252238136996],[-79.00249157140796,-2.725200247053327],[-79.00211950869907,-2.725819224332153],[-78.99247625412146,-2.7265553884777085],[-78.99075604049672,-2.726786692143522],[-78.99134442791579,-2.728370538909791],[-78.99148133196401,-2.7294767439274588],[-78.99147524587198,-2.7331433576467687],[-78.99095767304811,-2.7345473703162075],[-78.98976613574193,-2.7360598513109298],[-78.98907163152072,-2.7366166520885598],[-78.99059324294805,-2.7391898256004934],[-78.99288817575889,-2.7414953064548624],[-78.99381826263368,-2.742274037809675],[-78.99490514774519,-2.744109182238293],[-78.99511666510195,-2.747985411296909],[-78.99505666239938,-2.748324093303898],[-78.99467926821609,-2.7488415720435277],[-78.99410413340642,-2.749099646733081],[-78.99364388698683,-2.749109126337714],[-78.99325789510523,-2.751013745878092],[-78.99269397226743,-2.7554465171769706],[-78.99219676814003,-2.7558244598584407],[-78.99114992365078,-2.7572174012052426],[-78.99042997590537,-2.757681055932854],[-78.99017259441086,-2.7580077623576456],[-78.98958987645568,-2.7583166883540255],[-78.98896302539909,-2.7594262207655644],[-78.98914821790841,-2.7613033376538683],[-78.98856529139947,-2.7617500248907234],[-78.98791887541257,-2.7643058227015707],[-78.9881235362103,-2.7647882735452094],[-78.98990321953455,-2.7654628336944254],[-78.99116569495189,-2.768219919390049],[-78.99166949581924,-2.769021415255049],[-78.99341308599664,-2.770780652135807],[-78.99341071013782,-2.7721925604821784],[-78.99379355348039,-2.7736481450924866],[-78.99375820383429,-2.77430238450093],[-78.9939612194956,-2.775766271290875],[-78.99384486251478,-2.7787706952909303],[-78.99392665437514,-2.78102643923872],[-78.993762402608,-2.7819645561402764],[-78.99347054717136,-2.782411736603669],[-78.99204706379001,-2.7837351113404485],[-78.99118045936957,-2.784844207242392],[-78.9907005612067,-2.7851016467833505],[-78.99006596619579,-2.785703210985531],[-78.98967190156952,-2.7858402741524073],[-78.98917563458166,-2.7856500257731573],[-78.98867898840521,-2.7856836185675355],[-78.98807860117536,-2.786319658108903],[-78.98597184321643,-2.786643184806047],[-78.98542276510686,-2.787313747317926],[-78.98461774049397,-2.7874329051748465],[-78.98418026714276,-2.7879228748983],[-78.98313456459614,-2.788609809213232],[-78.98263703943834,-2.7891599289374005],[-78.98222467406478,-2.789985701605247],[-78.982292003192,-2.790674530997124],[-78.9820176433679,-2.790897886676783],[-78.98187945399863,-2.79160360268557],[-78.9813993472577,-2.7919815438650266],[-78.98124418913463,-2.7926011773522044],[-78.98098691588652,-2.7928589866922264],[-78.98076402293233,-2.7930135805123313],[-78.98014743500843,-2.7930986007832566],[-78.97985583716043,-2.7942689097143885],[-78.97987244343423,-2.795283414583723],[-78.98005553455839,-2.7954866362434556],[-78.98034904644453,-2.795487143272177],[-78.98082499442782,-2.796059781156947],[-78.98057617402196,-2.7967510321922733],[-78.98108920448144,-2.797102381908053],[-78.98094080576922,-2.7980612736559705],[-78.98101386706183,-2.798245845676918],[-78.98185680624364,-2.7987637709167053],[-78.98185570275007,-2.799409342067516],[-78.98213042247522,-2.7996680575090673],[-78.98205644029984,-2.8000183868699473],[-78.98234905814117,-2.8005353613680257],[-78.98210978067115,-2.8010145094605248],[-78.98264945476762,-2.801873160920339],[-78.98318060637949,-2.8023536413855927],[-78.98349044748524,-2.8035162387544945],[-78.98396658125779,-2.8039966370896914],[-78.98416712349943,-2.8047347808683503],[-78.98526692971394,-2.8052162643518113],[-78.98518129967701,-2.8070145266650397],[-78.98496066250785,-2.807309273899934],[-78.98517991059798,-2.8078260912831667],[-78.98505041535913,-2.8084530384456308],[-78.98530663945216,-2.808803939898262],[-78.98495693544707,-2.809485796566101],[-78.9855428687752,-2.8101139448332986],[-78.98562440161356,-2.8113808008007095],[-78.98588818763601,-2.8118968370675024],[-78.9856881047853,-2.8128112504681115],[-78.98586983562782,-2.812944617362982],[-78.98593550577176,-2.813227488579243],[-78.98571901780407,-2.814075322180584],[-78.98589114407727,-2.8149820635206444],[-78.98630415443056,-2.815282165621525],[-78.98626968179525,-2.8160970646355774],[-78.98674864792021,-2.8165136986707395],[-78.98666446502777,-2.817378421884381],[-78.98702770293474,-2.81776157978057],[-78.98709214512344,-2.8187596193677624],[-78.98744665302573,-2.819417171094519],[-78.98795847279747,-2.8199669339220907],[-78.98797153480834,-2.8219794288292226],[-78.9883006954628,-2.822961288014089],[-78.98925940410463,-2.821048613971953],[-78.98955177227013,-2.819681446206009],[-78.99079982381885,-2.817999173672451],[-78.99127054878322,-2.81760777890175],[-78.99259174568665,-2.8170167358788905],[-78.99368364632475,-2.815982812899545],[-78.9948221400283,-2.815299547838013],[-78.99515075787397,-2.814938900262738],[-78.99555840105378,-2.814044365601647],[-78.99632493608594,-2.8133546386467665],[-78.99699847777069,-2.8122406965443814],[-78.99809338403713,-2.8113473683292836],[-78.99885756291576,-2.808936034834886],[-79.00084316027721,-2.8078243100185465],[-79.00118770625022,-2.8072908891526938],[-79.00163564646617,-2.805650432889643],[-79.00208981287174,-2.8049444344319387],[-79.00290105891465,-2.804501554069066],[-79.0037592364493,-2.8044023753349774],[-79.00447527172636,-2.803785283233925],[-79.00507602090737,-2.8037000615757166],[-79.00537808041064,-2.802665296098123],[-79.00592287586147,-2.8018322494882115],[-79.0068251468197,-2.801028573190143],[-79.0072418546129,-2.799835856438434],[-79.00762900048299,-2.799218191414533],[-79.00775878457078,-2.7985713580554488],[-79.00738812407153,-2.7978949295232827],[-79.00767711196555,-2.7961267958876137],[-79.0072208802402,-2.795306425820305],[-79.00697224395266,-2.7943641618297836],[-79.00694408310767,-2.794090926942521],[-79.00728873945417,-2.7932287871656847],[-79.00697602244769,-2.7921210698393844],[-79.00759228237426,-2.791302526205466],[-79.00802984786355,-2.7904620915663374],[-79.00778778097832,-2.789843398141958],[-79.00781764050703,-2.789095744800604],[-79.00842113671499,-2.787371290101404],[-79.00874585851422,-2.7855960392468497],[-79.0087189516881,-2.7845894567774527],[-79.0084204582343,-2.7835249305489316],[-79.00917343930162,-2.7821817685438686],[-79.00914594561186,-2.781520292476391],[-79.00926067869254,-2.7813191629906693],[-79.00960445556406,-2.7809602698962874],[-79.01047739999913,-2.7805735180262285],[-79.01052220413231,-2.7794376522256763],[-79.01114590537141,-2.7784537487303274],[-79.01116179287759,-2.777504777292559],[-79.01200628155347,-2.7770173245072525],[-79.01260923800493,-2.7755948124468044],[-79.01267535921978,-2.774538081991452],[-79.01327813882878,-2.773230591303801],[-79.01343695196111,-2.7723106136214475],[-79.01412506638918,-2.771276478208221],[-79.01418314976641,-2.770744560963872],[-79.01408375613451,-2.77032739593222],[-79.01465675402473,-2.7697100631081915],[-79.014801013599,-2.768962591952072],[-79.01478724385164,-2.7686318528546563],[-79.01434575239345,-2.767552680867678],[-79.01449045240824,-2.766532028454789],[-79.0144062416832,-2.765568487314857],[-79.01377212170425,-2.7642373591386513],[-79.01343652653608,-2.763733307470225],[-79.01305709874785,-2.7635963128702583],[-79.01298965234668,-2.763391679561247],[-79.0132693149289,-2.762362778985115],[-79.01321546088032,-2.76213088571929],[-79.01242981644323,-2.7616660114524705],[-79.0121591654401,-2.7613383339045274],[-79.01222744583117,-2.761052124484769],[-79.0126484221579,-2.760657439076843],[-79.01251443431865,-2.7597028024675097],[-79.01282696110205,-2.7592942995207173],[-79.01262256531923,-2.75581038480953],[-79.01362655636282,-2.7554303029991773],[-79.01433124398802,-2.755663279531144],[-79.01521981831435,-2.755385269153325],[-79.01607374118434,-2.7555639225264574],[-79.01782451474412,-2.7545579131026776],[-79.01789280243548,-2.754258060628237],[-79.01802853443517,-2.754176482853817],[-79.01873356560222,-2.7541913015534343],[-79.02038289462858,-2.7530283148710493],[-79.02110165210469,-2.752961356270431],[-79.02134634334371,-2.7525799859513858],[-79.02195715340116,-2.7521719676225205],[-79.02206671507358,-2.7515177000703903],[-79.02233835521253,-2.751231820139058],[-79.023342187143,-2.750947196277482],[-79.02387230694926,-2.7501436277238827],[-79.02437415364658,-2.7500490157554722],[-79.02476132734941,-2.7495929025849972],[-79.0256021860206,-2.7494716079981276],[-79.02591553041086,-2.748572243247621],[-79.02681118058122,-2.7481101580311567],[-79.02697443096015,-2.7477695550146035],[-79.02693437806457,-2.747387740705014],[-79.02716534620752,-2.7471154195788907],[-79.02781660435913,-2.7468574617875365],[-79.02806155993028,-2.7463124717683574],[-79.02835344946641,-2.746074354833709],[-79.028869106814,-2.745829787535426],[-79.02924874658262,-2.745830416124586],[-79.03138078878995,-2.7438296706428376],[-79.03182823662513,-2.7438167873938917],[-79.03233068341704,-2.743354031530461],[-79.03322609072083,-2.7430419242869712],[-79.03368090793809,-2.7426813625621462],[-79.03412833657688,-2.7426957423058673],[-79.03469883219427,-2.7420558444840943],[-79.03471306505665,-2.741646828767169],[-79.03521427074585,-2.7413703453528053],[-79.03552130736199,-2.7409816174657355],[-79.03663495732609,-2.7404645086036132],[-79.03694192040062,-2.740124434783816],[-79.03707172569602,-2.7396543350750973],[-79.03782959834156,-2.7397366735798157],[-79.03791108451973,-2.7392178263188613],[-79.03844387742873,-2.738861923470046],[-79.03825088245372,-2.7385372578601253],[-79.03843709161038,-2.7380753467426464],[-79.03964748288622,-2.737574596878518],[-79.03989027798015,-2.737039814151861],[-79.04005166861505,-2.736958987125838],[-79.04029338428217,-2.7370891245787243],[-79.04060020638352,-2.7368463774826512],[-79.04068132209353,-2.736554579544373],[-79.04089128202529,-2.7363603221921537],[-79.04144008270013,-2.736085496786776],[-79.04153783848741,-2.7354856205178435],[-79.04181256197873,-2.735129284895813],[-79.04245804727219,-2.7349033163038317],[-79.04297545062849,-2.7340932430346165],[-79.04335473746703,-2.7339235957690065],[-79.04388695094954,-2.7339082293122705],[-79.0444524495224,-2.7332766799691037],[-79.04501733826294,-2.7330181086785914],[-79.0450821790332,-2.732823612414441],[-79.04585684905436,-2.7324843037399478],[-79.04627626007908,-2.7324363335075366],[-79.04669598020925,-2.732177536397406],[-79.04674460112258,-2.732031656049991],[-79.04606740278912,-2.731933233253247],[-79.04592309785663,-2.7314140390029418],[-79.046181854,-2.7309603513798684],[-79.04656919092758,-2.730798824415397],[-79.04687613503773,-2.730474949981303],[-79.04711795625737,-2.7305402372781526],[-79.04724638165975,-2.730913433365229],[-79.04753656311969,-2.730978799558374],[-79.04819877145569,-2.7303636032936547],[-79.04858557189138,-2.730542630720552],[-79.04896514530944,-2.73019455862146],[-79.04915850327029,-2.7303084093530225],[-79.04907711047565,-2.730762368690108],[-79.0492706253765,-2.7307788962520942],[-79.04969001767029,-2.7307309053180506],[-79.05033591325571,-2.730245440916998],[-79.05111006618273,-2.7302304892630103],[-79.05159535557058,-2.7293230749054294],[-79.05228880062752,-2.7293566399361002],[-79.05235373794439,-2.7290972684192267],[-79.05220961903152,-2.7284483254776117],[-79.05262946682859,-2.7281246252689835],[-79.05300167225293,-2.727330573658605],[-79.05327563425944,-2.727460766825781],[-79.05333929437975,-2.727996055961795],[-79.0538388335954,-2.7282563511570297],[-79.05523395202982,-2.7282180577147797],[-79.05563675383749,-2.728462002191396],[-79.05583030246783,-2.7284460851535446],[-79.05708936434675,-2.727766986614228],[-79.05723485222033,-2.7275563813297765],[-79.0584446246289,-2.7274448310276056],[-79.0586715276417,-2.726747825536294],[-79.05907513573412,-2.7264890135831314],[-79.06060750435742,-2.7263455200076763],[-79.06130074427472,-2.726508801907085],[-79.06195322375459,-2.726923431168605],[-79.06211391140903,-2.7273129310423476],[-79.0625004838938,-2.7276216905773456],[-79.06266054930055,-2.728400398168257],[-79.06291841856672,-2.7284981394354206],[-79.0641120348559,-2.7284027446165906],[-79.06498267982425,-2.7285501062506983],[-79.06545073799437,-2.728340045291647],[-79.06635328396747,-2.7287307118599053],[-79.06672424156974,-2.728715104627499],[-79.06685358064799,-2.728520702270324],[-79.06720844191379,-2.7284888312666955],[-79.06759517224928,-2.7287002976404526],[-79.06896604462491,-2.7287025084081993],[-79.06924005658705,-2.7288002557989137],[-79.06962733690358,-2.7286711369533694],[-79.0699010647502,-2.7289472702287307],[-79.07069071454744,-2.729337784486748],[-79.0713196668352,-2.729355003640379],[-79.07199674557813,-2.7295669369097997],[-79.07291627260574,-2.7294062300452824],[-79.07364251354535,-2.729099255660949],[-79.07375543975769,-2.7290832248946195],[-79.07387851977798,-2.7293074548163476],[-79.07417653364533,-2.7292022424794893],[-79.07394934612118,-2.7288495022432993],[-79.07440534935945,-2.728550748104346],[-79.0745115630596,-2.7278461846058937],[-79.07524941729191,-2.726578888980469],[-79.0754785421663,-2.7257160049449336],[-79.07503388846975,-2.72438513486492],[-79.07552573277891,-2.7235755148661434],[-79.07535180529325,-2.7227824035596053],[-79.07538816362461,-2.721954438340158],[-79.07552961456804,-2.7211266256643856],[-79.07566999582279,-2.7209859116121837],[-79.07551306272734,-2.7205275672078293],[-79.07563650657468,-2.7200168528244313],[-79.0755071215033,-2.718739351486185],[-79.0757021068715,-2.717312613166301],[-79.07544000346874,-2.7168717657291874],[-79.07607119965843,-2.7165732623835304],[-79.07733516533924,-2.71497206152952],[-79.07853601279166,-2.7144894766551553],[-79.07874658320469,-2.714296028892212],[-79.07894314508422,-2.711847444950561],[-79.07948741530255,-2.711108353082004],[-79.07957568551645,-2.7106856783084066],[-79.07951625057935,-2.709496384024453],[-79.07981514010962,-2.7088273649174557],[-79.07981561139003,-2.708527877305532],[-79.0796936618239,-2.708104842559384],[-79.07962615718588,-2.7064486457222015],[-79.07891984873147,-2.704395040142301],[-79.07725890258665,-2.702207768578001],[-79.07590462706042,-2.699976956497912],[-79.07529253166636,-2.6992888978354674],[-79.07426216943583,-2.6971907232779926],[-79.07392921621626,-2.697243038228147],[-79.07377172890439,-2.6971194806681003],[-79.07375461923597,-2.6968728001124522],[-79.07391269902861,-2.6966088024239117],[-79.07381722439676,-2.6960360462275474],[-79.07409782042619,-2.6958603385747564],[-79.073958637662,-2.6952434587258485],[-79.07371366549346,-2.695049288149169],[-79.07297774431859,-2.695118580116393],[-79.07261060495058,-2.6946247060681516],[-79.07215513130306,-2.6946063898695884],[-79.07147272252057,-2.694059130348338],[-79.07138601549904,-2.693495215970262],[-79.07094809588071,-2.6934592783362397],[-79.07056236144531,-2.693652461990111],[-79.07026456885143,-2.6936167584038158],[-79.07026551110086,-2.693017767194355],[-79.06967081909475,-2.6924001846016776],[-79.06867314407404,-2.6917995995624335],[-79.06800737420905,-2.6918161864292616],[-79.06721177369825,-2.69087233711935],[-79.06675622865524,-2.6908892455187945],[-79.06616007723193,-2.6911877762474656],[-79.06565197538025,-2.6912222085391777],[-79.06530185767467,-2.6910454790563803],[-79.06395304295495,-2.6909375945189375],[-79.06318260197152,-2.690672119846984],[-79.06262290009384,-2.6901074752536536],[-79.06213228030592,-2.6901419237206614],[-79.06085383450304,-2.689840391694151],[-79.06032800250202,-2.689998131284016],[-79.06021372194621,-2.6902709822866955],[-79.0595648867038,-2.690657554862104],[-79.05909174430798,-2.690727246844169],[-79.05865386762997,-2.6906560986108436],[-79.05678120429158,-2.689455104323465],[-79.05625587753711,-2.68929569755225],[-79.05543356999326,-2.688607276035149],[-79.05494308072957,-2.688571259605406],[-79.05471512309394,-2.688711850246172],[-79.05467977525208,-2.6889055856250637],[-79.05452212257829,-2.688887722176453],[-79.0543300477665,-2.688482214528665],[-79.05380477577543,-2.6882875713945125],[-79.05364744264716,-2.6880758850046416],[-79.05287718633015,-2.6876870714512666],[-79.05139730171814,-2.687394012096568],[-79.05096048043835,-2.686653372669989],[-79.0499275557959,-2.686211290569558],[-79.04950783394631,-2.6857525497210624],[-79.04931571821213,-2.6853646527999833],[-79.04926408313622,-2.6848008165997386],[-79.04845773289239,-2.6850990103104952],[-79.04833558452266,-2.6847817078725478],[-79.04730266707703,-2.6843219803922893],[-79.0471104795965,-2.6840045725645933],[-79.04690026264066,-2.684004235421281],[-79.04661961291745,-2.684215203131091],[-79.04639228694772,-2.6839505748104147],[-79.04607662122606,-2.6841438530108355],[-79.04581384875748,-2.684143430065765],[-79.04314572553753,-2.681910524222513],[-79.04165792851083,-2.681080114237267],[-79.04127315315006,-2.680674294752511],[-79.04111681847884,-2.679846017416507],[-79.04083676104348,-2.6796870054983697],[-79.04003093642547,-2.679650469945781],[-79.03976854325201,-2.6794034232312645],[-79.03963809639431,-2.6788130124166116],[-79.03902498808922,-2.678776808374327],[-79.03860489384434,-2.6785470894900767],[-79.03821922100101,-2.6787050344771],[-79.03774635318963,-2.678616187721716],[-79.03737890973174,-2.6783337159830474],[-79.03730959704609,-2.6778579268767495],[-79.0368543139565,-2.6777338801241726]]]}},{"type":"Feature","properties":{"name":"CHIQUINTAD"},"geometry":{"type":"Polygon","coordinates":[[[-79.12428474511852,-2.715597775245526],[-79.12229689703443,-2.715266644948405],[-79.12185941595118,-2.716906150972619],[-79.12165720620692,-2.7170776775793533],[-79.1214242161267,-2.7170773137635984],[-79.12044636788085,-2.716560281909745],[-79.11837150796728,-2.7172521627312833],[-79.11812324245287,-2.717079960826014],[-79.11712912206856,-2.7170471638714258],[-79.11647733236603,-2.71663999398732],[-79.1158869941714,-2.716670313215455],[-79.1154516348456,-2.71693519800351],[-79.11476696849537,-2.7176839039384673],[-79.11420631420529,-2.7186202873882572],[-79.11303926610594,-2.719899350236241],[-79.11230054301113,-2.7204527113216304],[-79.11065302695374,-2.721043734294679],[-79.10881972930328,-2.7212439032262035],[-79.10846207375124,-2.7214776540204886],[-79.10805814101771,-2.721508268485217],[-79.10714198011655,-2.721303746018908],[-79.10656694010409,-2.7214746678244612],[-79.10620208361357,-2.7213569322988467],[-79.10621820826339,-2.720982074759629],[-79.10587676077793,-2.720778460815911],[-79.10576788323768,-2.720872012696032],[-79.10581351471731,-2.7214969209591855],[-79.10499038328165,-2.721386257859942],[-79.10472678086083,-2.7210890524452926],[-79.10427580377801,-2.7214007617086224],[-79.10368521213883,-2.721602898541371],[-79.1036691827115,-2.7219152846802546],[-79.10354486726807,-2.7219463295004047],[-79.10295473541416,-2.721851680281497],[-79.10264388085668,-2.7219605125891833],[-79.10233376483872,-2.721600763870237],[-79.10216295009029,-2.7215692578874324],[-79.10178970786677,-2.7218342266212976],[-79.10194456784873,-2.7221468715706707],[-79.10183565441818,-2.7222560337279926],[-79.10132304076072,-2.722255222904813],[-79.10104375129106,-2.7220517159930555],[-79.10079524277378,-2.72203570715569],[-79.10039063901479,-2.7224880739390738],[-79.10007243745255,-2.722339168192711],[-79.10002549881466,-2.7225577909389846],[-79.09977687842786,-2.722604249734966],[-79.09991607675823,-2.7229949833607674],[-79.09983820475217,-2.7231198275497306],[-79.09955907775868,-2.7228069938888892],[-79.09927960609362,-2.7227284250729324],[-79.09909300020651,-2.722853100763766],[-79.0990923343085,-2.7232748596660032],[-79.09845555712347,-2.723211367393643],[-79.09711927982178,-2.723443563079016],[-79.09586042515042,-2.7238320700809613],[-79.09536333240047,-2.723846912741242],[-79.0944303984634,-2.7244233773672066],[-79.09308690756849,-2.724288472192085],[-79.09291538474186,-2.7247099762904994],[-79.09164088210505,-2.7251765584327803],[-79.09131399166256,-2.72561342061009],[-79.0906459167341,-2.725690457784417],[-79.08995782360871,-2.7264563728215427],[-79.08925379036779,-2.726787282769562],[-79.08761643377329,-2.7272177972578384],[-79.08504911076146,-2.728329953277394],[-79.08163086453163,-2.7294872728992643],[-79.08014135265823,-2.7296786773826196],[-79.07786285815985,-2.7302564212333014],[-79.07667132491052,-2.7303425864008695],[-79.07484963142396,-2.7300930169192057],[-79.07403582407646,-2.729536741889912],[-79.07375543975769,-2.7290832248946195],[-79.07291627260574,-2.7294062300452824],[-79.07199674557813,-2.7295669369097997],[-79.0713196668352,-2.729355003640379],[-79.07069071454744,-2.729337784486748],[-79.0699010647502,-2.7289472702287307],[-79.06962733690358,-2.7286711369533694],[-79.06924005658705,-2.7288002557989137],[-79.06896604462491,-2.7287025084081993],[-79.06759517224928,-2.7287002976404526],[-79.06720844191379,-2.7284888312666955],[-79.06685358064799,-2.728520702270324],[-79.06672424156974,-2.728715104627499],[-79.06635328396747,-2.7287307118599053],[-79.06545073799437,-2.728340045291647],[-79.06498267982425,-2.7285501062506983],[-79.0641120348559,-2.7284027446165906],[-79.06309574198909,-2.728547056722431],[-79.06266054930055,-2.728400398168257],[-79.0625004838938,-2.7276216905773456],[-79.06211391140903,-2.7273129310423476],[-79.06195322375459,-2.726923431168605],[-79.06130074427472,-2.726508801907085],[-79.06060750435742,-2.7263455200076763],[-79.05907513573412,-2.7264890135831314],[-79.0586715276417,-2.726747825536294],[-79.0584446246289,-2.7274448310276056],[-79.05723485222033,-2.7275563813297765],[-79.05708936434675,-2.727766986614228],[-79.05583030246783,-2.7284460851535446],[-79.05563675383749,-2.728462002191396],[-79.05523395202982,-2.7282180577147797],[-79.0538388335954,-2.7282563511570297],[-79.05333929437975,-2.727996055961795],[-79.05327563425944,-2.727460766825781],[-79.05300167225293,-2.727330573658605],[-79.05262946682859,-2.7281246252689835],[-79.05220961903152,-2.7284483254776117],[-79.05235373794439,-2.7290972684192267],[-79.05228880062752,-2.7293566399361002],[-79.05159535557058,-2.7293230749054294],[-79.05111006618273,-2.7302304892630103],[-79.05033591325571,-2.730245440916998],[-79.04969001767029,-2.7307309053180506],[-79.0492706253765,-2.7307788962520942],[-79.04907711047565,-2.730762368690108],[-79.04915850327029,-2.7303084093530225],[-79.04896514530944,-2.73019455862146],[-79.04858557189138,-2.730542630720552],[-79.04819877145569,-2.7303636032936547],[-79.04753656311969,-2.730978799558374],[-79.04724638165975,-2.730913433365229],[-79.04711795625737,-2.7305402372781526],[-79.04687613503773,-2.730474949981303],[-79.04656919092758,-2.730798824415397],[-79.046181854,-2.7309603513798684],[-79.04592309785663,-2.7314140390029418],[-79.04606740278912,-2.731933233253247],[-79.04674460112258,-2.732031656049991],[-79.04669598020925,-2.732177536397406],[-79.04627626007908,-2.7324363335075366],[-79.04585684905436,-2.7324843037399478],[-79.0450821790332,-2.732823612414441],[-79.04501733826294,-2.7330181086785914],[-79.0444524495224,-2.7332766799691037],[-79.04388695094954,-2.7339082293122705],[-79.04335473746703,-2.7339235957690065],[-79.04297545062849,-2.7340932430346165],[-79.04245804727219,-2.7349033163038317],[-79.04181256197873,-2.735129284895813],[-79.04153783848741,-2.7354856205178435],[-79.04144008270013,-2.736085496786776],[-79.04089128202529,-2.7363603221921537],[-79.04068132209353,-2.736554579544373],[-79.04060020638352,-2.7368463774826512],[-79.04029338428217,-2.7370891245787243],[-79.04005166861505,-2.736958987125838],[-79.03989027798015,-2.737039814151861],[-79.03964748288622,-2.737574596878518],[-79.03843709161038,-2.7380753467426464],[-79.03825088245372,-2.7385372578601253],[-79.03844387742873,-2.738861923470046],[-79.03791108451973,-2.7392178263188613],[-79.03782959834156,-2.7397366735798157],[-79.03707172569602,-2.7396543350750973],[-79.03694192040062,-2.740124434783816],[-79.03663495732609,-2.7404645086036132],[-79.03552130736199,-2.7409816174657355],[-79.03521427074585,-2.7413703453528053],[-79.03471306505665,-2.741646828767169],[-79.03469883219427,-2.7420558444840943],[-79.03412833657688,-2.7426957423058673],[-79.03368090793809,-2.7426813625621462],[-79.03322609072083,-2.7430419242869712],[-79.03233068341704,-2.743354031530461],[-79.03182823662513,-2.7438167873938917],[-79.03138078878995,-2.7438296706428376],[-79.02924874658262,-2.745830416124586],[-79.028869106814,-2.745829787535426],[-79.02835344946641,-2.746074354833709],[-79.02806155993028,-2.7463124717683574],[-79.02781660435913,-2.7468574617875365],[-79.02716534620752,-2.7471154195788907],[-79.02693437806457,-2.747387740705014],[-79.02697443096015,-2.7477695550146035],[-79.02681118058122,-2.7481101580311567],[-79.02591553041086,-2.748572243247621],[-79.0256021860206,-2.7494716079981276],[-79.02476132734941,-2.7495929025849972],[-79.02437415364658,-2.7500490157554722],[-79.02387230694926,-2.7501436277238827],[-79.023342187143,-2.750947196277482],[-79.02233835521253,-2.751231820139058],[-79.02206671507358,-2.7515177000703903],[-79.02195715340116,-2.7521719676225205],[-79.02134634334371,-2.7525799859513858],[-79.02110165210469,-2.752961356270431],[-79.02038289462858,-2.7530283148710493],[-79.01873356560222,-2.7541913015534343],[-79.01802853443517,-2.754176482853817],[-79.01789280243548,-2.754258060628237],[-79.01782451474412,-2.7545579131026776],[-79.01607374118434,-2.7555639225264574],[-79.01521981831435,-2.755385269153325],[-79.01433124398802,-2.755663279531144],[-79.01362655636282,-2.7554303029991773],[-79.01262256531923,-2.75581038480953],[-79.01282696110205,-2.7592942995207173],[-79.01251443431865,-2.7597028024675097],[-79.0126484221579,-2.760657439076843],[-79.01222744583117,-2.761052124484769],[-79.0121591654401,-2.7613383339045274],[-79.01242981644323,-2.7616660114524705],[-79.01321546088032,-2.76213088571929],[-79.0132693149289,-2.762362778985115],[-79.01298965234668,-2.763391679561247],[-79.01305709874785,-2.7635963128702583],[-79.01343652653608,-2.763733307470225],[-79.01377212170425,-2.7642373591386513],[-79.0144062416832,-2.765568487314857],[-79.01449045240824,-2.766532028454789],[-79.01434575239345,-2.767552680867678],[-79.01478724385164,-2.7686318528546563],[-79.014801013599,-2.768962591952072],[-79.01465675402473,-2.7697100631081915],[-79.01408375613451,-2.77032739593222],[-79.01418314976641,-2.770744560963872],[-79.01412506638918,-2.771276478208221],[-79.01343695196111,-2.7723106136214475],[-79.01327813882878,-2.773230591303801],[-79.01267535921978,-2.774538081991452],[-79.01260923800493,-2.7755948124468044],[-79.01200628155347,-2.7770173245072525],[-79.01116179287759,-2.777504777292559],[-79.01114590537141,-2.7784537487303274],[-79.01052220413231,-2.7794376522256763],[-79.01047739999913,-2.7805735180262285],[-79.00960445556406,-2.7809602698962874],[-79.00926067869254,-2.7813191629906693],[-79.00914594561186,-2.781520292476391],[-79.00917343930162,-2.7821817685438686],[-79.0084204582343,-2.7835249305489316],[-79.0087189516881,-2.7845894567774527],[-79.00874585851422,-2.7855960392468497],[-79.00842113671499,-2.787371290101404],[-79.00781764050703,-2.789095744800604],[-79.00778778097832,-2.789843398141958],[-79.00802984786355,-2.7904620915663374],[-79.00759228237426,-2.791302526205466],[-79.00697602244769,-2.7921210698393844],[-79.00728873945417,-2.7932287871656847],[-79.00694408310767,-2.794090926942521],[-79.00697224395266,-2.7943641618297836],[-79.0072208802402,-2.795306425820305],[-79.00767711196555,-2.7961267958876137],[-79.00738812407153,-2.7978949295232827],[-79.00775878457078,-2.7985713580554488],[-79.00762900048299,-2.799218191414533],[-79.0072418546129,-2.799835856438434],[-79.0068251468197,-2.801028573190143],[-79.00592287586147,-2.8018322494882115],[-79.00537808041064,-2.802665296098123],[-79.00507602090737,-2.8037000615757166],[-79.00447527172636,-2.803785283233925],[-79.0037592364493,-2.8044023753349774],[-79.00290105891465,-2.804501554069066],[-79.00208981287174,-2.8049444344319387],[-79.00163564646617,-2.805650432889643],[-79.00118770625022,-2.8072908891526938],[-79.00084316027721,-2.8078243100185465],[-78.99885756291576,-2.808936034834886],[-78.99809338403713,-2.8113473683292836],[-78.99699847777069,-2.8122406965443814],[-78.99632493608594,-2.8133546386467665],[-78.99555840105378,-2.814044365601647],[-78.99515075787397,-2.814938900262738],[-78.9948221400283,-2.815299547838013],[-78.99368364632475,-2.815982812899545],[-78.99259174568665,-2.8170167358788905],[-78.99127054878322,-2.81760777890175],[-78.99079982381885,-2.817999173672451],[-78.98955177227013,-2.819681446206009],[-78.98925940410463,-2.821048613971953],[-78.9883006954628,-2.822961288014089],[-78.98820041734817,-2.823559854383649],[-78.98686658965222,-2.824879775700914],[-78.98675032285765,-2.825162318258205],[-78.98684744079836,-2.8263932619612406],[-78.98677893624459,-2.827756969282659],[-78.9858540058351,-2.8317719540739725],[-78.98571656248694,-2.8347322060466116],[-78.98622859620816,-2.8351655379331473],[-78.98670643208501,-2.836230800406472],[-78.98690077114891,-2.8375922696889337],[-78.98713308766503,-2.838061483567562],[-78.98719806263146,-2.8389992382211835],[-78.98696424677289,-2.839400675562609],[-78.98669590016665,-2.8405052545100613],[-78.98682789430417,-2.84120871923115],[-78.98634753756563,-2.8493452113092115],[-78.9860460482039,-2.850349277685578],[-78.98554479427825,-2.851319540170254],[-78.98557583793232,-2.8526255585014635],[-78.9857416406296,-2.853027695702404],[-78.98570590517062,-2.854434080256766],[-78.98763943730357,-2.853365915107353],[-78.98837388031744,-2.852362601705186],[-78.98884170341763,-2.8514592713458167],[-78.98894412507839,-2.850019504099945],[-78.98857968082267,-2.848913790411613],[-78.9890129345729,-2.8487471485291986],[-78.98927871179572,-2.8484398602829857],[-78.98908303604183,-2.8484066775140087],[-78.98857770159043,-2.847577330106314],[-78.98903662297955,-2.846918784954982],[-78.98939454519495,-2.8466343741060367],[-78.98971681284753,-2.8455939133651937],[-78.9905065152078,-2.8450748518431803],[-78.99076602273021,-2.8446910975128312],[-78.9914216715162,-2.84329187295442],[-78.9919718626994,-2.8425754074575487],[-78.99215901298281,-2.8419331384140385],[-78.99255242103001,-2.8415389434926634],[-78.99286355309653,-2.8414078865429353],[-78.99432004370027,-2.8412952468592283],[-78.99501618647055,-2.84089337440711],[-78.99583553209513,-2.8401873328865315],[-78.99632807247404,-2.8392339346905833],[-78.99673760123407,-2.8389713964759467],[-78.9972777126831,-2.8388900654200397],[-78.99747432754491,-2.8387423365913267],[-78.99889804443788,-2.8386625409715474],[-78.99925843733534,-2.8384328254877893],[-78.99983243142044,-2.8376770095671273],[-79.00046477616291,-2.836459119836502],[-79.00050309944471,-2.834791482573893],[-79.00173665847292,-2.83301841495796],[-79.00224288592442,-2.8319337347194984],[-79.0025228704077,-2.831863865540083],[-79.00318232334942,-2.8320358134003922],[-79.00395040247449,-2.832014772745833],[-79.00416158036414,-2.832194224399826],[-79.00527435661655,-2.8323976040341203],[-79.00575378380248,-2.8319395345476552],[-79.00676222080867,-2.8313200904168982],[-79.00736367278354,-2.831119666277386],[-79.00798676077581,-2.831266249185632],[-79.00822158689566,-2.830639884885802],[-79.00856690826238,-2.8304949790248877],[-79.00880123123838,-2.830159603686323],[-79.00918008160562,-2.8299364248511765],[-79.01100587690007,-2.82978285875385],[-79.01169380893413,-2.827797372178481],[-79.01242973020271,-2.827071141518105],[-79.01365477690298,-2.82670389969192],[-79.01444512286494,-2.826694059723855],[-79.01524713739589,-2.8263596621404847],[-79.01703455182674,-2.8263197577776658],[-79.01770909682779,-2.826665909662745],[-79.01840067994736,-2.826761681906135],[-79.0189541805434,-2.8266958693492237],[-79.01917592270294,-2.826473679003818],[-79.02054876467741,-2.8262311718977977],[-79.0212691745389,-2.825631466863295],[-79.02215538819799,-2.8251766880260436],[-79.02237731782294,-2.824843205111329],[-79.02261666584994,-2.824025656501423],[-79.02392384370003,-2.8233378952760964],[-79.0247557153544,-2.8222820806429754],[-79.02595149572547,-2.822028145551418],[-79.02760796592865,-2.8209570395310215],[-79.02799527990764,-2.8209910952060198],[-79.02829491325313,-2.8205130468136987],[-79.02899178526633,-2.8207479506669593],[-79.0292237183949,-2.8210488186568323],[-79.02967755353109,-2.821016200319074],[-79.03030397232043,-2.820377363765522],[-79.030315831137,-2.8198988313487416],[-79.03100255343901,-2.819599524205588],[-79.0322334026947,-2.8182327667279714],[-79.03262843784182,-2.8169703048545536],[-79.03277250170198,-2.8168592567566986],[-79.03277321075736,-2.816436357143032],[-79.0335374431643,-2.816103781413313],[-79.03352720919855,-2.815614088885968],[-79.0338822291752,-2.8151027778890607],[-79.03441328364966,-2.8152260974356347],[-79.03457938192857,-2.815181854044389],[-79.03501188918652,-2.8146706734215075],[-79.0356701742097,-2.814822002337968],[-79.03702109400244,-2.8144459094574477],[-79.03738676433913,-2.8141905518062225],[-79.03835001004907,-2.813991874850224],[-79.03913663575503,-2.8135146478575375],[-79.03945761040954,-2.813515189555214],[-79.03994423745675,-2.8137274619768644],[-79.04012313548924,-2.812637141931631],[-79.04150328173795,-2.8118264087325415],[-79.04205215938165,-2.811722235926404],[-79.04230066642903,-2.811551887716602],[-79.04239244506057,-2.811354971171051],[-79.0422367667115,-2.8106978644178495],[-79.04296999073047,-2.809740154459392],[-79.0435324344684,-2.8093338721614565],[-79.04359272027779,-2.808434104980824],[-79.04373701743606,-2.808079664735105],[-79.045096555277,-2.807582765177819],[-79.04513692619851,-2.806873447833196],[-79.04525465772794,-2.806781690576814],[-79.04567287191529,-2.8067035676739494],[-79.04611668827866,-2.806927637793341],[-79.04660009022375,-2.806915312351879],[-79.04722752384225,-2.8067193119387692],[-79.0478493972428,-2.8059255814191952],[-79.04842632028445,-2.8046785865530444],[-79.04883140129206,-2.804626693781702],[-79.04897578303762,-2.8042197121195587],[-79.04974659976632,-2.804207865603122],[-79.05024340446397,-2.803998507172735],[-79.05066125485398,-2.804117434075065],[-79.05148449761383,-2.8040268552507897],[-79.05177230386833,-2.803790886262784],[-79.05279179692774,-2.803516723625934],[-79.05334667356166,-2.8037344020427417],[-79.05354263878736,-2.8037347292391175],[-79.05368676159578,-2.8034722339694786],[-79.05454868414105,-2.803696999024351],[-79.05501923946917,-2.8035532827652205],[-79.0562995226292,-2.8035816908366393],[-79.05657428588152,-2.803332549033141],[-79.05748914175716,-2.803136994300125],[-79.05841139336916,-2.802409466278995],[-79.0593672324522,-2.8011105285683],[-79.05973340548474,-2.8009009530476097],[-79.05974914766983,-2.79927202467254],[-79.05995254085711,-2.798727177743372],[-79.05992811686835,-2.7976893514376324],[-79.06022956716855,-2.7970986828140947],[-79.06045342870732,-2.796021833437243],[-79.06167704006818,-2.7947561675717143],[-79.06223930430129,-2.7944680952344054],[-79.0635069089229,-2.794246873036703],[-79.06506119955165,-2.7944990398165546],[-79.06563661055532,-2.7941453040581004],[-79.07059582792685,-2.7875844169720048],[-79.07237204189543,-2.783987428666267],[-79.07629024567268,-2.784104632417354],[-79.0786982440526,-2.7839186684326847],[-79.08030424921134,-2.783383297398464],[-79.08227271029939,-2.7825320340910698],[-79.08345410935479,-2.781821914362948],[-79.08426023273314,-2.779607878980735],[-79.0850801419799,-2.7786123200032447],[-79.08603331175307,-2.7779255442251714],[-79.08797027733829,-2.77707421093202],[-79.08855335742037,-2.776568780327042],[-79.08899692898025,-2.7747339606914783],[-79.08952576745938,-2.7736825448905287],[-79.09095975504594,-2.7724664077736723],[-79.09387410184881,-2.7705406015766423],[-79.09544204922902,-2.7691901941197896],[-79.09612036368958,-2.7681469306737005],[-79.09769152359985,-2.76478688384351],[-79.09987678299234,-2.761174633473287],[-79.10120127438707,-2.759515237184079],[-79.1021469646323,-2.758551490300791],[-79.10310111194855,-2.7572475354766337],[-79.10390585942265,-2.7558721541366444],[-79.10448273287052,-2.7542827431843953],[-79.10508473027062,-2.751751892056423],[-79.10525820503625,-2.751514801658833],[-79.10611665917322,-2.7459935972182565],[-79.10779729096423,-2.742997631927813],[-79.10838055383041,-2.74234977133182],[-79.10908947272692,-2.7418445311888946],[-79.11017556060051,-2.7416563743016056],[-79.1111990749645,-2.741262372463586],[-79.11277243743339,-2.741423126030421],[-79.11384959867178,-2.7419232768608093],[-79.11444653841149,-2.7425888376089436],[-79.11491837769294,-2.7427478338757303],[-79.11690226587761,-2.7420546852867433],[-79.11836562404652,-2.7421361211884294],[-79.11931022558721,-2.7418686193046318],[-79.11974276664812,-2.742003810572868],[-79.12133262495011,-2.7416898226387176],[-79.12319117486618,-2.74063250358593],[-79.1239478100722,-2.739810861160036],[-79.12423123023949,-2.739700551521444],[-79.12650504379377,-2.739775323329992],[-79.13011014858532,-2.7388315285497216],[-79.13218750839069,-2.738739834477311],[-79.13460389383698,-2.738197690944406],[-79.13691716592248,-2.738201303588722],[-79.13820858864683,-2.7375228589251575],[-79.13961999839546,-2.7356023992408143],[-79.14043966224706,-2.734717536159408],[-79.14108560266955,-2.7342279753819065],[-79.14488889279058,-2.732327052031562],[-79.14611678397834,-2.7320283042679985],[-79.1453163933962,-2.7313028717909593],[-79.14465382316656,-2.7301088207684803],[-79.14443409047797,-2.7289790550454778],[-79.14462001901603,-2.726362626661208],[-79.1440201657119,-2.725534535631624],[-79.1437837215378,-2.724993315687602],[-79.14365427033653,-2.721724211936793],[-79.14386285204364,-2.7197997884991576],[-79.14410135304831,-2.7190047981367083],[-79.14408082190006,-2.716897059704961],[-79.14380729597904,-2.714741259470328],[-79.13944631725802,-2.715371385552736],[-79.13388486687226,-2.7155346075692455],[-79.13362113341246,-2.715299880226328],[-79.1337305367379,-2.7148782739015074],[-79.13301608447965,-2.714799076230163],[-79.13239437243224,-2.7150324134321018],[-79.13205260804895,-2.715031881451176],[-79.13160263012104,-2.71470317129187],[-79.13114455969641,-2.7145852876425174],[-79.13033659380093,-2.7147089998411107],[-79.1296690531965,-2.7144424140774057],[-79.12931128816116,-2.714754276202909],[-79.12882995029734,-2.7146129418920135],[-79.12836312210563,-2.71514332429224],[-79.12820772631548,-2.715174312856304],[-79.12803684916686,-2.715174047151838],[-79.1279129386397,-2.7149395410031345],[-79.12760255929552,-2.714751618330138],[-79.12760159823088,-2.715376473669389],[-79.1273213445226,-2.7157821479003172],[-79.12668441684539,-2.715812400095459],[-79.12621859891814,-2.715671083230008],[-79.12479682420154,-2.715942236273061],[-79.12440868814525,-2.7158166716686223],[-79.12428474511852,-2.715597775245526]]]}},{"type":"Feature","properties":{"name":"LLACAO"},"geometry":{"type":"Polygon","coordinates":[[[-78.88493777059998,-2.834954587119162],[-78.88244556510605,-2.8347890157054048],[-78.88174422010172,-2.834888442223298],[-78.87910719160251,-2.834514296229878],[-78.87833925438576,-2.8345128818697605],[-78.87760436954625,-2.834696173961587],[-78.87623439830264,-2.835264372152003],[-78.87499226597157,-2.8354947267854764],[-78.87448324228026,-2.8357778328586085],[-78.87363438214841,-2.8365337209995203],[-78.87285033960734,-2.836475458749358],[-78.87235364259021,-2.8376085081776115],[-78.87230286647711,-2.838264349235577],[-78.87281747019155,-2.838066285808024],[-78.87385416411189,-2.8380414754738297],[-78.87411921934499,-2.8384428539559514],[-78.87427684960959,-2.8394587335185157],[-78.87454183253168,-2.839913548863768],[-78.8748337360392,-2.840181360100906],[-78.87539170169333,-2.8402893017826107],[-78.87810249598913,-2.8405081076923704],[-78.87956342188895,-2.841045315216805],[-78.88059990299223,-2.841127405786541],[-78.88239443312344,-2.840930274177424],[-78.88300621161447,-2.840690857566059],[-78.88417579051476,-2.8406662776820477],[-78.88696604844823,-2.841045572749036],[-78.8873377303616,-2.8412867858502406],[-78.88762870431468,-2.8420623995572827],[-78.88749177724674,-2.8442803852174885],[-78.887783424653,-2.8446818645258016],[-78.88828807060246,-2.844896591503851],[-78.89049337894097,-2.845381717323399],[-78.89287177232451,-2.845693432679694],[-78.89329647064604,-2.8460149244758757],[-78.89475758721856,-2.8464719419836504],[-78.89555484538515,-2.846553591154125],[-78.8963258405093,-2.846474816101388],[-78.89749606427449,-2.8461028018868237],[-78.89853294991346,-2.845971055244639],[-78.89914391277216,-2.8461859991451797],[-78.89956861466088,-2.846507471105081],[-78.89983220876216,-2.8477373783398487],[-78.90017704047362,-2.8481389114271205],[-78.90126583129488,-2.8487021816832274],[-78.90198321763533,-2.848863831970478],[-78.90373792424027,-2.848653212522689],[-78.90469473934267,-2.84870844846593],[-78.90517348505632,-2.848548946082611],[-78.90626343987876,-2.848470747081555],[-78.90764540968527,-2.848606894094562],[-78.90777878943476,-2.848339859466532],[-78.90831059813677,-2.848233940506076],[-78.91030426208586,-2.848184128302284],[-78.91126074437706,-2.8484264163733366],[-78.91145968217326,-2.8483191698999737],[-78.91160879770982,-2.847460467156638],[-78.91211122641778,-2.8460309064398817],[-78.91309128840086,-2.846268511159642],[-78.91398328833344,-2.8463010566930023],[-78.91528993150189,-2.846690038206957],[-78.91712051752792,-2.848215086195352],[-78.91861861103202,-2.8499003766890003],[-78.91945459800803,-2.850297786409448],[-78.91997133955054,-2.850323460014053],[-78.920389365462,-2.850497409581813],[-78.92351387456597,-2.8523167826561022],[-78.92563890964692,-2.8529738665928],[-78.93072841062653,-2.8571578091143017],[-78.93129639035895,-2.8566045758197856],[-78.93275196998029,-2.85731191939672],[-78.93435606781416,-2.8586450397104906],[-78.93660735849278,-2.8591716773998255],[-78.93706735113656,-2.859777373396965],[-78.9375293762614,-2.859688014083655],[-78.93811489811176,-2.860300712870693],[-78.93857107110901,-2.860323361051657],[-78.9393970868675,-2.860062727147678],[-78.93982558035988,-2.85978608058095],[-78.94069487231782,-2.8596303740564992],[-78.94187613365887,-2.8599645283686423],[-78.94177440537537,-2.858531355747323],[-78.9418964629455,-2.85832186734115],[-78.94212252659158,-2.8582523777770725],[-78.94305178017513,-2.858577349009367],[-78.94401721276071,-2.859103353080575],[-78.94432293919898,-2.85918776853026],[-78.9447680212751,-2.85910470305916],[-78.94632702606135,-2.858128857797926],[-78.94735838181099,-2.85677462768974],[-78.94791419439764,-2.8569713517098365],[-78.94840090686353,-2.8569442545447954],[-78.94894361387813,-2.856693585586331],[-78.94944566277297,-2.8558416734672214],[-78.94949559633599,-2.8551357479439163],[-78.94970465855951,-2.8548565291345125],[-78.95083227599441,-2.8540756445258],[-78.95162626738691,-2.8532661911015254],[-78.95251820817414,-2.852079456934191],[-78.95367916055604,-2.8518995256435073],[-78.95383916627992,-2.851596314203345],[-78.95425534671494,-2.8513508137055106],[-78.95481362137991,-2.8512601758650975],[-78.95520705253007,-2.8510146657773316],[-78.95662251649668,-2.8492706286365186],[-78.95702145121561,-2.848998748203333],[-78.95724330596884,-2.8483334538730705],[-78.95683250037953,-2.8476818109977593],[-78.95612596008203,-2.847887692828785],[-78.95571421098423,-2.8477686120568717],[-78.9555699619077,-2.846141134373221],[-78.95651267938565,-2.8454919196841586],[-78.95674875998583,-2.8451077227180344],[-78.95654393913541,-2.844456472232446],[-78.95657402850499,-2.844071902545946],[-78.95754644147486,-2.8432748162599806],[-78.95772408585893,-2.842653813124539],[-78.95719538880309,-2.8421203350852213],[-78.95719584943558,-2.8418581397833487],[-78.95684786462738,-2.8420390911014928],[-78.95624532901972,-2.842000154393535],[-78.95624632737264,-2.8414320943791727],[-78.95669997506272,-2.8404672182947532],[-78.95677633101685,-2.839880371428404],[-78.95694622879192,-2.839653450722966],[-78.95756822463882,-2.839332647744029],[-78.95768294922009,-2.838348248230556],[-78.95821183112551,-2.837440296131477],[-78.95800875258072,-2.836628376876561],[-78.95803825852947,-2.8362419741505427],[-78.95894077011835,-2.8352001551323847],[-78.95855129703361,-2.8339788295832395],[-78.95769216324477,-2.8325991774503754],[-78.9565979190827,-2.8313372239172034],[-78.95638336185114,-2.8308643569962806],[-78.95599215451587,-2.83062741154421],[-78.95528756572567,-2.8304686622117505],[-78.95446600801489,-2.8300143926242995],[-78.95346744036485,-2.8300126236805077],[-78.95295861306185,-2.829873898518179],[-78.95262601265713,-2.829715807354804],[-78.95214739986454,-2.8290841251912475],[-78.95050133573281,-2.8284252513842105],[-78.94950790636803,-2.8276199543356406],[-78.94923192496697,-2.826897933097036],[-78.94915155626572,-2.826225454402692],[-78.94946318516303,-2.8252257028371983],[-78.94954621514849,-2.8243731322853245],[-78.94923796251194,-2.823454240867178],[-78.94794480852619,-2.82152514238549],[-78.94758622608819,-2.8204577997456552],[-78.94701068414292,-2.8210868669138813],[-78.94489854426517,-2.825079363957987],[-78.94440337543097,-2.8266313897181856],[-78.94410281820831,-2.8270614376428025],[-78.9441439858274,-2.828008814539541],[-78.94399337217943,-2.8284176066731574],[-78.94191339766806,-2.83015777822576],[-78.94124895051009,-2.8305441185483633],[-78.94129448838899,-2.8309092296487153],[-78.93542230193927,-2.8305350610263287],[-78.93440217818728,-2.8305332367170233],[-78.931893867734,-2.8308279143733888],[-78.92024949419046,-2.8328788741118363],[-78.918531043733,-2.833339151104031],[-78.91605603899087,-2.8351460236356485],[-78.91521755166885,-2.8354814989382544],[-78.9143586462393,-2.8355220857137833],[-78.91364675691385,-2.8353522925316996],[-78.91205435179563,-2.8356021571305674],[-78.90953937633859,-2.8363137003043057],[-78.90170456679104,-2.836678583467188],[-78.90068266285436,-2.8368512817169242],[-78.89922220428097,-2.8367789715488407],[-78.89722994620674,-2.8359397302273393],[-78.89633813628122,-2.8357630763593713],[-78.89511938309242,-2.835892114776371],[-78.89214019623488,-2.834880258119265],[-78.88493777059998,-2.834954587119162]]]}},{"type":"Feature","properties":{"name":"NULTI"},"geometry":{"type":"Polygon","coordinates":[[[-78.87230286647711,-2.838264349235577],[-78.87132625267157,-2.8395868978117633],[-78.87062178708122,-2.839625694376321],[-78.87016821813465,-2.840560260883206],[-78.86918401517079,-2.840959332944755],[-78.8684129566196,-2.841091527541119],[-78.86658020794776,-2.8403932604079256],[-78.86556953195571,-2.8407388303924974],[-78.86389442065953,-2.841056428392421],[-78.86211365221992,-2.8409996590136437],[-78.8612636469407,-2.840704084875228],[-78.86081164513016,-2.8407834432160897],[-78.86046526311797,-2.8412371210211487],[-78.85995787813424,-2.842519025909603],[-78.85978125982875,-2.844616659756588],[-78.85900714723233,-2.8464058419324703],[-78.85802185606818,-2.8473928514118576],[-78.85674497535955,-2.8479516862686425],[-78.85631867370313,-2.84851215234314],[-78.85510762068552,-2.8494052053496244],[-78.85321534503066,-2.852154408703765],[-78.84906917283973,-2.851986276089069],[-78.84872796056972,-2.8520120315098585],[-78.84811389695984,-2.85239908716062],[-78.84805895070737,-2.8526182779396447],[-78.84832931664192,-2.8538248048152797],[-78.84838123222444,-2.8552228092712153],[-78.84857085182594,-2.855881003534888],[-78.84886958244783,-2.8564845842750812],[-78.84965842838501,-2.8574180056856804],[-78.85126399926617,-2.858928551095616],[-78.85169867909671,-2.85972426383812],[-78.85183432106717,-2.8600808383742575],[-78.85155933478681,-2.8613686060306978],[-78.85240308184542,-2.862082844693825],[-78.8532750111168,-2.8623037534678275],[-78.85343806351966,-2.8625781673086426],[-78.85354518034036,-2.86361997280204],[-78.85392673640175,-2.8636754902781356],[-78.85441781168937,-2.863484543941269],[-78.85474477106874,-2.863567377478995],[-78.85523377694766,-2.8644728320857733],[-78.8557234073376,-2.8650493677907822],[-78.85610244838526,-2.8664479749628664],[-78.8565779093445,-2.8673122956524435],[-78.85635921331001,-2.86764079866251],[-78.85624925323488,-2.868133969495559],[-78.85660356103095,-2.868162042300476],[-78.85717531490668,-2.868574282641994],[-78.85788252829344,-2.869425311509019],[-78.85902708503643,-2.8696467335217872],[-78.85913571981895,-2.8698662268946777],[-78.85951721585907,-2.869949163187703],[-78.85979029334679,-2.8697030059459716],[-78.8604715579779,-2.8698413306647472],[-78.86112597286737,-2.869760327837038],[-78.86243570642067,-2.8691049429164335],[-78.86311747390964,-2.8689965833597286],[-78.86409861719311,-2.86913546834536],[-78.86442600605787,-2.8689990369484297],[-78.86529799323274,-2.869192554694427],[-78.86781796087905,-2.870115501303756],[-78.86877185091143,-2.8702543386799215],[-78.86977987022007,-2.8706125484438227],[-78.87035234481237,-2.870613619308882],[-78.87073487745033,-2.870148365362218],[-78.87079147084836,-2.8690246482034527],[-78.87136457176803,-2.8686967827406487],[-78.8722100213292,-2.868506490120326],[-78.87329865178272,-2.869495313927518],[-78.87365279328574,-2.8696330210462615],[-78.87417070273335,-2.8696613944421556],[-78.87477094210554,-2.8693884223827597],[-78.87512520410792,-2.86947130335094],[-78.87618622762264,-2.8706519476801735],[-78.87816337256534,-2.870285573207756],[-78.87879036557399,-2.870314148047644],[-78.87862482970574,-2.8713554291260857],[-78.87873322943584,-2.871711982160334],[-78.87854128723232,-2.87231465516305],[-78.87845782634203,-2.8732190487735707],[-78.87892021208647,-2.8737955098323007],[-78.87951921014516,-2.874207797785885],[-78.87970938377185,-2.874564484664461],[-78.87997952983204,-2.875908103750196],[-78.87997634263834,-2.8776349459618324],[-78.88106766286825,-2.8771709972551265],[-78.88180374358089,-2.877172369925364],[-78.88319361428317,-2.877421647297205],[-78.88349314373409,-2.8776140722538184],[-78.88383277110022,-2.8782314601471857],[-78.88372070610556,-2.879875876741854],[-78.88382933431527,-2.8800953719453246],[-78.88412916767187,-2.8801233378318933],[-78.88582142813672,-2.879030064723578],[-78.88639428504582,-2.8788392704589167],[-78.88688474299977,-2.8789772431282463],[-78.88709985580795,-2.8805948592472346],[-78.88726266056342,-2.8810062975686126],[-78.88756219193436,-2.8811987478999157],[-78.88786096618387,-2.8818023258361447],[-78.88821283687224,-2.8831735166291237],[-78.88859356301296,-2.883695020566697],[-78.8885635514238,-2.8851751471957643],[-78.88868448939141,-2.886121031656016],[-78.889556682,-2.8862323103181065],[-78.8902916361376,-2.886836695907873],[-78.89012589359871,-2.888015037688672],[-78.89034314609887,-2.888481424101632],[-78.89028789622878,-2.8888650816481305],[-78.89053295709869,-2.8890299929517047],[-78.89066811193497,-2.8896606998185725],[-78.8909951065161,-2.8897435493845265],[-78.89140332081476,-2.8901280459859637],[-78.89163199482661,-2.8900174803466085],[-78.89194057750262,-2.8894922708316826],[-78.89221891580618,-2.888688640583128],[-78.89246512911244,-2.888627212425197],[-78.89354358189094,-2.887639511536854],[-78.89616095767445,-2.886190737699836],[-78.89745793343573,-2.8834714017139422],[-78.89832019718075,-2.8829472137620775],[-78.89887402246877,-2.8828863658393],[-78.89939661863583,-2.883072919517256],[-78.89961090295625,-2.8836300221420608],[-78.90011143317595,-2.884122749643711],[-78.90023325536025,-2.884791008459351],[-78.90119088371856,-2.8859557110290335],[-78.90109063031038,-2.886945264311188],[-78.9012864972771,-2.887489981408406],[-78.9020002499552,-2.8874418136803084],[-78.90264059901673,-2.8871708230097357],[-78.90325595833325,-2.8870977424022035],[-78.90350163225511,-2.8873208902480494],[-78.90522598392239,-2.8863838314432404],[-78.90547272477825,-2.886037889551828],[-78.90586651379817,-2.8860138628088645],[-78.90640882428295,-2.8855199752260154],[-78.90660568989072,-2.885520339049853],[-78.906803427273,-2.885050613295809],[-78.9070495092481,-2.8850510679106574],[-78.90725193858907,-2.8853854377871295],[-78.90848225536138,-2.8854496099632705],[-78.90891343914868,-2.885172026254758],[-78.9104524637909,-2.884649087484945],[-78.91131650283687,-2.883166068436475],[-78.91248691499703,-2.882364089961494],[-78.91285687676518,-2.881900816165311],[-78.91304257677385,-2.881282578812972],[-78.91322753858168,-2.881066419831914],[-78.91445799360436,-2.881068682350256],[-78.91452012022282,-2.8807285660635427],[-78.91687034310421,-2.8790286969815293],[-78.91760851284545,-2.879079517143632],[-78.91956178767066,-2.8808275143793667],[-78.92012757329175,-2.8809522831709504],[-78.92061890617795,-2.8814233232781374],[-78.92147952457981,-2.8818207684409467],[-78.922094931835,-2.881722919509686],[-78.92234132931904,-2.881550166689063],[-78.9227135269209,-2.8798682976322003],[-78.92364831709446,-2.880067967601105],[-78.92411602279114,-2.8799945701658753],[-78.92571697156082,-2.8792552064464814],[-78.92691187861713,-2.878502707493801],[-78.93078134948345,-2.8752930960558727],[-78.93176782074774,-2.8741319273934414],[-78.93201310312362,-2.874577767381834],[-78.93206120696806,-2.875196435133418],[-78.93262468097232,-2.876607883052533],[-78.93289511907555,-2.876756806097127],[-78.93411498737548,-2.8758064103510166],[-78.93512466972285,-2.8754123231247433],[-78.93578928112822,-2.8753393081727685],[-78.9362812974355,-2.8754391788670675],[-78.93706750495247,-2.876158178187001],[-78.93736267348508,-2.8762329359823013],[-78.93790435182075,-2.8760854748378213],[-78.93898837472794,-2.8753946234593464],[-78.9398747553358,-2.8751735131131384],[-78.94108011619191,-2.8754478806371826],[-78.94125277482752,-2.8752254950763914],[-78.9407616557664,-2.874630752148146],[-78.94009790425939,-2.8742336519925282],[-78.94004906076984,-2.874035627193097],[-78.93980279902087,-2.874109403295563],[-78.93965466666009,-2.874381318642422],[-78.93938425205548,-2.8742323591258394],[-78.93894368178665,-2.8728954046263646],[-78.93869806004295,-2.8726227761216188],[-78.93828150959962,-2.871607528612113],[-78.93746983833864,-2.8713586302684555],[-78.93736014895919,-2.8707769570223247],[-78.93618059557016,-2.86983455007429],[-78.93549403369262,-2.8684476606674156],[-78.93456113700041,-2.8671840268756124],[-78.93431605558503,-2.8666144870852484],[-78.93376313395528,-2.8661804810964546],[-78.93371440531033,-2.865908210094345],[-78.93228898098465,-2.8648416522536055],[-78.93162634814537,-2.863825962490309],[-78.9308404601228,-2.8629337632700502],[-78.93025046186686,-2.8625862710436505],[-78.92892241905673,-2.8621137398429712],[-78.92836834156768,-2.861041803657532],[-78.92810118414573,-2.8599201323684276],[-78.92756389460564,-2.859339234424468],[-78.92698748665812,-2.859144845646605],[-78.92652689142429,-2.858680101919439],[-78.92499272421904,-2.856512246430237],[-78.92380288193186,-2.855311588486378],[-78.92128805754044,-2.8532386224476887],[-78.91867588388388,-2.851842053694696],[-78.91817741311017,-2.851067929566498],[-78.91740943164754,-2.8504865956435084],[-78.91652542470501,-2.850291691596447],[-78.91518152095485,-2.849245386765655],[-78.91395198436813,-2.84874055440683],[-78.91145968217326,-2.8483191698999737],[-78.91126074437706,-2.8484264163733366],[-78.91030426208586,-2.848184128302284],[-78.90793841749858,-2.848259993654693],[-78.90764540968527,-2.848606894094562],[-78.90626343987876,-2.848470747081555],[-78.90517348505632,-2.848548946082611],[-78.90469473934267,-2.84870844846593],[-78.90373792424027,-2.848653212522689],[-78.90198321763533,-2.848863831970478],[-78.90126583129488,-2.8487021816832274],[-78.90017704047362,-2.8481389114271205],[-78.89983220876216,-2.8477373783398487],[-78.89956861466088,-2.846507471105081],[-78.89914391277216,-2.8461859991451797],[-78.89853294991346,-2.845971055244639],[-78.89749606427449,-2.8461028018868237],[-78.8963258405093,-2.846474816101388],[-78.89555484538515,-2.846553591154125],[-78.89475758721856,-2.8464719419836504],[-78.89329647064604,-2.8460149244758757],[-78.89287177232451,-2.845693432679694],[-78.89049337894097,-2.845381717323399],[-78.88828807060246,-2.844896591503851],[-78.887783424653,-2.8446818645258016],[-78.88749177724674,-2.8442803852174885],[-78.88762870431468,-2.8420623995572827],[-78.8873377303616,-2.8412867858502406],[-78.88696604844823,-2.841045572749036],[-78.88417579051476,-2.8406662776820477],[-78.88300621161447,-2.840690857566059],[-78.88239443312344,-2.840930274177424],[-78.88059990299223,-2.841127405786541],[-78.87956342188895,-2.841045315216805],[-78.87810249598913,-2.8405081076923704],[-78.87539170169333,-2.8402893017826107],[-78.8748337360392,-2.840181360100906],[-78.87454183253168,-2.839913548863768],[-78.87427684960959,-2.8394587335185157],[-78.87411921934499,-2.8384428539559514],[-78.87385416411189,-2.8380414754738297],[-78.87281747019155,-2.838066285808024],[-78.87230286647711,-2.838264349235577]]]}},{"type":"Feature","properties":{"name":"PACCHA"},"geometry":{"type":"Polygon","coordinates":[[[-78.89141600086774,-2.8901319217591293],[-78.89161545647349,-2.8906514916801274],[-78.8915837679301,-2.8911462548643474],[-78.891398649198,-2.891455210603131],[-78.89093688310652,-2.8916399335197007],[-78.89096712001606,-2.8919183537906825],[-78.89115111614754,-2.8922279790818592],[-78.89179624476908,-2.8926931247950174],[-78.8925340190205,-2.8929728462041653],[-78.89271681715172,-2.8939319837076964],[-78.892774791199,-2.895849685011701],[-78.89301980063165,-2.896437788920489],[-78.89292700255466,-2.896715954586064],[-78.89367897134964,-2.897629772039903],[-78.8944764295115,-2.8988993346399603],[-78.89533380345635,-2.9010350091720842],[-78.89527063116485,-2.901931840204107],[-78.89542374434927,-2.902303276998106],[-78.89600979779725,-2.902335290164117],[-78.89694330046817,-2.9017807081086517],[-78.89716485123115,-2.901226791571644],[-78.89700037232603,-2.9007275748619046],[-78.89683513211712,-2.900644148541048],[-78.89691819026275,-2.900450281714795],[-78.89730420061198,-2.900395568977423],[-78.89768983323813,-2.9005625938269404],[-78.89768906598984,-2.900978321203516],[-78.89785374363126,-2.9013666470904576],[-78.8985970538533,-2.90189463527483],[-78.89903781451206,-2.902061763017263],[-78.90074728510378,-2.9018709533294533],[-78.90105009187798,-2.90209323127752],[-78.90102100465472,-2.902924655386028],[-78.90135132105256,-2.9031747139871356],[-78.90195780323761,-2.9031758442745677],[-78.90228818997959,-2.903398198966105],[-78.90264593944514,-2.9037314394723444],[-78.90333306104196,-2.9048413840956773],[-78.90374639837069,-2.904925304039132],[-78.9042707182945,-2.9046214103714596],[-78.90468390900874,-2.904788473291931],[-78.90501403563009,-2.905149379069787],[-78.9061429909906,-2.905844390870587],[-78.90743773311529,-2.906317990151918],[-78.90790673513065,-2.906124839468323],[-78.90829254586609,-2.9061809777864],[-78.90939312348434,-2.9073194032637817],[-78.91044091350827,-2.907182773696324],[-78.913733008572,-2.9083391119960345],[-78.91389803003715,-2.908533442220481],[-78.91455984525048,-2.9084237906116903],[-78.91533085488693,-2.9088964133438933],[-78.91566073932792,-2.909395915617801],[-78.9165698916165,-2.9097024682688217],[-78.91678970498783,-2.9100909118188825],[-78.91706271401715,-2.9115326693282992],[-78.91736550259687,-2.911782676476265],[-78.91750238512478,-2.9123095444818214],[-78.91717020989034,-2.9130572642918233],[-78.91719684850186,-2.913556210839335],[-78.9177187829909,-2.9145549552464414],[-78.91857218834585,-2.91519403393506],[-78.918902838108,-2.9152778109500574],[-78.91978514148771,-2.915196284852578],[-78.92032215018494,-2.915488292752321],[-78.92089779872724,-2.917263211695683],[-78.92169521499848,-2.918373368371805],[-78.92348620950116,-2.9188478532762163],[-78.92425758707813,-2.9191264341372936],[-78.92494589423296,-2.9195988986646064],[-78.92657149568208,-2.920073105959663],[-78.92739563728173,-2.9216544840457943],[-78.92744994743272,-2.922098031917691],[-78.92747673429201,-2.9225138180967245],[-78.92703515508407,-2.922790176349862],[-78.92691061431478,-2.923053260378278],[-78.92710323895923,-2.92324761768763],[-78.92759939491215,-2.923276266993687],[-78.92809600828693,-2.9230554572377114],[-78.92845412884465,-2.9231946996201628],[-78.92856810422249,-2.9243540316615557],[-78.92880287766219,-2.924828334255518],[-78.92907744637407,-2.9250262726454057],[-78.92950918459142,-2.9251850327501927],[-78.93064819038419,-2.925187142548084],[-78.93100144987912,-2.9253062684474265],[-78.93182392929063,-2.926571404416296],[-78.93272612535826,-2.9272049289943864],[-78.9328827294235,-2.9274816070692466],[-78.9327251128768,-2.9277577349947164],[-78.93272438952833,-2.928152612658638],[-78.93358651558046,-2.9292204186978013],[-78.93452941828377,-2.9290641973549634],[-78.93500130968584,-2.928749161916054],[-78.93570791823916,-2.928947905738125],[-78.93631753002084,-2.928502830035214],[-78.93707179488116,-2.92840943385996],[-78.9381721618478,-2.928063988085504],[-78.93864411041903,-2.927717349135995],[-78.93874015392463,-2.9267381970334867],[-78.93836583140737,-2.925252756020369],[-78.93814946451648,-2.92329370492917],[-78.93843322093969,-2.9227571871539935],[-78.94174686116891,-2.9212193385077],[-78.94118828935787,-2.9204050183208654],[-78.941274786353,-2.9189414349863183],[-78.94324452658127,-2.917197746010936],[-78.94426619819805,-2.9170463450788593],[-78.94512888723725,-2.9162892463714596],[-78.94525178666149,-2.9157683236721663],[-78.94605960834313,-2.9158464450948807],[-78.946517206458,-2.9157093217506294],[-78.94688367185218,-2.9153881265704706],[-78.94693000924202,-2.91505102439557],[-78.94809107071069,-2.9136890040070766],[-78.94814745198788,-2.912010780468769],[-78.94943111064225,-2.910296439521352],[-78.94990445771178,-2.909868172861015],[-78.95042332861415,-2.9095625543092054],[-78.95153796076771,-2.9085836455674356],[-78.95288075183758,-2.9078810363374523],[-78.95333039187358,-2.9079201695036176],[-78.9536196102275,-2.908165934937313],[-78.95593259311147,-2.9104998942394564],[-78.95785532579619,-2.909445798463087],[-78.95883288267704,-2.9083899933398865],[-78.95984953450967,-2.9067901229993267],[-78.9599725978078,-2.9061619352756742],[-78.95950238689085,-2.904858247895226],[-78.96037329856699,-2.9037409104912295],[-78.96140559630484,-2.9019111747421293],[-78.96224548878945,-2.9011156400018963],[-78.96355797967875,-2.9003056622615784],[-78.9635853201758,-2.897799690625415],[-78.96330038845987,-2.895147550918231],[-78.95960744306514,-2.893002680610478],[-78.95835796243215,-2.8926785421589396],[-78.95694240896039,-2.89144979275028],[-78.95572563848141,-2.8898995221305857],[-78.95536028313258,-2.8896076413531016],[-78.95434733261153,-2.8891690112703006],[-78.95428680371724,-2.888908316765649],[-78.95401265802398,-2.8887698713660943],[-78.95364765779232,-2.888294054116858],[-78.95224520539759,-2.8882761903565055],[-78.95160567337211,-2.887861203426537],[-78.95107336256225,-2.887170511597721],[-78.95073798497671,-2.887154577588917],[-78.95047918575592,-2.886970166047566],[-78.94986967439375,-2.886831125851478],[-78.94909191192875,-2.8869983080366675],[-78.94889383159327,-2.886936647551739],[-78.948840830494,-2.886744973567831],[-78.9485057996743,-2.8865604237754194],[-78.94804958270161,-2.885931196996487],[-78.94748636684709,-2.8854856624400287],[-78.9474267057314,-2.8847345069477845],[-78.94713753219003,-2.8844734433832184],[-78.94710850621273,-2.8836610229965123],[-78.94634098866955,-2.8823644940884],[-78.94612786411757,-2.8821954924977793],[-78.94587027728441,-2.881321382479163],[-78.9456270809889,-2.8809377616394],[-78.94510921741984,-2.880691573531206],[-78.94475990851508,-2.879955246919687],[-78.94404454782476,-2.8793408480170233],[-78.94387753364687,-2.8789573654785037],[-78.94329922447308,-2.8784198686819953],[-78.94218919045294,-2.8768697932171228],[-78.94180848982279,-2.8766392186481884],[-78.9416880227441,-2.875811308362988],[-78.9411420003138,-2.8753681878821986],[-78.94108011619191,-2.8754478806371826],[-78.9398747553358,-2.8751735131131384],[-78.93898837472794,-2.8753946234593464],[-78.93790435182075,-2.8760854748378213],[-78.93736267348508,-2.8762329359823013],[-78.93706750495247,-2.876158178187001],[-78.9362812974355,-2.8754391788670675],[-78.93578928112822,-2.8753393081727685],[-78.93512466972285,-2.8754123231247433],[-78.93411498737548,-2.8758064103510166],[-78.93289511907555,-2.876756806097127],[-78.93262468097232,-2.876607883052533],[-78.93206120696806,-2.875196435133418],[-78.93201310312362,-2.874577767381834],[-78.93176782074774,-2.8741319273934414],[-78.93078134948345,-2.8752930960558727],[-78.92691187861713,-2.878502707493801],[-78.92571697156082,-2.8792552064464814],[-78.92411602279114,-2.8799945701658753],[-78.92364831709446,-2.880067967601105],[-78.9227135269209,-2.8798682976322003],[-78.92234132931904,-2.881550166689063],[-78.922094931835,-2.881722919509686],[-78.92147952457981,-2.8818207684409467],[-78.92061890617795,-2.8814233232781374],[-78.92012757329175,-2.8809522831709504],[-78.91956178767066,-2.8808275143793667],[-78.91760851284545,-2.879079517143632],[-78.91687034310421,-2.8790286969815293],[-78.91452012022282,-2.8807285660635427],[-78.91445799360436,-2.881068682350256],[-78.91322753858168,-2.881066419831914],[-78.91304257677385,-2.881282578812972],[-78.91285687676518,-2.881900816165311],[-78.91248691499703,-2.882364089961494],[-78.91131650283687,-2.883166068436475],[-78.9104524637909,-2.884649087484945],[-78.90891343914868,-2.885172026254758],[-78.90848225536138,-2.8854496099632705],[-78.90725193858907,-2.8853854377871295],[-78.9070495092481,-2.8850510679106574],[-78.906803427273,-2.885050613295809],[-78.90660568989072,-2.885520339049853],[-78.90640882428295,-2.8855199752260154],[-78.90586651379817,-2.8860138628088645],[-78.90547272477825,-2.886037889551828],[-78.90522598392239,-2.8863838314432404],[-78.90350163225511,-2.8873208902480494],[-78.90325595833325,-2.8870977424022035],[-78.90264059901673,-2.8871708230097357],[-78.9020002499552,-2.8874418136803084],[-78.9012864972771,-2.887489981408406],[-78.90109063031038,-2.886945264311188],[-78.90119088371856,-2.8859557110290335],[-78.90023325536025,-2.884791008459351],[-78.90011143317595,-2.884122749643711],[-78.89961090295625,-2.8836300221420608],[-78.89939661863583,-2.883072919517256],[-78.89887402246877,-2.8828863658393],[-78.89832019718075,-2.8829472137620775],[-78.89745793343573,-2.8834714017139422],[-78.89616095767445,-2.886190737699836],[-78.89354358189094,-2.887639511536854],[-78.89246512911244,-2.888627212425197],[-78.89221891580618,-2.888688640583128],[-78.89194057750262,-2.8894922708316826],[-78.89163199482661,-2.8900174803466085],[-78.89141600086774,-2.8901319217591293]]]}},{"type":"Feature","properties":{"name":"RICAURTE"},"geometry":{"type":"Polygon","coordinates":[[[-78.95931327988933,-2.8349251981655965],[-78.95803825852947,-2.8362419741505427],[-78.95800875258072,-2.836628376876561],[-78.95821183112551,-2.837440296131477],[-78.95768294922009,-2.838348248230556],[-78.95756822463882,-2.839332647744029],[-78.95694622879192,-2.839653450722966],[-78.95677633101685,-2.839880371428404],[-78.95669997506272,-2.8404672182947532],[-78.95624632737264,-2.8414320943791727],[-78.95624532901972,-2.842000154393535],[-78.95684786462738,-2.8420390911014928],[-78.95719584943558,-2.8418581397833487],[-78.95719538880309,-2.8421203350852213],[-78.95772408585893,-2.842653813124539],[-78.95754644147486,-2.8432748162599806],[-78.95657402850499,-2.844071902545946],[-78.95654393913541,-2.844456472232446],[-78.95674875998583,-2.8451077227180344],[-78.95651267938565,-2.8454919196841586],[-78.9555699619077,-2.846141134373221],[-78.95571421098423,-2.8477686120568717],[-78.95612596008203,-2.847887692828785],[-78.95683250037953,-2.8476818109977593],[-78.95724330596884,-2.8483334538730705],[-78.95702145121561,-2.848998748203333],[-78.95662251649668,-2.8492706286365186],[-78.95520705253007,-2.8510146657773316],[-78.95481362137991,-2.8512601758650975],[-78.95425534671494,-2.8513508137055106],[-78.95383916627992,-2.851596314203345],[-78.95367916055604,-2.8518995256435073],[-78.95251820817414,-2.852079456934191],[-78.95162626738691,-2.8532661911015254],[-78.95083227599441,-2.8540756445258],[-78.94970465855951,-2.8548565291345125],[-78.94949559633599,-2.8551357479439163],[-78.94944566277297,-2.8558416734672214],[-78.94894361387813,-2.856693585586331],[-78.94840090686353,-2.8569442545447954],[-78.94791419439764,-2.8569713517098365],[-78.94735838181099,-2.85677462768974],[-78.94632702606135,-2.858128857797926],[-78.9447680212751,-2.85910470305916],[-78.94432293919898,-2.85918776853026],[-78.9426784054172,-2.8584106511957414],[-78.94212252659158,-2.8582523777770725],[-78.9418964629455,-2.85832186734115],[-78.94175656593944,-2.858793460315435],[-78.94187613365887,-2.8599645283686423],[-78.94069487231782,-2.8596303740564992],[-78.93982558035988,-2.85978608058095],[-78.93902750312915,-2.8602149761527182],[-78.93811489811176,-2.860300712870693],[-78.9375293762614,-2.859688014083655],[-78.93724695428286,-2.859687504443913],[-78.93706735113656,-2.859777373396965],[-78.9375263738048,-2.860479803422739],[-78.93704652170032,-2.8610870616855317],[-78.93704552599281,-2.861644473616895],[-78.93797725852976,-2.862000884947905],[-78.94095943171087,-2.8642486317621305],[-78.94124442747966,-2.8648140003850466],[-78.94067091625587,-2.865524767385005],[-78.94249731167692,-2.867539214030641],[-78.94432517475693,-2.870219563415309],[-78.94639574761494,-2.872550094394278],[-78.9495540435035,-2.876460412324052],[-78.95048490768666,-2.8765155624537906],[-78.95210607914336,-2.877294075853835],[-78.95266478657115,-2.877214860654746],[-78.95343693099433,-2.8767883261744713],[-78.9542616843454,-2.8766828314869324],[-78.95455463189491,-2.8764694242775835],[-78.95482045853176,-2.8765768574091815],[-78.95569890602069,-2.876197345542148],[-78.95626614420274,-2.8750617249357],[-78.95753128329694,-2.874127953916292],[-78.95859606945162,-2.8736618367729947],[-78.95909641632059,-2.872760115750708],[-78.95986169577402,-2.872427184235271],[-78.96012824625414,-2.872126778392506],[-78.96135081939877,-2.871771550980182],[-78.96356828700944,-2.8719803307114424],[-78.96402024880406,-2.872345195283157],[-78.96537376402688,-2.8748051143700506],[-78.96335463112862,-2.8776002965954968],[-78.96249127093242,-2.8795101239233545],[-78.96298605462192,-2.8812631172065024],[-78.9666902897912,-2.879827480193865],[-78.96749086815018,-2.879828914047664],[-78.96827909006457,-2.8769780039964323],[-78.96918668094244,-2.87550972547823],[-78.96977902615748,-2.875160790417111],[-78.97085839892479,-2.874987739668106],[-78.97159151852551,-2.8737641210048515],[-78.97286406239041,-2.8725939482446754],[-78.97345728120014,-2.8717550699369103],[-78.97394539973973,-2.871300965560651],[-78.97478348156322,-2.869762551595597],[-78.97579809039178,-2.8668245089149],[-78.97606175143272,-2.865337582253357],[-78.97791422655459,-2.8609660945262925],[-78.97833246140732,-2.8606518769908886],[-78.97918974377062,-2.85808102302355],[-78.97974786047591,-2.8573820435317416],[-78.97982049196764,-2.8556672700722205],[-78.98044965980891,-2.8541634752137597],[-78.98045075853007,-2.8535335040867023],[-78.98120450856938,-2.850437496779294],[-78.98166612903724,-2.8451886114668126],[-78.98226041049972,-2.843719735295435],[-78.9822987130458,-2.8417248883520334],[-78.98184351920919,-2.840178575437133],[-78.98135959457852,-2.8402629458543167],[-78.98052586725555,-2.8401566991692557],[-78.97971008965881,-2.8397185309077524],[-78.97811152258627,-2.839855488446487],[-78.97687741579641,-2.8402201261538553],[-78.97625204325972,-2.840184083986386],[-78.97609590701946,-2.840061570200843],[-78.97562671389046,-2.8401306113207303],[-78.97470643033,-2.8398495019127874],[-78.97333786618096,-2.8390736325377643],[-78.9737665404547,-2.8375393890122464],[-78.97505826097911,-2.8366482713551355],[-78.97566173337196,-2.835717090490507],[-78.97588343902399,-2.8351030692857133],[-78.97133304781805,-2.83487635384555],[-78.97082101333747,-2.835142166641246],[-78.97030973368123,-2.8349888723409773],[-78.96983585039723,-2.8351023321369087],[-78.96792335121793,-2.8344512422249886],[-78.96741135683438,-2.8346979810017165],[-78.96686105911407,-2.83517328387236],[-78.96661463823112,-2.835249055732215],[-78.96638760665556,-2.8350581486479944],[-78.96579985523654,-2.835285724718003],[-78.9651938801152,-2.835094148826155],[-78.96447504703221,-2.8344451606767342],[-78.96343410015149,-2.833795585017128],[-78.96257243295702,-2.8335559084789756],[-78.95974661579844,-2.8334493900160456],[-78.95951106788546,-2.833783668998555],[-78.95931327988933,-2.8349251981655965]]]}},{"type":"Feature","properties":{"name":"SIDCAY"},"geometry":{"type":"Polygon","coordinates":[[[-78.960905232066,-2.8055250296991763],[-78.95696581314263,-2.8086826241155487],[-78.95516301447475,-2.8085451592905577],[-78.95262085308177,-2.8111594273439664],[-78.95020472335804,-2.8180713212974964],[-78.94760857180005,-2.8205385251001998],[-78.94794480852619,-2.82152514238549],[-78.94923796251194,-2.823454240867178],[-78.94954621514849,-2.8243731322853245],[-78.94946318516303,-2.8252257028371983],[-78.94915155626572,-2.826225454402692],[-78.94923192496697,-2.826897933097036],[-78.94950790636803,-2.8276199543356406],[-78.95050133573281,-2.8284252513842105],[-78.95214739986454,-2.8290841251912475],[-78.95262601265713,-2.829715807354804],[-78.95295861306185,-2.829873898518179],[-78.95346744036485,-2.8300126236805077],[-78.95446600801489,-2.8300143926242995],[-78.95528756572567,-2.8304686622117505],[-78.95599215451587,-2.83062741154421],[-78.95638336185114,-2.8308643569962806],[-78.9565979190827,-2.8313372239172034],[-78.95769216324477,-2.8325991774503754],[-78.95855129703361,-2.8339788295832395],[-78.95894077011835,-2.8352001551323847],[-78.95931327988933,-2.8349251981655965],[-78.95951106788546,-2.833783668998555],[-78.95974661579844,-2.8334493900160456],[-78.96257243295702,-2.8335559084789756],[-78.96343410015149,-2.833795585017128],[-78.96447504703221,-2.8344451606767342],[-78.9651938801152,-2.835094148826155],[-78.96579985523654,-2.835285724718003],[-78.96638760665556,-2.8350581486479944],[-78.96661463823112,-2.835249055732215],[-78.96686105911407,-2.83517328387236],[-78.96741135683438,-2.8346979810017165],[-78.96792335121793,-2.8344512422249886],[-78.96983585039723,-2.8351023321369087],[-78.97030973368123,-2.8349888723409773],[-78.97082101333747,-2.835142166641246],[-78.97133304781805,-2.83487635384555],[-78.97588343902399,-2.8351030692857133],[-78.97566173337196,-2.835717090490507],[-78.97505826097911,-2.8366482713551355],[-78.9737665404547,-2.8375393890122464],[-78.97333786618096,-2.8390736325377643],[-78.97470643033,-2.8398495019127874],[-78.97562671389046,-2.8401306113207303],[-78.97609590701946,-2.840061570200843],[-78.97625204325972,-2.840184083986386],[-78.97687741579641,-2.8402201261538553],[-78.97811152258627,-2.839855488446487],[-78.97971008965881,-2.8397185309077524],[-78.98052586725555,-2.8401566991692557],[-78.98135959457852,-2.8402629458543167],[-78.98184351920919,-2.840178575437133],[-78.98206030866481,-2.838679637674117],[-78.98308590406472,-2.8378178305629675],[-78.98339106671233,-2.8369833502752857],[-78.9849414153395,-2.8366470169567837],[-78.98483957245527,-2.8340378989329875],[-78.98470981421488,-2.8335120773632294],[-78.98436240711274,-2.832876373853242],[-78.9826443937185,-2.831362262012126],[-78.98220971549797,-2.830813994059567],[-78.98197209595025,-2.8296747781281275],[-78.98199080139649,-2.827474168095276],[-78.98368358408139,-2.824233901694156],[-78.98684744079836,-2.8263932619612406],[-78.98673338475601,-2.8253951296762523],[-78.98686658965222,-2.824879775700914],[-78.98820041734817,-2.823559854383649],[-78.9883006954628,-2.822961288014089],[-78.98797153480834,-2.8219794288292226],[-78.98795847279747,-2.8199669339220907],[-78.98744665302573,-2.819417171094519],[-78.98709214512344,-2.8187596193677624],[-78.98702770293474,-2.81776157978057],[-78.98666446502777,-2.817378421884381],[-78.98674864792021,-2.8165136986707395],[-78.98626968179525,-2.8160970646355774],[-78.98630415443056,-2.815282165621525],[-78.98589114407727,-2.8149820635206444],[-78.98571901780407,-2.814075322180584],[-78.98593550577176,-2.813227488579243],[-78.98586983562782,-2.812944617362982],[-78.9856881047853,-2.8128112504681115],[-78.98588818763601,-2.8118968370675024],[-78.98562440161356,-2.8113808008007095],[-78.9855428687752,-2.8101139448332986],[-78.98495693544707,-2.809485796566101],[-78.98530663945216,-2.808803939898262],[-78.98505041535913,-2.8084530384456308],[-78.98517991059798,-2.8078260912831667],[-78.98496066250785,-2.807309273899934],[-78.98518129967701,-2.8070145266650397],[-78.98526692971394,-2.8052162643518113],[-78.98416712349943,-2.8047347808683503],[-78.98396658125779,-2.8039966370896914],[-78.98349044748524,-2.8035162387544945],[-78.98318060637949,-2.8023536413855927],[-78.98264945476762,-2.801873160920339],[-78.98210978067115,-2.8010145094605248],[-78.98234905814117,-2.8005353613680257],[-78.98205644029984,-2.8000183868699473],[-78.98213042247522,-2.7996680575090673],[-78.98185570275007,-2.799409342067516],[-78.98185680624364,-2.7987637709167053],[-78.98101386706183,-2.798245845676918],[-78.98094080576922,-2.7980612736559705],[-78.98108920448144,-2.797102381908053],[-78.98057617402196,-2.7967510321922733],[-78.98082499442782,-2.796059781156947],[-78.98034904644453,-2.795487143272177],[-78.98005553455839,-2.7954866362434556],[-78.97987244343423,-2.795283414583723],[-78.97985583716043,-2.7942689097143885],[-78.9799925447642,-2.7935459958702387],[-78.96828866251124,-2.7926980749225727],[-78.9670389331398,-2.7940631889077983],[-78.96631947625157,-2.794197521140147],[-78.9648997328811,-2.7964098188289537],[-78.96465215469888,-2.796612783753706],[-78.96408978484142,-2.7968830009680445],[-78.9620449186787,-2.7966534387735895],[-78.96114279871702,-2.797103848518322],[-78.96047886746129,-2.798246168254217],[-78.96054558745254,-2.7989289640567274],[-78.96029050204139,-2.7992015902189076],[-78.96054402476067,-2.7998335208706573],[-78.96011823960974,-2.8006690683306785],[-78.96037200869567,-2.80114738099041],[-78.96098230319828,-2.801592176618689],[-78.96120142869225,-2.802462991778545],[-78.96120024824805,-2.80314566925495],[-78.960910312022,-2.8039473137313973],[-78.96116336184309,-2.8048523098521216],[-78.96117901981468,-2.805603278386559],[-78.960905232066,-2.8055250296991763]]]}},{"type":"Feature","properties":{"name":"SININCAY"},"geometry":{"type":"Polygon","coordinates":[[[-78.98908303604183,-2.8484066775140087],[-78.99060216000366,-2.8486894883248297],[-78.99128607293571,-2.8486397712534335],[-78.99260204757059,-2.849227774908128],[-78.99379197300226,-2.8494845115332574],[-78.99427247745369,-2.84989280138669],[-78.99404321350565,-2.8506308960263085],[-78.99411886063963,-2.8508347499798634],[-78.99452357973193,-2.8511410593906925],[-78.99504123636899,-2.85063831272915],[-78.99593697667444,-2.8539956809191964],[-78.99609342045287,-2.855046399803827],[-78.99631475723734,-2.855205960298407],[-78.99571267507179,-2.855523239854685],[-78.99558560916748,-2.8557776474961076],[-78.995648094468,-2.8562552507912367],[-78.99510979055432,-2.8563179669610212],[-78.99507772304605,-2.8565407365444315],[-78.994792243129,-2.856871288795735],[-78.99448825383843,-2.8569114839097587],[-78.99379974270525,-2.8566862134532287],[-78.99351513892123,-2.8572357334876908],[-78.99503336744314,-2.858032940268502],[-78.99709743382655,-2.859544123347698],[-78.99746148321834,-2.8599318380295946],[-78.9977135765448,-2.860614765564805],[-78.99744889746988,-2.861347702211669],[-78.99657599424216,-2.862303686071574],[-78.9963527872349,-2.862486636572041],[-78.99491361558563,-2.8628304461720346],[-78.99436604217952,-2.8631147123928296],[-78.99379779365918,-2.863643378618859],[-78.99343211240739,-2.8642131850783934],[-78.9932589473872,-2.8647527443846457],[-78.99335773739962,-2.866199367131908],[-78.99366013368889,-2.867075899130819],[-78.99355647913961,-2.868420305099946],[-78.9939507072942,-2.8689201478670796],[-78.99478062497415,-2.8693901407554327],[-78.99656271944824,-2.8699433593674444],[-78.99680504473214,-2.8704123434119233],[-78.99737138479,-2.8709837647755005],[-78.99968222186382,-2.8704174009180616],[-79.00042190046302,-2.8703473927121763],[-79.00153479686738,-2.8712253377379806],[-79.00195996049447,-2.871409464581659],[-79.00220327267178,-2.8713080240084934],[-79.00208553247306,-2.8691075911352235],[-79.0037160135539,-2.8688154371042236],[-79.00409371899165,-2.8684874633037833],[-79.00414457481372,-2.868158897933357],[-79.00394392330752,-2.8678804533669315],[-79.00361731797578,-2.867728203965242],[-79.00339164224913,-2.8673738990369166],[-79.00336710592005,-2.8670199148411406],[-79.00349327231656,-2.866767335938659],[-79.00379532827344,-2.8665656198242697],[-79.0049771835969,-2.866491833593536],[-79.00575592337847,-2.8668977050854627],[-79.0069350695376,-2.8683913010448894],[-79.00688302694454,-2.8694024367078463],[-79.00597367718967,-2.8718277627194992],[-79.00549458896654,-2.872610629609257],[-79.00473933026086,-2.873165473165196],[-79.00428559059414,-2.873821954629422],[-79.00425932517366,-2.8744791921511967],[-79.0044091007242,-2.875111483290657],[-79.00458443978684,-2.875490987844722],[-79.00527481438886,-2.8760989411265103],[-79.00524940763258,-2.876250574053342],[-79.00469595765564,-2.876426554286016],[-79.00456975123086,-2.8767044322287694],[-79.00474480168455,-2.877260888232802],[-79.00577377623821,-2.8783497500715183],[-79.0067032009585,-2.878856994979355],[-79.0074804801514,-2.8800971121510113],[-79.0077819456055,-2.8802493127817823],[-79.0082094612334,-2.8801994954808343],[-79.00826014958847,-2.879972058284944],[-79.00838589869949,-2.879946979311726],[-79.00924030973239,-2.880226591157455],[-79.01029680352674,-2.879950330735247],[-79.01082530710148,-2.8796732133326852],[-79.01102715055671,-2.879269062765651],[-79.01130394895075,-2.87914315032857],[-79.01135479295525,-2.878814583560789],[-79.01193335793181,-2.8786639185711045],[-79.01205937598488,-2.8784871803109793],[-79.01256229136598,-2.878462779831727],[-79.01315263748204,-2.8787671945856372],[-79.01335395505114,-2.878666404830188],[-79.01325418696644,-2.878211189212843],[-79.01340516719482,-2.878135598397154],[-79.01400855717156,-2.878161934434228],[-79.01420948105161,-2.8782887022698547],[-79.01476330242747,-2.8779104524363457],[-79.01498945750163,-2.8779866900565954],[-79.01501417032382,-2.8782395474422833],[-79.01521518186628,-2.8783157474418424],[-79.01569312923223,-2.8781901660139155],[-79.01627207529819,-2.8778119779071565],[-79.0165738861793,-2.877761943336387],[-79.01685019162628,-2.877914098037516],[-79.01712687778776,-2.877864038400132],[-79.01720259546963,-2.8776871858807604],[-79.01800672465824,-2.8779666784102855],[-79.01838442783641,-2.877638699154064],[-79.0191880093888,-2.8782215539744778],[-79.02103471678333,-2.8790084743052358],[-79.02191548166486,-2.8785802718107547],[-79.02231707200701,-2.878985427779142],[-79.02269391080921,-2.879163044121325],[-79.02354863711378,-2.8792656497420137],[-79.02380015558568,-2.879215538370378],[-79.02405207834757,-2.8789378866681568],[-79.02435352369994,-2.879090090488467],[-79.02473078001128,-2.87904017238111],[-79.0256876908753,-2.878182297038827],[-79.02790309805764,-2.8765681630115383],[-79.0284573520282,-2.8759371251612844],[-79.02871131089792,-2.874471299315539],[-79.02885605266862,-2.870704699911993],[-79.02910857127178,-2.8700731244828437],[-79.02988878442937,-2.8696194160185406],[-79.03024167297505,-2.8691144058076605],[-79.03131847217041,-2.864312919609063],[-79.0315455585943,-2.8638329651348275],[-79.03309511557902,-2.8619395877378087],[-79.033752947233,-2.8595137492467644],[-79.03523945837001,-2.857721365690484],[-79.03535366297781,-2.857114827923052],[-79.03527864944532,-2.8568618817342113],[-79.0348520392055,-2.856380814539097],[-79.03480226133671,-2.8560773495582237],[-79.03500438990196,-2.855496243894363],[-79.03598633245517,-2.854714214390474],[-79.03633856628943,-2.8545631443892368],[-79.03731911103786,-2.8545901002499154],[-79.0374956659707,-2.8542617417079503],[-79.03777524203434,-2.8524925658753357],[-79.03869730662892,-2.8499407724949055],[-79.039155093614,-2.846857290618395],[-79.03919544601223,-2.845289939649773],[-79.03952342419089,-2.8446331762075023],[-79.04022881759317,-2.843800112954243],[-79.03987825677306,-2.8429652551756868],[-79.04045906977088,-2.8414493864083132],[-79.04013307895876,-2.8409432073629812],[-79.03964308820227,-2.840765423327609],[-79.03959339827942,-2.840411389550489],[-79.0398704653845,-2.8401084873171683],[-79.0398959492327,-2.8399062812569795],[-79.0397463802382,-2.8391476100696535],[-79.04040251488777,-2.8377077117763316],[-79.0406810028734,-2.8365705380120145],[-79.04061520819076,-2.835707890878456],[-79.04000488776732,-2.834333654783627],[-79.04000575061404,-2.8338203149009162],[-79.04015995177997,-2.833191749166507],[-79.04062068559249,-2.8324481605815692],[-79.04103086168426,-2.831409359282979],[-79.040904781723,-2.830485108889005],[-79.03165673474037,-2.818899510257807],[-79.03100255343901,-2.819599524205588],[-79.030315831137,-2.8198988313487416],[-79.03030397232043,-2.820377363765522],[-79.02967755353109,-2.821016200319074],[-79.0292237183949,-2.8210488186568323],[-79.02899178526633,-2.8207479506669593],[-79.02829491325313,-2.8205130468136987],[-79.02799527990764,-2.8209910952060198],[-79.02760796592865,-2.8209570395310215],[-79.02595149572547,-2.822028145551418],[-79.0247557153544,-2.8222820806429754],[-79.02392384370003,-2.8233378952760964],[-79.02261666584994,-2.824025656501423],[-79.02237731782294,-2.824843205111329],[-79.02215538819799,-2.8251766880260436],[-79.0212691745389,-2.825631466863295],[-79.02054876467741,-2.8262311718977977],[-79.01917592270294,-2.826473679003818],[-79.0189541805434,-2.8266958693492237],[-79.01867739249657,-2.8267510408254837],[-79.01802436451501,-2.8267610369606992],[-79.01703455182674,-2.8263197577776658],[-79.01524713739589,-2.8263596621404847],[-79.01444512286494,-2.826694059723855],[-79.01312028869741,-2.8268149103203455],[-79.01242973020271,-2.827071141518105],[-79.01169380893413,-2.827797372178481],[-79.01100587690007,-2.82978285875385],[-79.00918008160562,-2.8299364248511765],[-79.00880123123838,-2.830159603686323],[-79.00856690826238,-2.8304949790248877],[-79.00822158689566,-2.830639884885802],[-79.00798676077581,-2.831266249185632],[-79.00736367278354,-2.831119666277386],[-79.00676222080867,-2.8313200904168982],[-79.00575378380248,-2.8319395345476552],[-79.00527435661655,-2.8323976040341203],[-79.00416158036414,-2.832194224399826],[-79.00395040247449,-2.832014772745833],[-79.00318232334942,-2.8320358134003922],[-79.0025228704077,-2.831863865540083],[-79.00224288592442,-2.8319337347194984],[-79.00173665847292,-2.83301841495796],[-79.00050309944471,-2.834791482573893],[-79.00046477616291,-2.836459119836502],[-78.99983243142044,-2.8376770095671273],[-78.99925843733534,-2.8384328254877893],[-78.99889804443788,-2.8386625409715474],[-78.99747432754491,-2.8387423365913267],[-78.9972777126831,-2.8388900654200397],[-78.99673760123407,-2.8389713964759467],[-78.99632807247404,-2.8392339346905833],[-78.99583553209513,-2.8401873328865315],[-78.99501618647055,-2.84089337440711],[-78.99432004370027,-2.8412952468592283],[-78.99286355309653,-2.8414078865429353],[-78.99255242103001,-2.8415389434926634],[-78.99215901298281,-2.8419331384140385],[-78.9919718626994,-2.8425754074575487],[-78.9914216715162,-2.84329187295442],[-78.99076602273021,-2.8446910975128312],[-78.9905065152078,-2.8450748518431803],[-78.98971681284753,-2.8455939133651937],[-78.98939454519495,-2.8466343741060367],[-78.98903662297955,-2.846918784954982],[-78.98857770159043,-2.847577330106314],[-78.98908303604183,-2.8484066775140087]]]}},{"type":"Feature","properties":{"name":"TARQUI"},"geometry":{"type":"Polygon","coordinates":[[[-79.04943985163136,-2.96206212522369],[-79.04960265242192,-2.962618158955281],[-79.04900689335078,-2.963769787596689],[-79.04884199126685,-2.9644075778686965],[-79.04918862303539,-2.9652109456496185],[-79.04924923025031,-2.9656844941072316],[-79.04917551900637,-2.9668576217107425],[-79.04872231029533,-2.9684417389967446],[-79.04859908485827,-2.9686679594001415],[-79.0478619728328,-2.9687078052359124],[-79.04743147832697,-2.9690157851331005],[-79.04718511004342,-2.9694064526944306],[-79.04716416169784,-2.9696740000383253],[-79.04722521155621,-2.9698799391751587],[-79.04760345124589,-2.9701893596027693],[-79.0475414008133,-2.9705391702292006],[-79.04631135611073,-2.9714632539427974],[-79.04608539922478,-2.971895109116195],[-79.04594074689514,-2.9726564275458887],[-79.04632800020289,-2.973645148481241],[-79.04630701474217,-2.9739332653423025],[-79.04531296374755,-2.9745490088939],[-79.04447366758512,-2.9744857496420014],[-79.04404313973646,-2.9748143210581537],[-79.04373481785264,-2.975493029584182],[-79.04338697253927,-2.9753894918398784],[-79.04310086989358,-2.9750802273655936],[-79.04279496652332,-2.9744004318937587],[-79.04226343083923,-2.9739672424115224],[-79.04126533700537,-2.9710631974834976],[-79.04027585250223,-2.9690854273407443],[-79.03986700264146,-2.9687347804600046],[-79.03894616183148,-2.9684655451204716],[-79.03798475256829,-2.967990426274545],[-79.03637106657314,-2.9658880340195517],[-79.03587996131063,-2.965743063856741],[-79.03271701050069,-2.9656345119862535],[-79.03081338939553,-2.9654047082323345],[-79.03007592289389,-2.9656503965323204],[-79.02821118571762,-2.966593869864401],[-79.0273610697499,-2.966859942360513],[-79.02592777344876,-2.9669603179658464],[-79.02527222564082,-2.9671855346435376],[-79.02379574505379,-2.968541385859018],[-79.02307843840865,-2.9689517667545884],[-79.02252442170312,-2.9696505901986594],[-79.02184813793943,-2.970019878911521],[-79.02108011737178,-2.9701831680313453],[-79.01678048862763,-2.9703195034952325],[-79.00873175196475,-2.971869276317761],[-79.00854767550544,-2.9717660269020985],[-79.007670653104,-2.9699119801724785],[-79.00732326796444,-2.969540838210745],[-79.00583028250072,-2.96867366802119],[-79.0048285772622,-2.967848532248557],[-79.00365383144774,-2.9664879154083796],[-79.00334841720966,-2.9657413736519627],[-79.00181099863755,-2.966002293557363],[-79.00048647968057,-2.9667908315741043],[-78.9991791209948,-2.9679568876935023],[-78.99774789083486,-2.968421669540658],[-78.99574535306353,-2.968418026854402],[-78.99526517311419,-2.968145313848826],[-78.9931868878825,-2.969330144169027],[-78.98993054209579,-2.970546565657706],[-78.98799853181443,-2.971082302524689],[-78.98681677756582,-2.972014874668239],[-78.98524262611191,-2.9724074713783164],[-78.98370393516264,-2.9729798770020244],[-78.98137961568139,-2.972939659335829],[-78.98084282005324,-2.973154386099283],[-78.98037691825336,-2.9737287484061423],[-78.97991236343603,-2.9735481420286582],[-78.9794130282596,-2.9728282070622845],[-78.97891194750962,-2.9730789324083253],[-78.97826867265395,-2.9728620567584954],[-78.97733540801528,-2.9731838988225046],[-78.97699550563557,-2.9748909631108744],[-78.97638569302435,-2.975932439635233],[-78.97538290029013,-2.976757472626582],[-78.9742374871115,-2.9773665290788776],[-78.97270080940936,-2.976824436812556],[-78.97148643691219,-2.976031224217579],[-78.96948443760233,-2.975739946667304],[-78.96826855760851,-2.9757736514544497],[-78.96440462503593,-2.976809090008467],[-78.96340323392047,-2.9768791261405867],[-78.9624368183581,-2.9773806332643935],[-78.96027036801169,-2.979012408744691],[-78.95876449341714,-2.9811666769590923],[-78.95854711163528,-2.9827121522624838],[-78.95786619644254,-2.9835018281018573],[-78.95747138644829,-2.984292011090791],[-78.95650032175391,-2.9873100759504747],[-78.95544125206064,-2.989555045792252],[-78.953793989921,-2.9908102576819253],[-78.95113375660912,-2.9914880927409677],[-78.95101330891721,-2.9919881380743063],[-78.9513210989122,-2.992520878264316],[-78.95129843968166,-2.9928534258114197],[-78.95163994640201,-2.9930425561257428],[-78.95249681846913,-2.994818040784596],[-78.95311302389636,-2.995550920605573],[-78.9533747237832,-2.997147915069076],[-78.95326320855318,-2.997812911924676],[-78.95332863795332,-2.9982121558789823],[-78.95370209940323,-2.9990110993196324],[-78.95419742173593,-2.9995109244373896],[-78.95441468105723,-3.001285243742782],[-78.95472111307,-3.002549695425172],[-78.95473279597127,-3.0038004895267765],[-78.95509970591843,-3.004940696281973],[-78.9557041947656,-3.0058958342434976],[-78.95575103016098,-3.0090494383290216],[-78.9561975688984,-3.0098982670094805],[-78.95638030496995,-3.010852632014511],[-78.95592784140005,-3.01318378147462],[-78.9562955650051,-3.0138999884340723],[-78.95682209792346,-3.0142454693200693],[-78.95692680836181,-3.014643171816747],[-78.95689995618636,-3.0149081268177316],[-78.95584213710002,-3.016734647108028],[-78.9556826649479,-3.017449834911166],[-78.9556551624086,-3.0180592833735314],[-78.9561258802573,-3.0200741827425985],[-78.95612484050261,-3.0206306776752947],[-78.95572754637928,-3.0216369325545345],[-78.95569856160704,-3.023041400506582],[-78.95612976901894,-3.025042958208728],[-78.95665575934063,-3.0256799648100983],[-78.95834185732069,-3.026186658751192],[-78.95973620671928,-3.027646791357822],[-78.96036840920932,-3.0278864615577428],[-78.9618178636885,-3.0280747151929663],[-78.96350305680731,-3.0290584128550124],[-78.96405574737193,-3.029536465143853],[-78.96492245414412,-3.031234117294956],[-78.96539441849616,-3.0325865095616322],[-78.96574297708027,-3.0364959552851345],[-78.96708338417106,-3.0386185191706874],[-78.9674240867835,-3.0396791791154563],[-78.96773685049317,-3.041587787058119],[-78.96799925040816,-3.0422242867821994],[-78.96813097134614,-3.042277539837001],[-78.96865955169653,-3.0415365146369147],[-78.96926649020052,-3.0411931700584773],[-78.97216837049949,-3.0400061342407088],[-78.97388169613305,-3.0400623614940137],[-78.9752250829641,-3.040594896080657],[-78.97677770443178,-3.042028852121882],[-78.97936075025659,-3.0421927060404106],[-78.97921480061962,-3.042709187722918],[-78.9787127732182,-3.0433442575424428],[-78.97847389925374,-3.0442183320753706],[-78.97910729204922,-3.043822013678506],[-78.98042593822298,-3.04348000016937],[-78.98211335092773,-3.043324151723395],[-78.98385294729182,-3.0434334270639707],[-78.98459062111672,-3.043673322245295],[-78.98574896905374,-3.044496993211479],[-78.98706610825776,-3.044976479266832],[-78.98777791089006,-3.0449513080809663],[-78.99012554488225,-3.044134186115666],[-78.99104832787833,-3.0440564276887216],[-78.99154951894987,-3.0438718579240294],[-78.99332915695209,-3.0437294258670593],[-78.99456773499524,-3.043943752211818],[-78.99556814908169,-3.0446611256680014],[-78.99585686108934,-3.0453241909887723],[-78.99627785551354,-3.0457489908242596],[-78.99820144001745,-3.04617659439468],[-78.99857068240463,-3.046071266770184],[-78.99880871978141,-3.0456476960035976],[-78.99989111899555,-3.0447752031502016],[-79.00012949097565,-3.0441661240397733],[-79.00065763011753,-3.0436900872273065],[-79.00214955775031,-3.042918829695239],[-79.00297167832827,-3.042323445797399],[-79.00387116742485,-3.0421217169442505],[-79.00607439114492,-3.0419450347972585],[-79.00726696885386,-3.0412693123560017],[-79.00902046414599,-3.0411821625715847],[-79.01052626516613,-3.0413205488876174],[-79.01228159882024,-3.0402165176784117],[-79.01486812425048,-3.0394077719139596],[-79.01696029068788,-3.0384851229072702],[-79.0182867304535,-3.0383745769724744],[-79.02040105670842,-3.0376327389871616],[-79.02190785124178,-3.037228748982128],[-79.02322319156795,-3.0370390928395183],[-79.024190332967,-3.0367244818976733],[-79.0250207289632,-3.037449153485378],[-79.02582950383459,-3.0376992147057806],[-79.0260539345061,-3.0379030102570512],[-79.02630021498514,-3.038445810675421],[-79.02665936897418,-3.0387176375225375],[-79.02674820300467,-3.0393279334341217],[-79.02721943898734,-3.0397581689930098],[-79.02827579148703,-3.0398278903136653],[-79.02951267096019,-3.0395363854969673],[-79.02975973183149,-3.0396498223705097],[-79.03009564439982,-3.0403509656157373],[-79.0304099271881,-3.0405775352368627],[-79.03092697784734,-3.0405558727441373],[-79.03175832452996,-3.040760798403163],[-79.03344418678758,-3.0407864739090615],[-79.03375920707956,-3.0406062621524237],[-79.03468043806602,-3.0408339282762387],[-79.03559127806845,-3.0405757091859766],[-79.03689347191552,-3.041459419163704],[-79.03734180088533,-3.042138171872135],[-79.03779086839633,-3.0424327650730456],[-79.04059997175351,-3.0428446559346107],[-79.0448029108916,-3.0431912873332854],[-79.04570055694643,-3.0440290754159416],[-79.04619517653826,-3.043984768540049],[-79.04691579471981,-3.0432629218921177],[-79.04732033389952,-3.043308851469391],[-79.04763452093027,-3.0436032037237655],[-79.04861266397441,-3.043435496483691],[-79.04939918442734,-3.043572513997293],[-79.04964698173866,-3.043279182388398],[-79.05005171831954,-3.043212138356033],[-79.05032183099691,-3.0430092417708856],[-79.05075096448456,-3.0418800940108213],[-79.05113418951589,-3.0412706471239255],[-79.05118121226423,-3.040118221104149],[-79.05161010527961,-3.0391246730522954],[-79.05228616591543,-3.0381767786581464],[-79.05300670796323,-3.037500142207869],[-79.0536816341513,-3.0371849644779454],[-79.05485092970879,-3.036961118746611],[-79.05660402021338,-3.0371224592153037],[-79.05730180000937,-3.036603969838627],[-79.05838153551092,-3.036176538379166],[-79.05880856591163,-3.036222515429486],[-79.06093147822965,-3.036983387208078],[-79.06279541753713,-3.038003665869038],[-79.06355971892002,-3.038005041447777],[-79.06243832721475,-3.03655672015294],[-79.06131638708953,-3.0354247984501637],[-79.06055420073565,-3.0342482985572827],[-79.05967837846431,-3.0337721665841633],[-79.05864684477136,-3.032369209887595],[-79.05808745805554,-3.030921903214502],[-79.05770609110913,-3.030469259191386],[-79.05734851288936,-3.0293160996425947],[-79.05730449828783,-3.0287736363117834],[-79.0561152360883,-3.0275964147195644],[-79.0553854998534,-3.027131832805366],[-79.0528503646822,-3.0243476864137557],[-79.0515063626202,-3.0217012709874314],[-79.05368918435724,-3.0203719153717685],[-79.0542072052597,-3.019785288089769],[-79.05456842432835,-3.0189045896322626],[-79.05409730903499,-3.0183839951126465],[-79.05334666127297,-3.017038031718998],[-79.05325786996005,-3.0164051384509643],[-79.05287671195396,-3.015862096220006],[-79.05278824186964,-3.0150483947202367],[-79.05265376041103,-3.01482216250705],[-79.05231728522455,-3.0144147965020407],[-79.05164340689393,-3.0141650046818222],[-79.0514639372164,-3.0139612952083574],[-79.05148697126761,-3.013771805904333],[-79.05241449458426,-3.0137536279957184],[-79.0531846261409,-3.0134772254675304],[-79.05413182427357,-3.0134987936693713],[-79.055611279186,-3.0138585555516193],[-79.05681424798551,-3.014317013602513],[-79.05817563426696,-3.014478182094569],[-79.05906286682597,-3.014936079638467],[-79.06026410300494,-3.0163865011276063],[-79.06073632717298,-3.017180947841335],[-79.06107181884967,-3.0171815482303534],[-79.06435887763298,-3.016463293767515],[-79.0653258297368,-3.0164848324277114],[-79.06623388194858,-3.016327734671669],[-79.06694485670427,-3.016031409887172],[-79.06765622606835,-3.015497004239512],[-79.07083498381465,-3.0146495716439583],[-79.07243368521159,-3.014533357872657],[-79.07330190274759,-3.0145944195044376],[-79.07516717764913,-3.0143894156220634],[-79.07613410572829,-3.0144308189713893],[-79.07735809593547,-3.0141750760652752],[-79.07990374393272,-3.014239104606809],[-79.0830033196447,-3.0135303257454167],[-79.08524307019586,-3.013603753956899],[-79.08579577991583,-3.013525359802862],[-79.08626993452408,-3.0132285998949473],[-79.08711860577785,-3.013190414837953],[-79.08727633323741,-3.0132700625267628],[-79.0875907280581,-3.0140443743631278],[-79.08946170078097,-3.016249901700711],[-79.09094055370355,-3.016966728110743],[-79.09151193371649,-3.017503409740463],[-79.09435193970047,-3.0185400916035543],[-79.09488446658955,-3.0187195934942075],[-79.09672977248428,-3.018673240383764],[-79.09988564630194,-3.019650948248009],[-79.10087276791664,-3.0194344325723184],[-79.10260924304647,-3.019556503963842],[-79.10464243042868,-3.019282341272707],[-79.10527387312091,-3.019323109480426],[-79.10549067770717,-3.0194821981561493],[-79.10611269302838,-3.019274979088563],[-79.10678354242641,-3.019335659576932],[-79.10782884519784,-3.019734288999519],[-79.10970167572145,-3.020888273829124],[-79.11171124006033,-3.022875810295146],[-79.11334704352622,-3.0241484400607246],[-79.11506527211868,-3.023417343436726],[-79.11663484190392,-3.0230530278737864],[-79.11714892512103,-3.0224984082620807],[-79.11760318428793,-3.022280942846263],[-79.11821360023828,-3.023095464771671],[-79.11868675152465,-3.0233740771725963],[-79.11896229996944,-3.023810999471519],[-79.1196920251228,-3.0240900391830103],[-79.12008664602307,-3.024150245893558],[-79.12044222852617,-3.023932626718124],[-79.12101414608786,-3.0241717153399565],[-79.12140887873778,-3.024152544337152],[-79.1218635051599,-3.0237366970578177],[-79.1219816835927,-3.023875768771146],[-79.1219216040482,-3.024391523498084],[-79.12207906551039,-3.0246298790808748],[-79.12247366841314,-3.024690085091106],[-79.1226702336367,-3.025146765284701],[-79.1229662611975,-3.0251472794722636],[-79.12308415454325,-3.0254450806114526],[-79.12401154618257,-3.0255458940425153],[-79.12416889710963,-3.0258636081766],[-79.12454412386603,-3.025705535871827],[-79.12468172932277,-3.026023209449961],[-79.12521379643896,-3.026480478590135],[-79.12572727382612,-3.0262829633015524],[-79.12618120762987,-3.026263906316937],[-79.12653563358667,-3.026720860775749],[-79.1267525656868,-3.0268204402159062],[-79.12739399509407,-3.026811611271212],[-79.1277086869102,-3.027447046325695],[-79.12883361897345,-3.0274291642603863],[-79.13100325856607,-3.028167021877025],[-79.13135849432838,-3.028167636767644],[-79.1319910117825,-3.0275933421483403],[-79.1323659870706,-3.0275939907375538],[-79.13268201543862,-3.0274358254876765],[-79.13313576035341,-3.0275358135472143],[-79.1336893163431,-3.0269812377749696],[-79.13467842386855,-3.0256139586567357],[-79.13773698994432,-3.025857324619824],[-79.13797398333287,-3.025758535531723],[-79.13875456964136,-3.0251547284604428],[-79.13903156785646,-3.024758383523182],[-79.13968338362797,-3.0244222361586597],[-79.13978310957964,-3.023807364745509],[-79.14029664829506,-3.0235701573416613],[-79.14037702656151,-3.022717142551222],[-79.14098914214757,-3.0225396439817698],[-79.14227186738971,-3.022581530683637],[-79.1432182056817,-3.0231585169164576],[-79.14382888167934,-3.0238143178862056],[-79.14434153843409,-3.0240929469150077],[-79.1462961913234,-3.0236002912151845],[-79.14876510373847,-3.022433924772325],[-79.14964326899414,-3.0224850264047696],[-79.1500188715865,-3.022108714374702],[-79.15114352264587,-3.0222693567777563],[-79.1522499439101,-3.021537118857961],[-79.1530594802107,-3.0213202910552353],[-79.15369164462267,-3.0209642151090694],[-79.15420466364232,-3.021004779691429],[-79.15485658835972,-3.0206289106155855],[-79.15582388491214,-3.0204718200404006],[-79.15682966432983,-3.0209100487010514],[-79.15763890057268,-3.020871749664485],[-79.15817135784654,-3.021110742860565],[-79.15937524850304,-3.021092958990383],[-79.1606867510894,-3.021640801251436],[-79.16159463597681,-3.0216224993831693],[-79.16260217599779,-3.021009159825721],[-79.16453637487975,-3.0209529010925094],[-79.16591836805576,-3.0206576530512144],[-79.16747761623296,-3.020580920886377],[-79.16854474591022,-3.0197494116834145],[-79.16892055625456,-3.0192540257165055],[-79.17080600986658,-3.018830641119693],[-79.17129917196438,-3.0189703569140596],[-79.1726986922066,-3.020004460822862],[-79.17346686469712,-3.0209184230700608],[-79.17536153495004,-3.0209017740770263],[-79.17593323068992,-3.0212797103641504],[-79.17686100914746,-3.021162248098653],[-79.17766972505265,-3.021441364495252],[-79.1783012702378,-3.0214424279017926],[-79.17889387067132,-3.021125980920879],[-79.17913139930998,-3.0207097109900833],[-79.17903931997841,-3.016741373299614],[-79.17994992022926,-3.015076280403166],[-79.18070094907388,-3.014442632108441],[-79.18189739541678,-3.012966472516981],[-79.18203624579296,-3.0125500537500214],[-79.18203677190596,-3.012232609551374],[-79.18189880955705,-3.012113320774285],[-79.18107030944101,-3.01187384270043],[-79.1805578199437,-3.011496016517054],[-79.17931495437742,-3.01119632065191],[-79.1761795036679,-3.0096831484947724],[-79.17487766854187,-3.009244454628582],[-79.17375393503919,-3.0085282928385824],[-79.17264922317162,-3.008248682228812],[-79.17217608871603,-3.007930417971662],[-79.17193922444478,-3.007949870882428],[-79.17077621453208,-3.0071146039206282],[-79.17023330775974,-3.0072228058634347],[-79.16869423383936,-3.007041635520608],[-79.16792499753898,-3.0067824190275068],[-79.1658550796459,-3.005390084799594],[-79.16528380707797,-3.004754211874549],[-79.16473165809482,-3.0044953605918305],[-79.1642193543632,-3.0039984822913786],[-79.16406222386055,-3.0035617124518224],[-79.16116650805469,-3.0028288944883506],[-79.16031023430804,-3.002341369943306],[-79.15960716483698,-3.002229709111509],[-79.15932185944365,-3.001986188022208],[-79.15914717325629,-3.0013230687043597],[-79.15809372878515,-3.000459631055728],[-79.15728150276291,-2.9999059070366108],[-79.15596324257744,-2.9997048253289167],[-79.15437113151893,-2.998995121613208],[-79.15325233539204,-2.9978001424305694],[-79.15169315072617,-2.9971125991428984],[-79.15059406887987,-2.997265388609225],[-79.15026366695213,-2.9977067173084193],[-79.1500657493612,-2.9977726485233336],[-79.14971529414342,-2.9970871402335413],[-79.14916681068469,-2.996533829952641],[-79.14890427687493,-2.9958264031886532],[-79.1478275010302,-2.9957803835560894],[-79.14698041219852,-2.996375492004361],[-79.14665085207042,-2.9963307459767354],[-79.14588247860053,-2.995843379055507],[-79.14513665763606,-2.99502464720621],[-79.14368744015498,-2.9942930733655877],[-79.14241508940009,-2.9929431742330785],[-79.14186586898946,-2.9928317747061697],[-79.14085440711796,-2.9931614497639694],[-79.13994271564388,-2.992961072698749],[-79.13845035777933,-2.9917654495180193],[-79.13790146844227,-2.9914552118874136],[-79.13735231295938,-2.991321698971898],[-79.13541819121994,-2.9914288912449396],[-79.13416618518413,-2.9910511484573705],[-79.13019957357524,-2.991000177901538],[-79.12943013832155,-2.9911535181942654],[-79.12872622993098,-2.991549998401183],[-79.12837471857098,-2.99148312402891],[-79.12802366919743,-2.991151110206299],[-79.12760623858712,-2.9910841164761317],[-79.12722144021828,-2.991216027240008],[-79.12671602754781,-2.9911930618940725],[-79.12557415090018,-2.990682949069387],[-79.12467346564648,-2.990460475638818],[-79.1232470957923,-2.989242883393617],[-79.12302726890326,-2.9892866918382466],[-79.12280669158237,-2.9897723621029235],[-79.12236641819098,-2.9902134818727633],[-79.12006892144636,-2.990806064878474],[-79.11984987761633,-2.9903638067887934],[-79.11993904373496,-2.9896348785870077],[-79.11976359333022,-2.9894357353783088],[-79.11776509103336,-2.9886590123739913],[-79.11730371415273,-2.988591940073418],[-79.11543473317596,-2.989185251323743],[-79.11376449538504,-2.9892265701167346],[-79.1132697045012,-2.9894245511464184],[-79.11287416594746,-2.989423868676631],[-79.1127206109104,-2.9892468493437407],[-79.11263402451877,-2.9884734296851767],[-79.11241472673318,-2.988207932467204],[-79.11129428365946,-2.9880071581836973],[-79.11021728824824,-2.988115768244236],[-79.10988783325122,-2.9880047294242544],[-79.10881374715237,-2.9864121383204885],[-79.10850639374463,-2.986234872320489],[-79.10692465880406,-2.985922822391788],[-79.10603680468789,-2.9846619690591454],[-79.10423612051122,-2.983885568508626],[-79.10381910307079,-2.9835755441041156],[-79.10283214069855,-2.9824471009577467],[-79.10177883352455,-2.981561485911428],[-79.10043945290272,-2.980896389533554],[-79.09900091083726,-2.9803857495552926],[-79.09854043974171,-2.9798105391618357],[-79.09757469100971,-2.9791239651123864],[-79.09647660312733,-2.978724376750433],[-79.09493827840076,-2.9787438064230196],[-79.094390184403,-2.977991685171375],[-79.09412674861474,-2.977836574166536],[-79.09355551069345,-2.977769292285985],[-79.09293079174626,-2.976862378284712],[-79.09238176363205,-2.97664050014641],[-79.09216241702023,-2.976397089486821],[-79.09181259006839,-2.975358111278265],[-79.09135084704431,-2.975511956404186],[-79.09104327362505,-2.9754672371616127],[-79.09036343818897,-2.974648616774266],[-79.0897270396616,-2.974139347100652],[-79.08836496609186,-2.9739160487455862],[-79.0882994737567,-2.9736508259610623],[-79.08858592654546,-2.9732094505394686],[-79.08854291497823,-2.972657052857956],[-79.08826868446312,-2.972391454662435],[-79.08763188939051,-2.9721031527326263],[-79.08732538178252,-2.9714398037105787],[-79.08677694748067,-2.970886540402692],[-79.08658009037316,-2.9703559555728596],[-79.08603177094159,-2.969736377635834],[-79.08565816942499,-2.9697578266950155],[-79.08469053924848,-2.970175911064062],[-79.08449316370317,-2.96993253899319],[-79.08414165711672,-2.9698877614885686],[-79.08367940430962,-2.9703288038427957],[-79.08308666911239,-2.9699963865145262],[-79.082866863024,-2.9700180834088514],[-79.08218442878191,-2.9707238744210978],[-79.08196474318527,-2.970679306889717],[-79.08118696813034,-2.9693081768198417],[-79.08048500515366,-2.968599974062307],[-79.08017747395556,-2.968533167380558],[-79.0797375132717,-2.968797514220877],[-79.07817892748855,-2.9678447893054365],[-79.07580594074311,-2.967663908622119],[-79.07510350673259,-2.967220798741331],[-79.07304978096258,-2.9666869829721243],[-79.07188479167213,-2.966861701698816],[-79.07118255237835,-2.9663081490031593],[-79.06995151439446,-2.966571099891827],[-79.06839122404718,-2.9666125566833377],[-79.06756737698204,-2.9665006578916517],[-79.06699646229511,-2.9662345383749105],[-79.06671129862175,-2.9659468215399922],[-79.06548445661512,-2.963779565895287],[-79.06416555467237,-2.964020277691826],[-79.06306716634076,-2.9638195079000638],[-79.06207895574863,-2.9634421879544166],[-79.06174926432408,-2.9634857991793875],[-79.061485270415,-2.9636620781228618],[-79.06130765466264,-2.964700124415089],[-79.06091230401074,-2.964588975290134],[-79.06066041137355,-2.964124586585213],[-79.0603750779953,-2.963925243743697],[-79.06004509871904,-2.964123504441176],[-79.05971551019535,-2.9641008326158516],[-79.05951887303227,-2.9634597923051897],[-79.0597208139117,-2.9610520139920258],[-79.05877696520342,-2.960453851091319],[-79.05838226361021,-2.9599671263075336],[-79.0579121393884,-2.9586407154592376],[-79.05692421926827,-2.958086684764172],[-79.05670514803082,-2.957710703934888],[-79.05637577379007,-2.9575554807885003],[-79.0560461298598,-2.957577005718399],[-79.05545231517061,-2.957863150721671],[-79.0549255172386,-2.957530850353418],[-79.05455193330029,-2.9575301928941755],[-79.05413247082548,-2.9586561702442844],[-79.0530115252503,-2.958786759950368],[-79.05199800665017,-2.9603314598638404],[-79.05083320908346,-2.960417778543866],[-79.05023880765911,-2.961035309190515],[-79.04960106252996,-2.9613214028049333],[-79.04943985163136,-2.96206212522369]]]}},{"type":"Feature","properties":{"name":"TURI"},"geometry":{"type":"Polygon","coordinates":[[[-78.99564103063487,-2.928924851126153],[-78.9958806055838,-2.929489642786008],[-78.9971417758142,-2.9305198625779707],[-78.9972612583817,-2.9309635056635974],[-78.99272103440411,-2.936276477648169],[-78.99287746850607,-2.9384939152393534],[-78.9926123519702,-2.9410129338971385],[-78.99296868291162,-2.943553214547954],[-78.99412553625676,-2.9468608782591508],[-78.99704486883562,-2.9511392051189507],[-78.99996754651988,-2.953563219118344],[-79.00076695296679,-2.9549755674428826],[-79.00128206904037,-2.9584030255488427],[-79.0014390465833,-2.960297986241053],[-79.00223928381423,-2.9618541853183684],[-79.00365383144774,-2.9664879154083796],[-79.0048285772622,-2.967848532248557],[-79.00583028250072,-2.96867366802119],[-79.00732326796444,-2.969540838210745],[-79.007670653104,-2.9699119801724785],[-79.00854767550544,-2.9717660269020985],[-79.00873175196475,-2.971869276317761],[-79.00911057388937,-2.9718288106825548],[-79.01222373354341,-2.9711346078535024],[-79.01678048862763,-2.9703195034952325],[-79.02108011737178,-2.9701831680313453],[-79.02184813793943,-2.970019878911521],[-79.02252442170312,-2.9696505901986594],[-79.02307843840865,-2.9689517667545884],[-79.02379574505379,-2.968541385859018],[-79.02527222564082,-2.9671855346435376],[-79.02592777344876,-2.9669603179658464],[-79.0273610697499,-2.966859942360513],[-79.02821118571762,-2.966593869864401],[-79.03007592289389,-2.9656503965323204],[-79.03081338939553,-2.9654047082323345],[-79.03271701050069,-2.9656345119862535],[-79.0354705623506,-2.9656806126209427],[-79.03637106657314,-2.9658880340195517],[-79.03798475256829,-2.967990426274545],[-79.03894616183148,-2.9684655451204716],[-79.03986700264146,-2.9687347804600046],[-79.04027585250223,-2.9690854273407443],[-79.04126533700537,-2.9710631974834976],[-79.04226343083923,-2.9739672424115224],[-79.04279496652332,-2.9744004318937587],[-79.04310086989358,-2.9750802273655936],[-79.04338697253927,-2.9753894918398784],[-79.04373481785264,-2.975493029584182],[-79.04404313973646,-2.9748143210581537],[-79.04447366758512,-2.9744857496420014],[-79.04531296374755,-2.9745490088939],[-79.04630701474217,-2.9739332653423025],[-79.04632800020289,-2.973645148481241],[-79.04594074689514,-2.9726564275458887],[-79.04594150668383,-2.9722241914330727],[-79.04631135611073,-2.9714632539427974],[-79.0475414008133,-2.9705391702292006],[-79.04764416688461,-2.9703129392009493],[-79.04722521155621,-2.9698799391751587],[-79.04718511004342,-2.9694064526944306],[-79.04743147832697,-2.9690157851331005],[-79.0478619728328,-2.9687078052359124],[-79.04859908485827,-2.9686679594001415],[-79.04917551900637,-2.9668576217107425],[-79.04924951856607,-2.9655198158423435],[-79.04884199126685,-2.9644075778686965],[-79.04900689335078,-2.963769787596689],[-79.04960265242192,-2.962618158955281],[-79.04956241496976,-2.9622064255317704],[-79.04943985163136,-2.96206212522369],[-79.04855928538446,-2.962163487262646],[-79.04764954579363,-2.9614002893409466],[-79.04691422313383,-2.960431543914217],[-79.04673136919341,-2.959607878294221],[-79.0470397509994,-2.9588880061240723],[-79.0480243406551,-2.957819407335294],[-79.04780032015813,-2.957139746156472],[-79.04858926129369,-2.9567294643495705],[-79.04893806285988,-2.9562978289329025],[-79.04883806000919,-2.9549391521625554],[-79.04830825901229,-2.9534973562541236],[-79.04808349595744,-2.9532499639708174],[-79.04743894728831,-2.953042996298024],[-79.04666463769615,-2.9509421065508965],[-79.0455729054297,-2.9488818297538324],[-79.04459170487382,-2.9480155996080875],[-79.04391680856986,-2.947602741970812],[-79.04262787159975,-2.947106464919144],[-79.04230066657621,-2.9469000445377027],[-79.04219869568338,-2.9466734455613257],[-79.04245895697645,-2.9441833078414104],[-79.0427057032423,-2.9435662706570525],[-79.04325976207964,-2.942826204356097],[-79.04422309797619,-2.9421898140878793],[-79.04465385769302,-2.9417171573966514],[-79.04503752827534,-2.938897868212015],[-79.04475172009546,-2.9384239762183717],[-79.04436295702267,-2.9382997730636276],[-79.04342015059238,-2.9388950244334375],[-79.04309279702886,-2.9387709730457745],[-79.0430525106829,-2.938400399811651],[-79.04331957569794,-2.937865701492728],[-79.04329972512971,-2.9375157465797783],[-79.04179372094792,-2.935157710954636],[-79.04106888154537,-2.935498436140144],[-79.0408571773159,-2.935816506509352],[-79.04038200686843,-2.935868733623645],[-79.0399997283952,-2.935629225650315],[-79.03955361455442,-2.9341424361697586],[-79.03979505017492,-2.9319138511621334],[-79.03879303111627,-2.931381368557238],[-79.03860904963489,-2.930929957209465],[-79.03853127404632,-2.9301337397522915],[-79.03878590921359,-2.9279051787866557],[-79.03876086588636,-2.927109066594903],[-79.03728655055531,-2.9249835898212213],[-79.03723431370801,-2.9246650811840778],[-79.03740692248272,-2.9240550377873724],[-79.03656239806973,-2.9240270422672863],[-79.03461042894185,-2.9233867669731235],[-79.0314963583237,-2.9232220434981477],[-79.02896339301392,-2.922793034385421],[-79.02586219585037,-2.922814089893858],[-79.02380384587633,-2.9226512413192647],[-79.0206914183126,-2.9215577705050046],[-79.01740675840263,-2.9208620411897757],[-79.01584982351626,-2.9207266131680605],[-79.01453072078627,-2.9204323736006956],[-79.01198422959948,-2.920215572711935],[-79.01069031301645,-2.920611310927196],[-79.01005680239889,-2.9206632534008485],[-79.00881527620304,-2.921271349774436],[-79.00852448242911,-2.9215361814423604],[-79.00802275109774,-2.921694500295536],[-79.00670294793973,-2.9217982994070195],[-79.00588529139219,-2.921504956227922],[-79.0056477261864,-2.921531057582347],[-79.00383657426637,-2.923385304510108],[-79.00320217359042,-2.9239414183689174],[-79.0024888704705,-2.924338179009724],[-79.00194281444011,-2.925066196659724],[-79.00110095432159,-2.9249840624605623],[-78.99468172181078,-2.9279872648287837],[-78.99564103063487,-2.928924851126153]]]}},{"type":"Feature","properties":{"name":"VALLE"},"geometry":{"type":"Polygon","coordinates":[[[-78.96046984726938,-2.9035614608700024],[-78.95950238689085,-2.904858247895226],[-78.9599725978078,-2.9061619352756742],[-78.95984953450967,-2.9067901229993267],[-78.95883288267704,-2.9083899933398865],[-78.95785532579619,-2.909445798463087],[-78.95593259311147,-2.9104998942394564],[-78.95333039187358,-2.9079201695036176],[-78.95288075183758,-2.9078810363374523],[-78.9522247664551,-2.9081403819815663],[-78.94943111064225,-2.910296439521352],[-78.94828501704326,-2.911811762178082],[-78.94814745198788,-2.912010780468769],[-78.94809107071069,-2.9136890040070766],[-78.94693000924202,-2.91505102439557],[-78.94688367185218,-2.9153881265704706],[-78.946517206458,-2.9157093217506294],[-78.94605960834313,-2.9158464450948807],[-78.94525178666149,-2.9157683236721663],[-78.94512888723725,-2.9162892463714596],[-78.94426619819805,-2.9170463450788593],[-78.94324452658127,-2.917197746010936],[-78.941534556216,-2.9186200219868925],[-78.941274786353,-2.9189414349863183],[-78.94118828935787,-2.9204050183208654],[-78.94174686116891,-2.9212193385077],[-78.93843322093969,-2.9227571871539935],[-78.93814946451648,-2.92329370492917],[-78.93836583140737,-2.925252756020369],[-78.93874015392463,-2.9267381970334867],[-78.93864411041903,-2.927717349135995],[-78.9383923341208,-2.927938022100668],[-78.93707179488116,-2.92840943385996],[-78.93631753002084,-2.928502830035214],[-78.93570791823916,-2.928947905738125],[-78.93500130968584,-2.928749161916054],[-78.93452941828377,-2.9290641973549634],[-78.93358651558046,-2.9292204186978013],[-78.93272438952833,-2.928152612658638],[-78.9327251128768,-2.9277577349947164],[-78.9328827294235,-2.9274816070692466],[-78.93272612535826,-2.9272049289943864],[-78.93182392929063,-2.926571404416296],[-78.93100144987912,-2.9253062684474265],[-78.93064819038419,-2.925187142548084],[-78.92950918459142,-2.9251850327501927],[-78.92907744637407,-2.9250262726454057],[-78.92880287766219,-2.924828334255518],[-78.92856810422249,-2.9243540316615557],[-78.92850834374795,-2.923693694333898],[-78.92812184856618,-2.9239978719728756],[-78.92776250810084,-2.924523804389755],[-78.92740097381892,-2.926241558362995],[-78.92773150126183,-2.9264084864130315],[-78.9283640550827,-2.927213428832101],[-78.92888489415668,-2.928821946243993],[-78.93012282489879,-2.9302378073321105],[-78.93008573025563,-2.930927880409335],[-78.92975414714303,-2.931348565673831],[-78.9287387850639,-2.9318123064400394],[-78.92884806332742,-2.9323668315486024],[-78.92988305062414,-2.9332113365516386],[-78.93058560542545,-2.934942170875057],[-78.93148774067602,-2.9360746714279657],[-78.93251225338857,-2.9366198273509543],[-78.93334897144807,-2.937353115850495],[-78.93363484969859,-2.9377970955883566],[-78.9345155538737,-2.93859700235375],[-78.9349328318429,-2.9395733843336265],[-78.9358592362455,-2.9394863954700767],[-78.93596790570014,-2.9403735404095466],[-78.9361219348188,-2.940551212507717],[-78.93729048372305,-2.9407307613510865],[-78.93742354311193,-2.940331890696948],[-78.9387688583724,-2.940334385807141],[-78.93929848493558,-2.940157974833275],[-78.93996010697174,-2.9401592009352377],[-78.94045607991997,-2.9403042697194977],[-78.94091848378925,-2.9407042194107484],[-78.94241411496616,-2.942924333762587],[-78.94267584381049,-2.9445213192338873],[-78.94263753398958,-2.947370527245763],[-78.94248173413865,-2.948146303218741],[-78.94159653057498,-2.949785517445755],[-78.94124193515822,-2.9507161119738274],[-78.94071136406818,-2.9514025313667664],[-78.9409824673008,-2.953897544141245],[-78.94118005924986,-2.9543857203433235],[-78.94184030296155,-2.9551408280800753],[-78.94166327307663,-2.9554731121889293],[-78.94113335130798,-2.955804732972784],[-78.94106459139095,-2.9572015192385406],[-78.94048910172974,-2.9583313031693934],[-78.94043139545387,-2.9597170324809783],[-78.94056307025755,-2.960072051164005],[-78.94102547739014,-2.9604720317165265],[-78.94217138835343,-2.9609841555839442],[-78.94334049930225,-2.960875452347781],[-78.9435601581173,-2.9613636960293444],[-78.94428763566263,-2.961542444340722],[-78.9446796741841,-2.9642261523656797],[-78.94457893551721,-2.965035317704494],[-78.94429095918767,-2.96572212452472],[-78.94431141105213,-2.9665869502171924],[-78.94411070798604,-2.9677839329476967],[-78.94424156441498,-2.9685824279746527],[-78.94516618817958,-2.9694932742524673],[-78.94678531228935,-2.970549516627596],[-78.9475333872517,-2.971504379209594],[-78.94819402716963,-2.9720599337337803],[-78.94997847009788,-2.97314976554012],[-78.95024243818398,-2.9735272181925705],[-78.95032849957019,-2.9747025803099114],[-78.95073270557755,-2.9767765701674307],[-78.95097357740228,-2.977708290744482],[-78.95158904243611,-2.97884029013251],[-78.95204879778176,-2.980681569455033],[-78.95194506209764,-2.9831093760450282],[-78.95156827183695,-2.984106473809073],[-78.95083813187566,-2.98534682810009],[-78.9508148359608,-2.986034175023758],[-78.95107846980927,-2.986588972550005],[-78.95057986515975,-2.9878630397639316],[-78.95033535561389,-2.988882561880652],[-78.95031253244909,-2.989303805910701],[-78.95057604216456,-2.989925172162764],[-78.95114835745764,-2.990524925776274],[-78.95113375660912,-2.9914880927409677],[-78.953793989921,-2.9908102576819253],[-78.95544125206064,-2.989555045792252],[-78.95650032175391,-2.9873100759504747],[-78.95747138644829,-2.984292011090791],[-78.95786619644254,-2.9835018281018573],[-78.95854711163528,-2.9827121522624838],[-78.95876449341714,-2.9811666769590923],[-78.96027036801169,-2.979012408744691],[-78.9624368183581,-2.9773806332643935],[-78.96340323392047,-2.9768791261405867],[-78.96440462503593,-2.976809090008467],[-78.96826855760851,-2.9757736514544497],[-78.96948443760233,-2.975739946667304],[-78.97148643691219,-2.976031224217579],[-78.97270080940936,-2.976824436812556],[-78.9742374871115,-2.9773665290788776],[-78.97538290029013,-2.976757472626582],[-78.97638569302435,-2.975932439635233],[-78.97699550563557,-2.9748909631108744],[-78.97733540801528,-2.9731838988225046],[-78.97826867265395,-2.9728620567584954],[-78.97891194750962,-2.9730789324083253],[-78.9794130282596,-2.9728282070622845],[-78.97991236343603,-2.9735481420286582],[-78.98037691825336,-2.9737287484061423],[-78.98084282005324,-2.973154386099283],[-78.98137961568139,-2.972939659335829],[-78.98370393516264,-2.9729798770020244],[-78.98524262611191,-2.9724074713783164],[-78.98681677756582,-2.972014874668239],[-78.98799853181443,-2.971082302524689],[-78.98993054209579,-2.970546565657706],[-78.9931868878825,-2.969330144169027],[-78.99526517311419,-2.968145313848826],[-78.99574535306353,-2.968418026854402],[-78.99774789083486,-2.968421669540658],[-78.9991791209948,-2.9679568876935023],[-79.00048647968057,-2.9667908315741043],[-79.00181099863755,-2.966002293557363],[-79.00334841720966,-2.9657413736519627],[-79.00223928381423,-2.9618541853183684],[-79.0014390465833,-2.960297986241053],[-79.00128206904037,-2.9584030255488427],[-79.00076695296679,-2.9549755674428826],[-78.99996754651988,-2.953563219118344],[-78.99704486883562,-2.9511392051189507],[-78.99412553625676,-2.9468608782591508],[-78.99296868291162,-2.943553214547954],[-78.9926123519702,-2.9410129338971385],[-78.99287746850607,-2.9384939152393534],[-78.99272103440411,-2.936276477648169],[-78.9972612583817,-2.9309635056635974],[-78.9971417758142,-2.9305198625779707],[-78.9958806055838,-2.929489642786008],[-78.99564103063487,-2.928924851126153],[-78.99468172181078,-2.9279872648287837],[-78.99179765716505,-2.925692994344125],[-78.98975742522423,-2.923109350032541],[-78.98839672102628,-2.921696015406209],[-78.98583325784787,-2.920240188110612],[-78.98569269776829,-2.9200194034088733],[-78.98361801450719,-2.918774060953294],[-78.9823293457563,-2.9174455081090214],[-78.98081591720417,-2.916229393242571],[-78.97977940927107,-2.91515527264393],[-78.97952767600651,-2.914675082152483],[-78.97646814697333,-2.914867089978377],[-78.9758508013723,-2.9148095423059206],[-78.97537423252973,-2.914498278562956],[-78.9742803194452,-2.914129472892449],[-78.97240007790262,-2.914041431949569],[-78.96996209699607,-2.9119488871096006],[-78.96775266642878,-2.911685104310481],[-78.96697113429254,-2.9114177595686055],[-78.96620229704205,-2.9104913635407783],[-78.96566442346817,-2.909016178988813],[-78.96469984468112,-2.9082282010905973],[-78.96311720811755,-2.9057914344288647],[-78.96240750135188,-2.9039459498399],[-78.96224682657164,-2.903772216870433],[-78.96170626898503,-2.9037943520496343],[-78.96046984726938,-2.9035614608700024]]]}}]}