{"type":"FeatureCollection","name":"HydroClima_Cuenca","features":[{"type":"Feature","properties":{"fid":"1","DESCRIP":"Bellavista","CODIGO":"05","AREA":"4871711.870000000111759","SHAPE_LENG":"19711.233405800001492","SHAPE_AREA":"4871711.872299999929965","name":"Bellavista"},"geometry":{"type":"Polygon","coordinates":[[[-79.03826378,-2.86992819],[-79.03832535,-2.86994213],[-79.03838863,-2.86995942],[-79.03844679,-2.86997498],[-79.03849811,-2.86998881],[-79.03854431,-2.8699992],[-79.03860591,-2.87000103],[-79.03867093,-2.8699977],[-79.03873075,-2.86999093],[-79.03881127,-2.8699653],[-79.03887636,-2.86992409],[-79.03896881,-2.86986747],[-79.03903642,-2.86982383],[-79.03914129,-2.86976035],[-79.0392485,-2.86969679],[-79.03931736,-2.86966084],[-79.03937056,-2.86962548],[-79.03939244,-2.86960979],[-79.03950601,-2.86951098],[-79.0396203,-2.869409],[-79.03970333,-2.86933681],[-79.03982075,-2.86924271],[-79.03992484,-2.86916748],[-79.0399577,-2.86914312],[-79.04001724,-2.86908355],[-79.04013867,-2.86896025],[-79.04029524,-2.86880012],[-79.04034848,-2.86874605],[-79.04045971,-2.86863991],[-79.04057481,-2.86853713],[-79.04063355,-2.868479],[-79.04073221,-2.86836208],[-79.04075492,-2.86833535],[-79.04044824,-2.86798319],[-79.0402821,-2.86779891],[-79.0402111,-2.86772012],[-79.04008383,-2.86757849],[-79.03987546,-2.8673737],[-79.03974272,-2.86722175],[-79.03970861,-2.86707866],[-79.03969938,-2.86700938],[-79.03970248,-2.86698425],[-79.03972446,-2.86695834],[-79.03976593,-2.86695289],[-79.03983541,-2.86696875],[-79.03988466,-2.86698619],[-79.0399261,-2.86699566],[-79.03996601,-2.86700749],[-79.04001518,-2.8670186],[-79.04005195,-2.86702264],[-79.04009342,-2.8670172],[-79.04013093,-2.86701094],[-79.0401904,-2.86699377],[-79.04023656,-2.86697893],[-79.04028118,-2.86696716],[-79.04036019,-2.86693357],[-79.04039934,-2.86691637],[-79.040451,-2.86688734],[-79.04051836,-2.86683321],[-79.04056142,-2.86678844],[-79.04059666,-2.86674048],[-79.04060535,-2.86670903],[-79.0406061,-2.86669177],[-79.04059213,-2.86665404],[-79.04056595,-2.86661032],[-79.04047998,-2.86650249],[-79.04040622,-2.86641276],[-79.04035739,-2.86635716],[-79.04031047,-2.86629207],[-79.04026867,-2.8662306],[-79.04025301,-2.86618374],[-79.04023452,-2.86611228],[-79.04022482,-2.86605023],[-79.04019211,-2.86593472],[-79.040169,-2.86582581],[-79.0401332,-2.8656724],[-79.04012175,-2.86558812],[-79.04009398,-2.86546863],[-79.04008609,-2.86535044],[-79.04008996,-2.86519095],[-79.03690678,-2.86518548],[-79.0369121,-2.86512346],[-79.03691521,-2.86509083],[-79.03691678,-2.86506913],[-79.03691627,-2.86504996],[-79.03690764,-2.86499714],[-79.03690559,-2.86498674],[-79.03689744,-2.86496656],[-79.03688092,-2.86495252],[-79.03686088,-2.86494272],[-79.03680119,-2.86493276],[-79.03673582,-2.86492487],[-79.03670544,-2.8649212],[-79.03664161,-2.86490663],[-79.03661743,-2.86490188],[-79.03659532,-2.86489823],[-79.03656394,-2.86489411],[-79.03653768,-2.86489198],[-79.03651089,-2.86488986],[-79.03649543,-2.86488829],[-79.03646045,-2.86488407],[-79.03640686,-2.86487982],[-79.0363611,-2.86487504],[-79.03633278,-2.86487192],[-79.03630392,-2.86486979],[-79.03623442,-2.86486036],[-79.03620412,-2.86485669],[-79.03615773,-2.86484937],[-79.03608824,-2.8648384],[-79.03605066,-2.86483319],[-79.03602908,-2.86483053],[-79.03600022,-2.86482686],[-79.03597864,-2.86482474],[-79.03594672,-2.86482315],[-79.03593692,-2.86482205],[-79.0359086,-2.86482092],[-79.03588441,-2.86481934],[-79.03585807,-2.86481721],[-79.03583801,-2.86481618],[-79.0358025,-2.86481097],[-79.03576807,-2.86480621],[-79.03573615,-2.86480154],[-79.03571395,-2.86479834],[-79.03569543,-2.86479523],[-79.03562601,-2.86479041],[-79.03557916,-2.86478879],[-79.0355601,-2.86478777],[-79.03552765,-2.86478147],[-79.03550967,-2.86477882],[-79.03548962,-2.86477571],[-79.03545662,-2.86477303],[-79.03543504,-2.86477146],[-79.0354052,-2.86476679],[-79.03538659,-2.86476468],[-79.03534289,-2.86476099],[-79.03532535,-2.86476042],[-79.03531097,-2.8647594],[-79.03528418,-2.86475619],[-79.03526305,-2.86475407],[-79.03524354,-2.8647525],[-79.03522654,-2.86474985],[-79.03520443,-2.8647462],[-79.03518123,-2.86474308],[-79.03513952,-2.86473677],[-79.03508647,-2.86473098],[-79.03506849,-2.86472941],[-79.03504637,-2.86472938],[-79.03502425,-2.8647288],[-79.03500257,-2.8647293],[-79.03498144,-2.86473234],[-79.03495265,-2.86473591],[-79.03493359,-2.8647385],[-79.03490831,-2.86473999],[-79.03488619,-2.86474149],[-79.03484653,-2.86474458],[-79.03481928,-2.86474454],[-79.03481209,-2.86474498],[-79.03478529,-2.86474493],[-79.03475859,-2.86474082],[-79.03471476,-2.86475882],[-79.03469318,-2.86475833],[-79.03465766,-2.86476026],[-79.03462978,-2.86476021],[-79.03455362,-2.86475855],[-79.03448618,-2.86475635],[-79.03445578,-2.86475585],[-79.0344074,-2.8647573],[-79.03438375,-2.86475979],[-79.03433321,-2.86476034],[-79.03429409,-2.8647628],[-79.03426836,-2.86476484],[-79.03424417,-2.86476841],[-79.03419578,-2.86476987],[-79.03417204,-2.86477091],[-79.03414165,-2.86477239],[-79.03410819,-2.86477342],[-79.0340866,-2.86477745],[-79.03405772,-2.86478473],[-79.03402012,-2.86479497],[-79.03397936,-2.86480991],[-79.03394894,-2.86482125],[-79.03393301,-2.86482845],[-79.03391241,-2.86483466],[-79.03389234,-2.86484186],[-79.03385519,-2.86485011],[-79.03383513,-2.86485469],[-79.03378978,-2.86486962],[-79.03373625,-2.86488508],[-79.03370278,-2.86489542],[-79.03365951,-2.86490674],[-79.03361983,-2.8649196],[-79.03358833,-2.86493039],[-79.03356674,-2.86493714],[-79.03354569,-2.86494424],[-79.03350341,-2.86495403],[-79.03341379,-2.8649829],[-79.03328907,-2.86502925],[-79.03308915,-2.86509518],[-79.03291137,-2.86514822],[-79.0328465,-2.86516727],[-79.03251367,-2.86528008],[-79.03235279,-2.8653346],[-79.03224258,-2.8653665],[-79.03197318,-2.86541125],[-79.03195907,-2.86540272],[-79.0319456,-2.86539122],[-79.0319342,-2.86537836],[-79.0319273,-2.86536786],[-79.03192281,-2.86536062],[-79.03191727,-2.86534289],[-79.0319173,-2.86532444],[-79.03191283,-2.86530915],[-79.03190396,-2.86529105],[-79.03189319,-2.86527811],[-79.03188152,-2.86526597],[-79.03186453,-2.86526241],[-79.03185344,-2.86528048],[-79.03185448,-2.86530064],[-79.03185482,-2.86531592],[-79.03185408,-2.86532741],[-79.03185263,-2.86533437],[-79.03184576,-2.86535072],[-79.03180836,-2.86535065],[-79.0317952,-2.86536627],[-79.03179212,-2.86537848],[-79.03177995,-2.86539789],[-79.03176647,-2.86539055],[-79.03175895,-2.86537281],[-79.03175449,-2.86535056],[-79.03175481,-2.86531964],[-79.03175007,-2.86530462],[-79.03173382,-2.86529284],[-79.03171997,-2.86529245],[-79.03170511,-2.86530527],[-79.03169294,-2.86532433],[-79.03168949,-2.86534313],[-79.03169282,-2.86539286],[-79.03169556,-2.86541827],[-79.03168996,-2.86543626],[-79.03167442,-2.86542692],[-79.03166617,-2.86541153],[-79.03165794,-2.86538719],[-79.03164973,-2.86535038],[-79.03164419,-2.86532949],[-79.03163596,-2.86530271],[-79.03162944,-2.86527837],[-79.03162182,-2.8652648],[-79.03160663,-2.86525745],[-79.03158901,-2.86525814],[-79.03157343,-2.86526643],[-79.03155617,-2.86526369],[-79.03154123,-2.86527198],[-79.03153778,-2.86529006],[-79.03153047,-2.86530913],[-79.03151867,-2.86532167],[-79.03150142,-2.86531125],[-79.03149248,-2.86527922],[-79.03148737,-2.86527017],[-79.03147975,-2.86525488],[-79.03147394,-2.86523751],[-79.03147189,-2.86522223],[-79.03145452,-2.86523223],[-79.03145034,-2.86525727],[-79.03144826,-2.86526803],[-79.03143377,-2.86527496],[-79.03141994,-2.86526382],[-79.03140894,-2.86522799],[-79.03137882,-2.86522062],[-79.03137404,-2.86523245],[-79.03135186,-2.86526469],[-79.03133626,-2.86528935],[-79.03132932,-2.8653001],[-79.03132381,-2.86531266],[-79.0313193,-2.86532305],[-79.03131684,-2.86533941],[-79.03131611,-2.86534637],[-79.03131753,-2.86535849],[-79.03131752,-2.86536446],[-79.03133059,-2.86539784],[-79.03133711,-2.8654229],[-79.031336,-2.86544333],[-79.0313321,-2.86546421],[-79.03132379,-2.86548255],[-79.03131127,-2.86549573],[-79.03129848,-2.86550656],[-79.03128011,-2.86552316],[-79.03125976,-2.86553741],[-79.03123518,-2.86555545],[-79.03122923,-2.86556268],[-79.03120644,-2.86558741],[-79.03119878,-2.86559816],[-79.03119256,-2.86560619],[-79.03117316,-2.86564613],[-79.03116548,-2.86566899],[-79.03116238,-2.86568915],[-79.03116164,-2.86570135],[-79.03116089,-2.86572431],[-79.03116049,-2.86574412],[-79.0311618,-2.86576808],[-79.03116355,-2.86579484],[-79.03116557,-2.86582722],[-79.03116274,-2.86585054],[-79.0311547,-2.86592494],[-79.03114397,-2.86594192],[-79.0310886,-2.86598007],[-79.03105294,-2.86600984],[-79.03100268,-2.86605876],[-79.03099231,-2.86607095],[-79.03096834,-2.86610012],[-79.03096005,-2.86611366],[-79.03094687,-2.86614384],[-79.03094271,-2.86615432],[-79.03093333,-2.86616959],[-79.03090944,-2.86620426],[-79.03089032,-2.86623904],[-79.0308813,-2.86625322],[-79.03086887,-2.86626884],[-79.03083671,-2.86630116],[-79.03082527,-2.86631298],[-79.03082004,-2.86632274],[-79.03080442,-2.86635643],[-79.03078256,-2.866413],[-79.03076866,-2.86644661],[-79.03076547,-2.86646894],[-79.0307676,-2.86648874],[-79.03077305,-2.86650955],[-79.03079231,-2.86655135],[-79.03083506,-2.86663452],[-79.03085406,-2.86667072],[-79.03086676,-2.8667117],[-79.03086978,-2.86673331],[-79.03086804,-2.86675166],[-79.03086595,-2.86676595],[-79.03086423,-2.86677218],[-79.03085521,-2.86679134],[-79.03080735,-2.86685418],[-79.03079488,-2.86688608],[-79.03078233,-2.86691562],[-79.03077097,-2.86693441],[-79.03075845,-2.86694759],[-79.03074908,-2.86695454],[-79.03073594,-2.86696111],[-79.03071938,-2.8669694],[-79.03069545,-2.86697876],[-79.03067439,-2.86698813],[-79.03066017,-2.86699362],[-79.03064874,-2.86699957],[-79.03063668,-2.86700787],[-79.03062865,-2.86701897],[-79.03062207,-2.86702864],[-79.0306162,-2.867044],[-79.03061276,-2.86706135],[-79.03061138,-2.86707699],[-79.03061064,-2.86708775],[-79.03061133,-2.86710412],[-79.03061194,-2.86711976],[-79.03061202,-2.86712528],[-79.03060712,-2.86714679],[-79.03060395,-2.86716206],[-79.03059321,-2.86718257],[-79.03057555,-2.86720451],[-79.03055546,-2.86722563],[-79.03052735,-2.86725994],[-79.0305176,-2.86727909],[-79.03051099,-2.86730548],[-79.03050472,-2.86734299],[-79.0305047,-2.86735692],[-79.03050431,-2.86737464],[-79.03050598,-2.86739444],[-79.03050838,-2.86741497],[-79.03051078,-2.86742818],[-79.03052285,-2.86746988],[-79.0305359,-2.86751583],[-79.03054169,-2.86754921],[-79.03054721,-2.86758113],[-79.03054889,-2.8675985],[-79.03055296,-2.86763955],[-79.03055473,-2.8676524],[-79.03055883,-2.86767428],[-79.03056393,-2.86769129],[-79.03057082,-2.86771119],[-79.03057771,-2.86772748],[-79.03058389,-2.86774485],[-79.0305897,-2.86776394],[-79.03059309,-2.86777859],[-79.03059756,-2.86779488],[-79.03060034,-2.86780148],[-79.0306145,-2.86783143],[-79.03062381,-2.86785234],[-79.03062855,-2.86787043],[-79.03062682,-2.86788218],[-79.03062474,-2.86789122],[-79.03061328,-2.86790964],[-79.03059662,-2.86792562],[-79.03056131,-2.86796028],[-79.03052321,-2.86799882],[-79.03049823,-2.86803557],[-79.03049235,-2.86805925],[-79.03047524,-2.86812568],[-79.03047144,-2.86814095],[-79.03046517,-2.86817847],[-79.0304589,-2.86821534],[-79.0304522,-2.86824065],[-79.03044903,-2.86825213],[-79.03042791,-2.86830073],[-79.03039001,-2.8683768],[-79.03038623,-2.86837923],[-79.03037029,-2.86839349],[-79.03035714,-2.86840459],[-79.03034679,-2.8684119],[-79.030334,-2.86841947],[-79.03032356,-2.86842397],[-79.03029071,-2.86843983],[-79.03028036,-2.86844578],[-79.03026101,-2.86845859],[-79.03025092,-2.86846553],[-79.03023849,-2.86848007],[-79.03022775,-2.86849958],[-79.03021764,-2.86852596],[-79.03021348,-2.86853536],[-79.03021273,-2.86855443],[-79.03021209,-2.86856212],[-79.03021584,-2.86857542],[-79.03022409,-2.86859342],[-79.03026071,-2.86862965],[-79.03032768,-2.86869622],[-79.03034699,-2.8687119],[-79.03035876,-2.86872096],[-79.03037779,-2.86874016],[-79.0303899,-2.8687551],[-79.0304206,-2.86879096],[-79.03041705,-2.86881284],[-79.0304108,-2.86884275],[-79.03040348,-2.86886254],[-79.03039896,-2.86887718],[-79.03036322,-2.86895108],[-79.03035772,-2.86895984],[-79.03034898,-2.86897194],[-79.03032689,-2.86900454],[-79.03027868,-2.86906251],[-79.03026795,-2.86908057],[-79.03025345,-2.86909203],[-79.03020909,-2.86910859],[-79.03017939,-2.86911966],[-79.03016006,-2.86912207],[-79.03014376,-2.86913352],[-79.03012989,-2.86914326],[-79.03009039,-2.86915703],[-79.03005891,-2.8691643],[-79.03003372,-2.86917013],[-79.02999117,-2.86917946],[-79.02995688,-2.86919504],[-79.0299413,-2.8692093],[-79.02993712,-2.86923398],[-79.02993426,-2.86927394],[-79.02993046,-2.86929093],[-79.02993042,-2.86931281],[-79.02993038,-2.86933686],[-79.02993686,-2.8693838],[-79.02994166,-2.86942025],[-79.02994719,-2.86944602],[-79.02995647,-2.86948845],[-79.02995815,-2.86950518],[-79.02995943,-2.8695427],[-79.02995904,-2.8695625],[-79.02995792,-2.86958646],[-79.02994859,-2.86962541],[-79.0299375,-2.86964275],[-79.02991258,-2.86965003],[-79.02988353,-2.86965233],[-79.02985826,-2.86964849],[-79.0298103,-2.86961821],[-79.02980059,-2.86961196],[-79.02977948,-2.86960179],[-79.02976088,-2.86959516],[-79.02972248,-2.86959329],[-79.02970134,-2.86959678],[-79.02968675,-2.86961067],[-79.02967845,-2.86962938],[-79.02967742,-2.86964782],[-79.02967981,-2.86967251],[-79.0296884,-2.86969612],[-79.02969665,-2.86971078],[-79.02969809,-2.8697135],[-79.02972357,-2.86974591],[-79.02976256,-2.86981686],[-79.02976388,-2.86983911],[-79.02976321,-2.86985999],[-79.02974965,-2.86990066],[-79.02973955,-2.86991764],[-79.02970424,-2.86995374],[-79.02969631,-2.86996133],[-79.02964921,-2.87000193],[-79.02961282,-2.87003668],[-79.02958274,-2.87006475],[-79.02956744,-2.87007376],[-79.02953531,-2.87008655],[-79.02953054,-2.87008735],[-79.02949007,-2.87009216],[-79.02946858,-2.87009032],[-79.02944926,-2.87008405],[-79.02936947,-2.87004358],[-79.02934225,-2.8700297],[-79.02927487,-2.86999025],[-79.02925654,-2.86998398],[-79.02923415,-2.86997906],[-79.0292141,-2.86997939],[-79.02920025,-2.86998108],[-79.02918504,-2.86999082],[-79.02917772,-2.87000952],[-79.02917139,-2.87008112],[-79.02916684,-2.87011276],[-79.02916512,-2.87012279],[-79.02915903,-2.87026356],[-79.02915621,-2.87028236],[-79.02914813,-2.87032611],[-79.02914147,-2.87038451],[-79.02913445,-2.87043974],[-79.02912891,-2.8704731],[-79.02911607,-2.8705096],[-79.02910461,-2.87053291],[-79.02904184,-2.87063985],[-79.02903661,-2.87064988],[-79.0290217,-2.8706909],[-79.02900226,-2.87075516],[-79.02899944,-2.87077396],[-79.02899375,-2.87083688],[-79.02899273,-2.8708546],[-79.0289951,-2.87088869],[-79.02899819,-2.87092694],[-79.02900431,-2.87097668],[-79.02900182,-2.87100932],[-79.02900171,-2.87107396],[-79.02900335,-2.87111221],[-79.0290056,-2.87116475],[-79.02901248,-2.87119252],[-79.02902417,-2.87124227],[-79.02902969,-2.87127637],[-79.02902993,-2.87129165],[-79.02901987,-2.87134],[-79.02900806,-2.87135834],[-79.02899284,-2.8713726],[-79.02897411,-2.87138441],[-79.02894576,-2.87139955],[-79.02890733,-2.87142073],[-79.02888383,-2.87143597],[-79.02886924,-2.87144987],[-79.02885572,-2.87146829],[-79.02885604,-2.87148945],[-79.02886402,-2.87150266],[-79.02886644,-2.87150927],[-79.0288719,-2.87152492],[-79.02887294,-2.87154544],[-79.02886805,-2.87156488],[-79.02885866,-2.87158502],[-79.02884658,-2.87160516],[-79.02880604,-2.87164858],[-79.02878757,-2.87166682],[-79.0287873,-2.87166645],[-79.02875417,-2.87169271],[-79.02872571,-2.87171816],[-79.02870876,-2.87173892],[-79.0286857,-2.87176438],[-79.02867029,-2.87178443],[-79.02865098,-2.87182381],[-79.02864093,-2.87186168],[-79.02864236,-2.87192045],[-79.02864844,-2.87193746],[-79.02865849,-2.87194978],[-79.02868534,-2.87197532],[-79.02873445,-2.87202025],[-79.02876661,-2.87204192],[-79.02878737,-2.87204819],[-79.02883043,-2.8720583],[-79.02889337,-2.87206067],[-79.0289126,-2.87206613],[-79.0289303,-2.87207855],[-79.02894025,-2.87209782],[-79.02894093,-2.87211799],[-79.02893476,-2.8721527],[-79.02892699,-2.87217429],[-79.02891931,-2.87219517],[-79.02891459,-2.87221677],[-79.02889915,-2.87225851],[-79.02887063,-2.87231488],[-79.02884909,-2.87234414],[-79.02883754,-2.8723689],[-79.02881439,-2.87244381],[-79.02879508,-2.87248157],[-79.02876659,-2.87252556],[-79.02875267,-2.87256803],[-79.02874344,-2.87260128],[-79.02874106,-2.87262289],[-79.02874256,-2.87264143],[-79.02875564,-2.8726693],[-79.028784,-2.87270416],[-79.02881697,-2.87272347],[-79.02883466,-2.87273824],[-79.0288492,-2.87275527],[-79.02886065,-2.87278539],[-79.02886366,-2.87281479],[-79.02884984,-2.87285337],[-79.02882667,-2.87288814],[-79.02881207,-2.87290511],[-79.02879434,-2.87291358],[-79.02877824,-2.87291428],[-79.02875369,-2.87291577],[-79.0287383,-2.87292198],[-79.0287229,-2.87293425],[-79.02870821,-2.87295511],[-79.02869972,-2.87297363],[-79.0286951,-2.87299298],[-79.02869894,-2.87300998],[-79.02870817,-2.87302772],[-79.02871813,-2.8730432],[-79.02875799,-2.8730835],[-79.02877566,-2.87310586],[-79.02879709,-2.87314614],[-79.0288124,-2.87318242],[-79.02882078,-2.87322728],[-79.02881769,-2.87324735],[-79.02880381,-2.87326432],[-79.02878841,-2.87327903],[-79.02877229,-2.8732913],[-79.02875689,-2.8733052],[-79.02874759,-2.87332607],[-79.02873525,-2.87338789],[-79.02872897,-2.87348445],[-79.02872196,-2.87353624],[-79.02870103,-2.87362662],[-79.02868157,-2.87375561],[-79.0286862,-2.87378031],[-79.02869382,-2.87379506],[-79.02870306,-2.87380737],[-79.02873448,-2.87383762],[-79.02878434,-2.87386936],[-79.02880507,-2.873891],[-79.02883188,-2.87393897],[-79.02886404,-2.87401163],[-79.02888544,-2.87406194],[-79.02889612,-2.87407895],[-79.02891989,-2.87410992],[-79.0289337,-2.87413463],[-79.0289429,-2.87416791],[-79.02894742,-2.87421042],[-79.02894585,-2.87423356],[-79.02893967,-2.8742699],[-79.02892799,-2.87431545],[-79.02891255,-2.87435484],[-79.0288848,-2.87438418],[-79.02886407,-2.87441425],[-79.02885243,-2.87443512],[-79.02884547,-2.87445825],[-79.02884777,-2.87447987],[-79.02888297,-2.87456031],[-79.02888218,-2.87460362],[-79.02884128,-2.87469622],[-79.02882741,-2.87471247],[-79.02881047,-2.87472709],[-79.02878825,-2.87473166],[-79.02876983,-2.8747263],[-79.02873676,-2.87471078],[-79.02871221,-2.87471074],[-79.02869754,-2.8747184],[-79.0286814,-2.87474233],[-79.02867598,-2.87476013],[-79.02867674,-2.87478789],[-79.02868198,-2.87482886],[-79.02868195,-2.87484667],[-79.0286819,-2.87487289],[-79.02869497,-2.87490845],[-79.0287103,-2.87493397],[-79.02871945,-2.87495026],[-79.02872634,-2.87497035],[-79.02874395,-2.87503222],[-79.02875926,-2.87507086],[-79.02876686,-2.87509402],[-79.02877606,-2.87513038],[-79.02878208,-2.87518518],[-79.02880577,-2.8752656],[-79.02880646,-2.87528342],[-79.02880569,-2.87531199],[-79.02879793,-2.87532979],[-79.02878333,-2.87534595],[-79.02875407,-2.87536678],[-79.02871645,-2.87538444],[-79.02863728,-2.8754098],[-79.02862035,-2.87541908],[-79.02859108,-2.87544842],[-79.02856257,-2.87550244],[-79.02855174,-2.87552484],[-79.02854244,-2.8755449],[-79.02854098,-2.87555954],[-79.02853393,-2.87562906],[-79.02851846,-2.87568473],[-79.02848993,-2.8757534],[-79.02848214,-2.87578512],[-79.0284775,-2.87581287],[-79.02847661,-2.87586386],[-79.0284804,-2.8759079],[-79.02849647,-2.8759752],[-79.02850866,-2.87599683],[-79.02852176,-2.87601304],[-79.02855169,-2.87602701],[-79.02856625,-2.87603093],[-79.0286147,-2.8760387],[-79.02865921,-2.87604112],[-79.02869085,-2.87604913],[-79.02871507,-2.87608778],[-79.02871928,-2.87609692],[-79.02872232,-2.87610841],[-79.02872113,-2.87611872],[-79.02872226,-2.87613942],[-79.0287234,-2.87615887],[-79.02872401,-2.87616981],[-79.02873349,-2.87619894],[-79.02874739,-2.87622084],[-79.02875339,-2.87623785],[-79.02875273,-2.87625729],[-79.02874548,-2.87628883],[-79.02873636,-2.87630762],[-79.02872241,-2.87631791],[-79.02870613,-2.87632032],[-79.02868436,-2.87632028],[-79.0286663,-2.87631483],[-79.02864824,-2.87630259],[-79.02860539,-2.87627946],[-79.02859515,-2.87627402],[-79.02857097,-2.87626792],[-79.02854075,-2.87626605],[-79.02852025,-2.87626656],[-79.02847917,-2.87625926],[-79.02839888,-2.87625179],[-79.028327,-2.87626379],[-79.02829378,-2.87628805],[-79.02826591,-2.876339],[-79.02825865,-2.87637298],[-79.02827592,-2.87647437],[-79.02827826,-2.87652907],[-79.02827458,-2.87657952],[-79.0282618,-2.87663411],[-79.02826175,-2.8766663],[-79.02827254,-2.87671604],[-79.02828457,-2.87673189],[-79.0282984,-2.87674222],[-79.02835097,-2.87675931],[-79.02836239,-2.87676358],[-79.02839743,-2.8767782],[-79.02843174,-2.87680375],[-79.02844313,-2.87682131],[-79.02844912,-2.87684076],[-79.02844666,-2.87686137],[-79.02844179,-2.87687167],[-79.02843701,-2.87687537],[-79.02842855,-2.87688196],[-79.02841586,-2.87688808],[-79.028411,-2.87688862],[-79.02839895,-2.87688986],[-79.02839472,-2.87688986],[-79.02835059,-2.87687884],[-79.0283265,-2.87687211],[-79.02829452,-2.87685198],[-79.02826738,-2.87684045],[-79.02824744,-2.87683128],[-79.02822336,-2.87681786],[-79.02819381,-2.87679782],[-79.02816785,-2.87678078],[-79.02815635,-2.87677407],[-79.02815213,-2.87676864],[-79.0281347,-2.87676011],[-79.02811592,-2.87675158],[-79.02809363,-2.87674729],[-79.02807734,-2.87675088],[-79.02806096,-2.87676052],[-79.02804771,-2.8767775],[-79.02801805,-2.87682483],[-79.02800166,-2.87683637],[-79.02797872,-2.87684176],[-79.0279486,-2.87683682],[-79.02793531,-2.87682531],[-79.02792085,-2.87681381],[-79.02790398,-2.87679316],[-79.02789313,-2.87677976],[-79.02788165,-2.87675913],[-79.0278672,-2.87674328],[-79.0278485,-2.87674144],[-79.02782556,-2.87674682],[-79.0278116,-2.8767553],[-79.02778376,-2.87678626],[-79.02775356,-2.87683296],[-79.02770209,-2.87690149],[-79.02767364,-2.87692206],[-79.02764106,-2.87693782],[-79.02761683,-2.87696391],[-79.02759934,-2.87699001],[-79.02756663,-2.87702757],[-79.02753209,-2.87708519],[-79.02749036,-2.87713856],[-79.02745828,-2.87717548],[-79.02743827,-2.87720158],[-79.02742503,-2.87721855],[-79.02735793,-2.87727983],[-79.02730167,-2.87731246],[-79.02728177,-2.87732699],[-79.02724367,-2.87736399],[-79.02719401,-2.87742457],[-79.0271668,-2.87745852],[-79.02715716,-2.8774689],[-79.02714446,-2.87747675],[-79.02704299,-2.87750089],[-79.0270231,-2.87750936],[-79.02700861,-2.87751657],[-79.02698979,-2.87752992],[-79.0269753,-2.87753658],[-79.02696441,-2.87754199],[-79.02693787,-2.87754682],[-79.02691368,-2.87754678],[-79.02688896,-2.87754186],[-79.02687512,-2.87753695],[-79.0268594,-2.87752607],[-79.02684979,-2.87751991],[-79.02681899,-2.87749255],[-79.0268021,-2.87748284],[-79.02678215,-2.87748037],[-79.02676164,-2.87748097],[-79.02673385,-2.87748092],[-79.02671639,-2.87749002],[-79.02667884,-2.87752024],[-79.02663227,-2.8775651],[-79.02659775,-2.87761124],[-79.02658324,-2.87762939],[-79.02656152,-2.87766154],[-79.02655177,-2.87767907],[-79.02654096,-2.87769243],[-79.0265221,-2.87772947],[-79.02650219,-2.87775312],[-79.02646346,-2.87778759],[-79.02643743,-2.87781368],[-79.02641626,-2.87783615],[-79.02639994,-2.87785728],[-79.02637877,-2.87787976],[-79.02635338,-2.87790096],[-79.02634184,-2.87791487],[-79.02631167,-2.87794402],[-79.02629284,-2.87796153],[-79.02624151,-2.87800158],[-79.02621612,-2.87802333],[-79.02617559,-2.87806151],[-79.0261617,-2.8780821],[-79.02612476,-2.87812634],[-79.02611629,-2.87813301],[-79.02609154,-2.87814753],[-79.02607821,-2.87816025],[-79.02605706,-2.87816935],[-79.02604437,-2.87817421],[-79.02602439,-2.87818086],[-79.02599966,-2.87818625],[-79.02596826,-2.87819107],[-79.02590486,-2.87819521],[-79.02584748,-2.8781981],[-79.02582338,-2.8782005],[-79.02576662,-2.87820528],[-79.02574728,-2.8782095],[-79.02573216,-2.87821616],[-79.02571281,-2.87823005],[-79.02570136,-2.87824224],[-79.02568929,-2.87825551],[-79.02567955,-2.87827312],[-79.02567168,-2.87830222],[-79.02566675,-2.87834353],[-79.02565282,-2.87838962],[-79.02563703,-2.87842115],[-79.02560917,-2.87846116],[-79.02555233,-2.87851757],[-79.02554026,-2.87853147],[-79.0255354,-2.87853327],[-79.02551604,-2.87854843],[-79.0255028,-2.87855808],[-79.02547319,-2.87857448],[-79.02542477,-2.87859619],[-79.02539454,-2.87860644],[-79.0253716,-2.87861002],[-79.02529369,-2.87863421],[-79.02525192,-2.87865475],[-79.02523141,-2.87866384],[-79.02522232,-2.87866871],[-79.0252187,-2.87867838],[-79.02522471,-2.87868933],[-79.02522649,-2.87870091],[-79.02522044,-2.87871301],[-79.0252144,-2.87872023],[-79.02520286,-2.87873785],[-79.02518717,-2.87876395],[-79.0251757,-2.87879069],[-79.02516352,-2.87881861],[-79.02515746,-2.87883496],[-79.02514041,-2.87892056],[-79.0251392,-2.8789466],[-79.02513494,-2.87896422],[-79.02512951,-2.87898184],[-79.02511437,-2.87900062],[-79.02507504,-2.87902307],[-79.02501946,-2.87902171],[-79.02499897,-2.87901561],[-79.02497964,-2.87901377],[-79.02493378,-2.87901306],[-79.02491507,-2.87901791],[-79.02489212,-2.87902935],[-79.02486009,-2.87903725],[-79.02483948,-2.87904752],[-79.02482256,-2.87905536],[-79.02480932,-2.87906564],[-79.02477958,-2.87910574],[-79.02476868,-2.87911783],[-79.0247584,-2.87913056],[-79.02475054,-2.87914999],[-79.02472696,-2.87916396],[-79.02470033,-2.87916998],[-79.02466353,-2.87918022],[-79.0246424,-2.87918199],[-79.02459884,-2.87920253],[-79.02457706,-2.87921524],[-79.02452382,-2.87926804],[-79.02450327,-2.87929468],[-79.02449055,-2.87932015],[-79.02448145,-2.879328],[-79.02446273,-2.87933593],[-79.02444097,-2.87933408],[-79.02443253,-2.87932855],[-79.02442769,-2.87932068],[-79.0244326,-2.8792885],[-79.0244545,-2.8792096],[-79.02445454,-2.87918591],[-79.02445151,-2.8791671],[-79.02444435,-2.87915009],[-79.02443108,-2.87912638],[-79.02442265,-2.87911425],[-79.0244118,-2.87909542],[-79.02439977,-2.87908021],[-79.02438534,-2.87905351],[-79.02437145,-2.87902736],[-79.02436185,-2.87901215],[-79.02433771,-2.87898236],[-79.02432083,-2.87896778],[-79.02429918,-2.87895436],[-79.02428346,-2.87894529],[-79.02426414,-2.87893856],[-79.02416757,-2.87893469],[-79.02415245,-2.87893837],[-79.02410527,-2.87897102],[-79.02408834,-2.87898989],[-79.02406043,-2.87905593],[-79.02404831,-2.8790966],[-79.02403983,-2.87911421],[-79.02402956,-2.87912758],[-79.02400773,-2.87916515],[-79.02399681,-2.87918819],[-79.02398409,-2.87921367],[-79.02397561,-2.8792264],[-79.02396777,-2.87923615],[-79.02395264,-2.87924887],[-79.02391101,-2.87924392],[-79.02388803,-2.87922326],[-79.02387779,-2.87921285],[-79.02385856,-2.87920558],[-79.02382593,-2.8791982],[-79.02378727,-2.87919696],[-79.02374804,-2.87920656],[-79.02372625,-2.87922172],[-79.02368816,-2.87925565],[-79.02365915,-2.87928715],[-79.02363736,-2.87930113],[-79.02362161,-2.87931195],[-79.02356421,-2.87932523],[-79.02353587,-2.8793307],[-79.02350503,-2.87933119],[-79.02348273,-2.87933061],[-79.02345369,-2.87932748],[-79.02343139,-2.87932319],[-79.02341279,-2.87931828],[-79.02338745,-2.87930666],[-79.02337172,-2.87929877],[-79.02335124,-2.87928535],[-79.0233217,-2.87926351],[-79.02330598,-2.87925372],[-79.0232028,-2.87922017],[-79.02318833,-2.8792159],[-79.02317322,-2.8792147],[-79.02310741,-2.87920726],[-79.0230941,-2.87920543],[-79.02305671,-2.87919804],[-79.02298848,-2.87918336],[-79.02296313,-2.8791797],[-79.0229402,-2.8791736],[-79.02292871,-2.87916689],[-79.02290282,-2.87916016],[-79.02288107,-2.87915406],[-79.02283152,-2.87915036],[-79.02275788,-2.87914598],[-79.0226963,-2.87913556],[-79.02266736,-2.87913],[-79.02264011,-2.87912697],[-79.02263049,-2.87912813],[-79.02261473,-2.87913967],[-79.02259906,-2.87915664],[-79.02258689,-2.87917118],[-79.02257904,-2.87918753],[-79.0225639,-2.87920396],[-79.02254275,-2.8792136],[-79.02251621,-2.87922268],[-79.02249804,-2.87922744],[-79.02248174,-2.87923664],[-79.02246546,-2.87924321],[-79.02245753,-2.87924808],[-79.02240986,-2.87925469],[-79.02237785,-2.87925346],[-79.02235187,-2.8792497],[-79.02233497,-2.87924362],[-79.02231449,-2.8792302],[-79.02230005,-2.87921263],[-79.02229278,-2.87919924],[-79.02226216,-2.87912206],[-79.02225914,-2.87910388],[-79.02226164,-2.87906012],[-79.02225438,-2.87904555],[-79.0222357,-2.87903214],[-79.02222365,-2.87902914],[-79.02220011,-2.87902123],[-79.02214101,-2.87898044],[-79.02210776,-2.87896338],[-79.02206615,-2.878953],[-79.02200396,-2.87893047],[-79.02198041,-2.87892066],[-79.02196118,-2.87891159],[-79.02185678,-2.87885797],[-79.02180314,-2.87883057],[-79.02176511,-2.87882924],[-79.02175243,-2.87882922],[-79.02171735,-2.87883467],[-79.02168235,-2.87884429],[-79.02165095,-2.87885635],[-79.0216171,-2.87887573],[-79.02160621,-2.87888059],[-79.02152827,-2.87891626],[-79.02149678,-2.87893022],[-79.02146113,-2.87895195],[-79.02143023,-2.87898291],[-79.02141571,-2.87900603],[-79.02140785,-2.87902726],[-79.02140359,-2.8790485],[-79.0213973,-2.87914922],[-79.02139186,-2.87917289],[-79.02138096,-2.87918807],[-79.02136403,-2.87920133],[-79.02134828,-2.87920917],[-79.02131985,-2.87921644],[-79.02126913,-2.87921635],[-79.0212148,-2.8792272],[-79.02114227,-2.8792513],[-79.02111383,-2.87926952],[-79.02107391,-2.87931249],[-79.02103341,-2.8793343],[-79.02099778,-2.87934454],[-79.02097063,-2.87934024],[-79.02096641,-2.87933599],[-79.02096643,-2.87932812],[-79.02097428,-2.87930869],[-79.02098456,-2.87929479],[-79.02099186,-2.87928504],[-79.02101243,-2.87924746],[-79.02100707,-2.87922738],[-79.02099315,-2.87921406],[-79.02097149,-2.87920788],[-79.02095331,-2.87921336],[-79.02091227,-2.87923815],[-79.02089471,-2.8792515],[-79.02087421,-2.87924785],[-79.02086156,-2.87923381],[-79.02085788,-2.87922531],[-79.0208828,-2.87916712],[-79.02088823,-2.87914643],[-79.02088102,-2.87910519],[-79.02087388,-2.87907724],[-79.02087573,-2.87904749],[-79.02087397,-2.87902073],[-79.02086854,-2.87898799],[-79.02086796,-2.87896249],[-79.02086377,-2.87894304],[-79.02086931,-2.87890661],[-79.02086809,-2.87888473],[-79.02086094,-2.87886229],[-79.02085792,-2.8788386],[-79.02084347,-2.8788204],[-79.02082119,-2.87880942],[-79.02077408,-2.87880563],[-79.0206786,-2.87884254],[-79.02048707,-2.87888895],[-79.02046413,-2.87889623],[-79.02039534,-2.8788943],[-79.02037052,-2.87889236],[-79.02033367,-2.8788838],[-79.02031012,-2.87887282],[-79.02028237,-2.87885577],[-79.02025946,-2.87884298],[-79.02023837,-2.87881383],[-79.02023419,-2.87878706],[-79.02023782,-2.87876826],[-79.02023732,-2.8787452],[-79.02023187,-2.8787282],[-79.02022227,-2.87871362],[-79.02021922,-2.8787081],[-79.02019632,-2.87869477],[-79.02016854,-2.87868803],[-79.02014804,-2.87868863],[-79.02012689,-2.87869582],[-79.02010871,-2.87870312],[-79.02007369,-2.87872548],[-79.02006523,-2.87873035],[-79.02003012,-2.87875696],[-79.02001626,-2.87876245],[-79.01998602,-2.87877515],[-79.01995822,-2.87878179],[-79.01990265,-2.87877979],[-79.01988945,-2.87876765],[-79.01988642,-2.87875616],[-79.01989428,-2.87872942],[-79.01991005,-2.87871064],[-79.01992701,-2.87868336],[-79.01994641,-2.87864144],[-79.01995677,-2.87857898],[-79.01996473,-2.87855106],[-79.01996595,-2.87852258],[-79.01996422,-2.87848433],[-79.01995823,-2.87846551],[-79.01994313,-2.8784588],[-79.01993162,-2.87845751],[-79.01982901,-2.87846104],[-79.01976136,-2.87847909],[-79.01974074,-2.87849307],[-79.01970634,-2.87852149],[-79.01969598,-2.87853124],[-79.01962108,-2.87857966],[-79.0195884,-2.8786014],[-79.0195757,-2.87861476],[-79.01956237,-2.87862748],[-79.01954001,-2.87865665],[-79.01951948,-2.87867596],[-79.01950732,-2.87868507],[-79.01949886,-2.87869057],[-79.01947476,-2.87868926],[-79.01946571,-2.87867225],[-79.01945553,-2.87863154],[-79.0194647,-2.87857993],[-79.01945929,-2.87853625],[-79.01944243,-2.87850584],[-79.01943104,-2.87849181],[-79.01933688,-2.87844065],[-79.01930672,-2.87841031],[-79.01929177,-2.87837384],[-79.01929604,-2.8783489],[-79.01931778,-2.87830942],[-79.01933417,-2.87829245],[-79.01936015,-2.87824702],[-79.01936261,-2.87822695],[-79.01935549,-2.87818752],[-79.01933672,-2.87817229],[-79.01930481,-2.87816067],[-79.01926552,-2.87815942],[-79.01921658,-2.87816838],[-79.01919121,-2.87817448],[-79.01911083,-2.87822353],[-79.01898867,-2.87835017],[-79.01893417,-2.87840351],[-79.0188707,-2.87844409],[-79.01885981,-2.87845012],[-79.01883813,-2.87845434],[-79.01881638,-2.87845177],[-79.01879106,-2.87842749],[-79.01878149,-2.87839827],[-79.0187749,-2.87835703],[-79.01877152,-2.87823433],[-79.01876074,-2.87817608],[-79.01875714,-2.87812562],[-79.01875486,-2.8780881],[-79.01875007,-2.87804984],[-79.01874609,-2.87790897],[-79.01873174,-2.87783363],[-79.0187221,-2.87779536],[-79.01869084,-2.87771999],[-79.01864995,-2.877655],[-79.0186162,-2.87762031],[-79.01854133,-2.87759894],[-79.01852198,-2.87760315],[-79.01846278,-2.87762547],[-79.01841317,-2.87765821],[-79.01839994,-2.87766722],[-79.01836786,-2.87770424],[-79.01835089,-2.87774001],[-79.0183241,-2.87783707],[-79.01833546,-2.87792633],[-79.0183534,-2.87800711],[-79.01835274,-2.87802239],[-79.01835271,-2.87804174],[-79.01834298,-2.87810185],[-79.01832718,-2.87813645],[-79.018294,-2.87814064],[-79.0182542,-2.87811688],[-79.01821862,-2.87809982],[-79.01819085,-2.8780882],[-79.01816847,-2.87808093],[-79.01814491,-2.87808025],[-79.01810268,-2.87806318],[-79.01807259,-2.87804007],[-79.0180611,-2.87803101],[-79.01803818,-2.87802247],[-79.0180007,-2.8780121],[-79.01790474,-2.87801862],[-79.01789205,-2.87802095],[-79.01783531,-2.87802456],[-79.01778152,-2.87803233],[-79.01775616,-2.87803165],[-79.01774285,-2.87802919],[-79.01767224,-2.87799209],[-79.01763613,-2.87796472],[-79.01755594,-2.87790382],[-79.01754211,-2.87789231],[-79.01751129,-2.8778758],[-79.01748353,-2.87786246],[-79.0174642,-2.87785818],[-79.01744855,-2.87785933],[-79.0174129,-2.87788295],[-79.01739894,-2.87789631],[-79.017388,-2.87792848],[-79.0173759,-2.87795576],[-79.01736855,-2.87799644],[-79.01733882,-2.87807957],[-79.01732004,-2.87812321],[-79.01728501,-2.87814982],[-79.01726025,-2.8781693],[-79.01719924,-2.87819225],[-79.01717811,-2.87819466],[-79.01715699,-2.87818549],[-79.01708459,-2.87813735],[-79.01706952,-2.87811979],[-79.01705026,-2.87807662],[-79.01704847,-2.8780711],[-79.01702193,-2.87802431],[-79.01696893,-2.87799086],[-79.01691766,-2.87794457],[-79.01683865,-2.87787282],[-79.01681461,-2.87784122],[-79.01680439,-2.8778224],[-79.0167754,-2.87778654],[-79.01674766,-2.87776154],[-79.0167163,-2.87774874],[-79.01669094,-2.8777505],[-79.01667528,-2.87775662],[-79.01665834,-2.87777413],[-79.01664743,-2.87779174],[-79.01662498,-2.87782507],[-79.01660201,-2.87784998],[-79.01657418,-2.8778748],[-79.01653556,-2.87790023],[-79.01651684,-2.87790508],[-79.01648366,-2.87790439],[-79.01645284,-2.87789285],[-79.01643531,-2.87788794],[-79.01641723,-2.87789098],[-79.01640032,-2.87789637],[-79.01638637,-2.87790178],[-79.01637314,-2.877906],[-79.01633446,-2.87791326],[-79.01631872,-2.87791504],[-79.0162777,-2.87792591],[-79.01624564,-2.87795379],[-79.01623896,-2.87796345],[-79.01621957,-2.87799986],[-79.01620439,-2.87804233],[-79.01619833,-2.87806302],[-79.01619041,-2.878114],[-79.01617766,-2.87815892],[-79.01616544,-2.87820076],[-79.01613764,-2.87826083],[-79.01611756,-2.87827662],[-79.01610308,-2.87827723],[-79.01609041,-2.87827413],[-79.01604637,-2.87826013],[-79.01599084,-2.87823327],[-79.01595345,-2.87822353],[-79.01593897,-2.87822351],[-79.01589066,-2.87823916],[-79.01583372,-2.87829674],[-79.01582046,-2.87832104],[-79.01579377,-2.87836466],[-79.0157526,-2.87840528],[-79.01573208,-2.87841501],[-79.01571094,-2.8784222],[-79.01567049,-2.87841427],[-79.01565001,-2.87839723],[-79.0155981,-2.87835826],[-79.01558311,-2.87834612],[-79.01555769,-2.87832781],[-79.01553658,-2.87831693],[-79.01551123,-2.87830648],[-79.01548886,-2.87829677],[-79.01546415,-2.87828642],[-79.01542252,-2.87828083],[-79.01539105,-2.87828204],[-79.01533312,-2.87829044],[-79.01525395,-2.87831218],[-79.01524188,-2.87832301],[-79.01521583,-2.87835705],[-79.01518081,-2.87838059],[-79.01516325,-2.87839213],[-79.0151457,-2.87840548],[-79.01512942,-2.8784079],[-79.01511612,-2.87840001],[-79.01511137,-2.87839087],[-79.01510412,-2.87837078],[-79.01510069,-2.87827611],[-79.01509535,-2.87824084],[-79.0150857,-2.87820863],[-79.01507675,-2.87818068],[-79.01506528,-2.87815824],[-79.01501948,-2.87812045],[-79.01500438,-2.87811799],[-79.01492653,-2.87810393],[-79.01491259,-2.87810634],[-79.01486005,-2.87811773],[-79.01478571,-2.87815467],[-79.01475907,-2.87816738],[-79.01473989,-2.87818253],[-79.01472593,-2.87819408],[-79.01469513,-2.87822251],[-79.01468175,-2.87826136],[-79.01467199,-2.87828865],[-79.01466594,-2.87830383],[-79.0146617,-2.87831296],[-79.01465267,-2.87833175],[-79.01464232,-2.87834077],[-79.01462304,-2.87835774],[-79.01460486,-2.87836684],[-79.01458677,-2.8783753],[-79.01455528,-2.87838619],[-79.01451301,-2.878391],[-79.01447866,-2.8783885],[-79.01443821,-2.87837748],[-79.01441222,-2.87837807],[-79.01437479,-2.87839374],[-79.01435237,-2.87840771],[-79.01433968,-2.87841619],[-79.01433004,-2.87842223],[-79.01430827,-2.87843069],[-79.01427992,-2.87844032],[-79.0142497,-2.87844515],[-79.01422623,-2.87844267],[-79.01419425,-2.87842742],[-79.01416469,-2.87841408],[-79.01414593,-2.87839334],[-79.01411832,-2.8783423],[-79.01410505,-2.87831678],[-79.01408093,-2.87827975],[-79.01407376,-2.87826636],[-79.01405987,-2.87823532],[-79.01401168,-2.87817819],[-79.01397853,-2.87815815],[-79.01394166,-2.87815926],[-79.01386556,-2.87817495],[-79.01384375,-2.87820221],[-79.01381962,-2.87822098],[-79.01378156,-2.87823068],[-79.01372482,-2.87823112],[-79.01368317,-2.87824081],[-79.01364141,-2.87826018],[-79.01360156,-2.87826734],[-79.01358284,-2.87827463],[-79.01355988,-2.87829403],[-79.01352057,-2.87830056],[-79.01349759,-2.87832846],[-79.01347756,-2.8783636],[-79.01346727,-2.87838853],[-79.01346363,-2.8784152],[-79.01345263,-2.87848191],[-79.01344894,-2.87853534],[-79.01345795,-2.87857902],[-79.01345845,-2.87859783],[-79.01345897,-2.87866103],[-79.01345954,-2.87869738],[-79.01345951,-2.87871501],[-79.01345703,-2.87874421],[-79.01344851,-2.87878181],[-79.01343695,-2.8788109],[-79.0134158,-2.87882425],[-79.01340671,-2.87882604],[-79.01338865,-2.87882058],[-79.01336448,-2.87880535],[-79.01334822,-2.87879619],[-79.01333375,-2.87879074],[-79.0133066,-2.87879069],[-79.01329085,-2.87879727],[-79.01324316,-2.87881183],[-79.01321356,-2.87882145],[-79.01319178,-2.87882928],[-79.01317118,-2.87883657],[-79.01314222,-2.87883769],[-79.01310121,-2.87883762],[-79.01306255,-2.87883755],[-79.01302451,-2.87883812],[-79.01297622,-2.87883677],[-79.01293999,-2.87883065],[-79.01291941,-2.87882519],[-79.01289775,-2.87881602],[-79.01284588,-2.87875707],[-79.01283681,-2.87874611],[-79.01279525,-2.87870418],[-79.01278322,-2.87869014],[-79.01276751,-2.87867981],[-79.01275188,-2.87866522],[-79.01271443,-2.87863785],[-79.01266382,-2.87857881],[-79.01262593,-2.87854303],[-79.01260906,-2.87852474],[-79.01260116,-2.87851559],[-79.0125602,-2.87848523],[-79.0125336,-2.87847542],[-79.01246598,-2.87847412],[-79.0124587,-2.87847592],[-79.01243997,-2.87848619],[-79.0124261,-2.87849892],[-79.01241635,-2.87852259],[-79.01240731,-2.8785469],[-79.01239998,-2.87857473],[-79.01239211,-2.87860446],[-79.01239208,-2.87862273],[-79.01239445,-2.87865248],[-79.01239799,-2.87868648],[-79.01240102,-2.87870041],[-79.01240931,-2.87874545],[-79.01240862,-2.87877818],[-79.01240614,-2.878811],[-79.01240431,-2.87882673],[-79.01239762,-2.87885104],[-79.0123885,-2.87886983],[-79.0123758,-2.87888382],[-79.01234987,-2.87889951],[-79.01233538,-2.87890681],[-79.01231964,-2.87890795],[-79.01229851,-2.87890674],[-79.01228035,-2.87890364],[-79.01225987,-2.87889329],[-79.01223031,-2.87887868],[-79.0122038,-2.8788677],[-79.01217301,-2.87883609],[-79.01216699,-2.87882939],[-79.01209884,-2.87877402],[-79.01208017,-2.87875518],[-79.01206445,-2.87874304],[-79.01204577,-2.87873026],[-79.01200956,-2.87871193],[-79.01198969,-2.87871009],[-79.01196793,-2.87870942],[-79.01194499,-2.87871354],[-79.0119214,-2.87872805],[-79.01190871,-2.87873472],[-79.01189051,-2.87875476],[-79.01188087,-2.8787693],[-79.01187842,-2.87878024],[-79.01186567,-2.87882271],[-79.01185654,-2.87884638],[-79.01185111,-2.87886816],[-79.01183946,-2.87894834],[-79.01183696,-2.87898957],[-79.01183333,-2.87900782],[-79.01181944,-2.87903203],[-79.01180971,-2.8790454],[-79.01178676,-2.8790563],[-79.01175051,-2.87906229],[-79.01172401,-2.87904705],[-79.01169446,-2.87902331],[-79.01167389,-2.87900872],[-79.01165647,-2.87899838],[-79.01163833,-2.87897955],[-79.01160816,-2.87895824],[-79.01157681,-2.87893694],[-79.01154905,-2.87891926],[-79.01152678,-2.8789053],[-79.01150747,-2.87888763],[-79.01149176,-2.87887359],[-79.01147371,-2.87886081],[-79.01145313,-2.87884866],[-79.01143085,-2.87884076],[-79.01140487,-2.87883339],[-79.01135965,-2.87882906],[-79.01131675,-2.87882898],[-79.0112956,-2.87884106],[-79.01127497,-2.87885929],[-79.01126047,-2.87887265],[-79.01123083,-2.8789084],[-79.01120721,-2.8789429],[-79.01120835,-2.87900908],[-79.01122636,-2.87904926],[-79.01123415,-2.87906681],[-79.01127937,-2.87912277],[-79.0113101,-2.87913738],[-79.01134511,-2.87917388],[-79.01136135,-2.87919271],[-79.01137705,-2.87921643],[-79.01139632,-2.87925471],[-79.01140348,-2.8792747],[-79.0114065,-2.87929659],[-79.01140645,-2.87932091],[-79.01141546,-2.87936767],[-79.01141723,-2.87938096],[-79.01141477,-2.87940221],[-79.01141232,-2.87941441],[-79.01140564,-2.87942769],[-79.01140203,-2.8794332],[-79.01139537,-2.87943617],[-79.01138332,-2.87943859],[-79.01136641,-2.87943856],[-79.01134645,-2.87943672],[-79.01132955,-2.87943605],[-79.01131877,-2.87943061],[-79.01129155,-2.87941293],[-79.01127286,-2.87940323],[-79.01124815,-2.87939405],[-79.01121129,-2.87938612],[-79.01119799,-2.87938121],[-79.01113167,-2.8793556],[-79.01103872,-2.87933726],[-79.01096625,-2.87933289],[-79.01091733,-2.87933099],[-79.01090645,-2.87933161],[-79.01087982,-2.87933762],[-79.01086533,-2.87934853],[-79.01085262,-2.87936253],[-79.01084055,-2.87937824],[-79.01083323,-2.87939947],[-79.01083265,-2.87942198],[-79.01083135,-2.87944621],[-79.01083062,-2.8794991],[-79.01083364,-2.87952153],[-79.01083964,-2.87953854],[-79.01084743,-2.87955555],[-79.01085288,-2.87957618],[-79.0108558,-2.87960475],[-79.01085521,-2.87963513],[-79.01085519,-2.87964417],[-79.01084789,-2.87965456],[-79.01080018,-2.87968476],[-79.01079054,-2.87969261],[-79.01076937,-2.879715],[-79.01074883,-2.87973748],[-79.01072765,-2.87976357],[-79.01071009,-2.87977864],[-79.01069739,-2.87979082],[-79.01068109,-2.87980228],[-79.01064777,-2.87983016],[-79.01062788,-2.87984287],[-79.01062059,-2.87984286],[-79.01060253,-2.87983433],[-79.01057721,-2.87981548],[-79.01054219,-2.8797863],[-79.01052414,-2.87977108],[-79.01051507,-2.87976012],[-79.01049397,-2.87974372],[-79.01045661,-2.87971572],[-79.01044513,-2.87969508],[-79.01043248,-2.87968231],[-79.01041199,-2.8796707],[-79.01039141,-2.87966334],[-79.01036606,-2.87965905],[-79.01034736,-2.8796573],[-79.01032685,-2.87966025],[-79.01031173,-2.87966691],[-79.01029598,-2.87967656],[-79.01028635,-2.87968269],[-79.01027545,-2.87969171],[-79.01026877,-2.87970508],[-79.01026031,-2.87971239],[-79.01022756,-2.879773],[-79.01020698,-2.87982034],[-79.01018396,-2.87986768],[-79.01017367,-2.87988891],[-79.01015554,-2.87992351],[-79.01012279,-2.87998593],[-79.01006593,-2.88005518],[-79.01004656,-2.88007151],[-79.01003081,-2.88007871],[-79.01000607,-2.88008907],[-79.00995955,-2.88010291],[-79.00992392,-2.8801156],[-79.00989189,-2.88012648],[-79.00984294,-2.88013977],[-79.00982846,-2.88014517],[-79.00981514,-2.8801494],[-79.00978069,-2.88015666],[-79.0097644,-2.88016206],[-79.00974263,-2.88016935],[-79.00971123,-2.88017716],[-79.00969072,-2.88018255],[-79.00965078,-2.88019043],[-79.00962182,-2.88019282],[-79.00959402,-2.88019576],[-79.0095692,-2.88019571],[-79.00952334,-2.880195],[-79.00947927,-2.88020161],[-79.00943573,-2.88020886],[-79.00940731,-2.88021424],[-79.0093518,-2.88022806],[-79.00931185,-2.8802402],[-79.00929134,-2.88024251],[-79.00927201,-2.88024311],[-79.00925033,-2.88024796],[-79.0091518,-2.88027997],[-79.00911679,-2.88029691],[-79.00909322,-2.88030473],[-79.00905095,-2.88030647],[-79.00903153,-2.8803077],[-79.0089923,-2.88031731],[-79.00896631,-2.88032033],[-79.00893852,-2.88031965],[-79.00890714,-2.88031842],[-79.00888052,-2.88031774],[-79.00883826,-2.88031767],[-79.00879483,-2.88031452],[-79.00877487,-2.88031331],[-79.00875977,-2.88030786],[-79.00874235,-2.88029444],[-79.00872485,-2.88027561],[-79.00869405,-2.88025006],[-79.00868382,-2.88023846],[-79.00866578,-2.88021601],[-79.00866094,-2.88020687],[-79.00865673,-2.880199],[-79.00864717,-2.88016372],[-79.00863813,-2.8801382],[-79.00862308,-2.88010301],[-79.00861707,-2.88009269],[-79.00860622,-2.88007567],[-79.00858935,-2.88005928],[-79.00855251,-2.88004158],[-79.00852662,-2.88003548],[-79.00849281,-2.8800318],[-79.00848796,-2.88003053],[-79.00847042,-2.88003601],[-79.00844504,-2.88004691],[-79.00840876,-2.88006809],[-79.00839246,-2.88008199],[-79.00837795,-2.88010013],[-79.00836219,-2.88011656],[-79.00834769,-2.88012929],[-79.00832463,-2.88014679],[-79.00830465,-2.8801595],[-79.00829141,-2.88017286],[-79.00826962,-2.88018918],[-79.00826475,-2.88019343],[-79.0082369,-2.88022981],[-79.00821388,-2.88028258],[-79.00820602,-2.88030444],[-79.00820346,-2.88037731],[-79.00820031,-2.88043554],[-79.00820028,-2.88045072],[-79.00818584,-2.88047981],[-79.00816098,-2.88050292],[-79.00812895,-2.88051434],[-79.00810178,-2.88052162],[-79.00807462,-2.88051976],[-79.00805288,-2.88050815],[-79.00800708,-2.880471],[-79.00799622,-2.88046312],[-79.00798239,-2.88045161],[-79.00796489,-2.88043214],[-79.00793893,-2.88041202],[-79.00791603,-2.88039923],[-79.00785998,-2.88035908],[-79.00783824,-2.88034693],[-79.00781829,-2.8803402],[-79.0077996,-2.88033348],[-79.00775736,-2.8803146],[-79.00775017,-2.88031214],[-79.0077339,-2.8803085],[-79.00769704,-2.88030662],[-79.00768373,-2.88030543],[-79.00767348,-2.88030658],[-79.00764452,-2.88030771],[-79.00760343,-2.88030709],[-79.00758535,-2.88030887],[-79.00757446,-2.88031129],[-79.00754243,-2.88032218],[-79.00750012,-2.8803457],[-79.00747716,-2.8803651],[-79.00745896,-2.88038631],[-79.00744139,-2.88040455],[-79.00741904,-2.88043371],[-79.00741119,-2.88044825],[-79.00740804,-2.88049924],[-79.00740981,-2.88051561],[-79.00741762,-2.88052593],[-79.00743334,-2.88053509],[-79.00745573,-2.88053821],[-79.00747136,-2.88054673],[-79.00749006,-2.88055038],[-79.00751668,-2.88054681],[-79.00753359,-2.88054684],[-79.00755103,-2.88054741],[-79.00758726,-2.88055236],[-79.00762231,-2.88056644],[-79.00766326,-2.88059806],[-79.00767895,-2.88062784],[-79.00767828,-2.88065026],[-79.00767284,-2.88067575],[-79.00766011,-2.88070366],[-79.00765099,-2.88072435],[-79.00764121,-2.88076258],[-79.00763694,-2.8807887],[-79.00762907,-2.88081419],[-79.00761816,-2.88083171],[-79.00760186,-2.88084633],[-79.00758124,-2.88086383],[-79.00756621,-2.88087113],[-79.00755406,-2.88087536],[-79.00751062,-2.88087709],[-79.00749426,-2.88087706],[-79.00746773,-2.8808734],[-79.00744419,-2.88086486],[-79.00742011,-2.88085261],[-79.00740196,-2.88084173],[-79.00738813,-2.88083257],[-79.00737177,-2.8808301],[-79.00732654,-2.88083002],[-79.00729145,-2.88083728],[-79.00725583,-2.88084328],[-79.00722561,-2.88084621],[-79.00720151,-2.88084797],[-79.00717669,-2.88084793],[-79.00715619,-2.88084916],[-79.00712903,-2.88084667],[-79.0070964,-2.88084354],[-79.00706259,-2.88083923],[-79.0070198,-2.88082885],[-79.00697093,-2.88080327],[-79.00693297,-2.88075645],[-79.00692087,-2.88073274],[-79.00690706,-2.88071084],[-79.00688777,-2.88068956],[-79.0068781,-2.88066522],[-79.00687634,-2.88064279],[-79.00687035,-2.88061846],[-79.0068674,-2.8806124],[-79.00686922,-2.88059667],[-79.00688796,-2.88057781],[-79.00689645,-2.88055847],[-79.0068965,-2.88052809],[-79.00689589,-2.88051652],[-79.00688563,-2.88046912],[-79.00687971,-2.88041016],[-79.00683581,-2.88031542],[-79.00680323,-2.88027766],[-79.00677007,-2.88026548],[-79.00673987,-2.88026001],[-79.00670731,-2.88026239],[-79.00666504,-2.88026774],[-79.00658648,-2.88029853],[-79.00653509,-2.88031968],[-79.00651394,-2.88033357],[-79.00650186,-2.88034693],[-79.00649149,-2.88036454],[-79.00645887,-2.88040391],[-79.00644258,-2.8804112],[-79.00642926,-2.88041968],[-79.00641709,-2.88043485],[-79.00641168,-2.88044333],[-79.00640258,-2.88045236],[-79.0063905,-2.88046934],[-79.00637715,-2.88049608],[-79.00636748,-2.8805221],[-79.00636075,-2.88056585],[-79.00636007,-2.88059379],[-79.00636841,-2.88066306],[-79.00635989,-2.88070129],[-79.00634525,-2.88073951],[-79.00631503,-2.88079226],[-79.00629809,-2.88081646],[-79.00628719,-2.88082557],[-79.00627141,-2.88084806],[-79.00626114,-2.88086377],[-79.00624844,-2.88087351],[-79.00623097,-2.88088804],[-79.00622187,-2.88089779],[-79.00621032,-2.88091902],[-79.00620005,-2.88093292],[-79.00619041,-2.88094077],[-79.00618375,-2.88094203],[-79.00617405,-2.88093894],[-79.0061656,-2.8809335],[-79.00615718,-2.88091648],[-79.0061458,-2.88089341],[-79.00614034,-2.88088002],[-79.00613372,-2.88085632],[-79.00611991,-2.88083748],[-79.00610731,-2.88079189],[-79.00609164,-2.88075489],[-79.00608145,-2.88071472],[-79.00608212,-2.88069538],[-79.00608279,-2.88067341],[-79.00607859,-2.88065577],[-79.00607017,-2.88063758],[-79.00606416,-2.88062726],[-79.00604359,-2.88061746],[-79.00604062,-2.88061628],[-79.00601284,-2.88061497],[-79.00598991,-2.88061312],[-79.00597121,-2.88060947],[-79.00594461,-2.88059604],[-79.00592351,-2.88057964],[-79.00590357,-2.88056622],[-79.00583977,-2.88048962],[-79.00582532,-2.88047015],[-79.00580362,-2.88043431],[-79.00579333,-2.88040509],[-79.00577946,-2.88036564],[-79.00577168,-2.88034438],[-79.00576814,-2.88030911],[-79.00576818,-2.8802885],[-79.00577365,-2.88024538],[-79.00578094,-2.88024114],[-79.00579056,-2.8802436],[-79.00579837,-2.88025148],[-79.00580204,-2.880257],[-79.00580922,-2.88026976],[-79.0058129,-2.88027339],[-79.00582134,-2.88027584],[-79.00584123,-2.88027163],[-79.00587931,-2.88024737],[-79.0058957,-2.88023285],[-79.00591263,-2.88021958],[-79.00593136,-2.88020497],[-79.00596097,-2.88018567],[-79.00597674,-2.88017232],[-79.00598638,-2.88015778],[-79.0059919,-2.88014016],[-79.00599864,-2.88008737],[-79.00599499,-2.8800691],[-79.00598361,-2.88004539],[-79.00595103,-2.88001079],[-79.00592452,-2.88000161],[-79.00586348,-2.87998993],[-79.00580554,-2.88000385],[-79.00577593,-2.88001953],[-79.005759,-2.88003225],[-79.0057444,-2.88005293],[-79.00573051,-2.88007415],[-79.00571052,-2.88009229],[-79.00569727,-2.88010809],[-79.00566519,-2.88014808],[-79.00565364,-2.88016624],[-79.0056385,-2.88018936],[-79.00562759,-2.88020688],[-79.00562036,-2.88022386],[-79.00560765,-2.88024147],[-79.00559738,-2.88025601],[-79.00558033,-2.88028446],[-79.00555368,-2.88030141],[-79.00553803,-2.88030383],[-79.00549757,-2.88029951],[-79.00544688,-2.88028486],[-79.00543178,-2.88028176],[-79.00531289,-2.8802367],[-79.00528871,-2.88022753],[-79.00521447,-2.88020796],[-79.0052,-2.88020305],[-79.00517529,-2.88019153],[-79.00515175,-2.88018118],[-79.00513245,-2.88016044],[-79.00512222,-2.88014939],[-79.005106,-2.88011356],[-79.0051067,-2.88007233],[-79.0051146,-2.8800322],[-79.00511831,-2.87996548],[-79.00511832,-2.87995761],[-79.00511413,-2.8799369],[-79.00510813,-2.87992233],[-79.0051015,-2.87990894],[-79.00508831,-2.87989255],[-79.00507441,-2.87987128],[-79.00506239,-2.8798567],[-79.00505638,-2.87984575],[-79.00503224,-2.87981479],[-79.00500576,-2.87978843],[-79.00498519,-2.87977682],[-79.004946,-2.87976825],[-79.00491337,-2.87975906],[-79.00487354,-2.87975293],[-79.00484703,-2.87974502],[-79.00481988,-2.87973955],[-79.00481377,-2.87973764],[-79.00480596,-2.87973094],[-79.00479689,-2.87972549],[-79.00478665,-2.87971942],[-79.00477218,-2.87971153],[-79.00475835,-2.8796993],[-79.00474624,-2.87968409],[-79.00472639,-2.87966832],[-79.00471312,-2.87964822],[-79.00470711,-2.87963727],[-79.00469987,-2.87961664],[-79.00469696,-2.87958201],[-79.00469945,-2.87954684],[-79.00469263,-2.87948372],[-79.0047311,-2.87949518],[-79.00473586,-2.87949709],[-79.00475636,-2.87949957],[-79.00478109,-2.87950341],[-79.00480446,-2.87950444],[-79.00482829,-2.87950494],[-79.00484781,-2.87950497],[-79.00486598,-2.87950211],[-79.00488695,-2.87949256],[-79.00490692,-2.87948545],[-79.00492987,-2.87947302],[-79.00494086,-2.879463],[-79.00494799,-2.87944999],[-79.00495423,-2.87942948],[-79.00496382,-2.87939541],[-79.00498445,-2.87932547],[-79.00499506,-2.87926997],[-79.00500134,-2.87923155],[-79.00500661,-2.87919947],[-79.00500901,-2.87916403],[-79.00501242,-2.87911277],[-79.00501591,-2.87907299],[-79.00502023,-2.87901595],[-79.00502936,-2.8789901],[-79.00504995,-2.87893888],[-79.00506007,-2.87891493],[-79.00511118,-2.87884124],[-79.00513841,-2.87880151],[-79.0051599,-2.87875028],[-79.00516569,-2.87873067],[-79.00516906,-2.87870672],[-79.00517627,-2.8786947],[-79.00519483,-2.87867846],[-79.00521158,-2.87866267],[-79.00525219,-2.87863354],[-79.00527938,-2.87861342],[-79.00529082,-2.87860151],[-79.0052975,-2.87858759],[-79.00530763,-2.87855018],[-79.00531668,-2.87852009],[-79.00532392,-2.87849515],[-79.00533727,-2.87846877],[-79.00534972,-2.87844583],[-79.00536117,-2.87842858],[-79.00539324,-2.87839464],[-79.00542712,-2.87835735],[-79.00544244,-2.87833867],[-79.00546055,-2.87832052],[-79.00546676,-2.87831809],[-79.00547396,-2.87831286],[-79.00551354,-2.87830145],[-79.00551025,-2.87828101],[-79.00546284,-2.87813816],[-79.0054819,-2.87814009],[-79.00551337,-2.87814114],[-79.00555052,-2.87813922],[-79.00557246,-2.87813926],[-79.00559251,-2.87813739],[-79.00561159,-2.87813074],[-79.00563068,-2.87811829],[-79.00564501,-2.87810014],[-79.00565547,-2.87807901],[-79.0056594,-2.87804646],[-79.00565754,-2.87803018],[-79.00564607,-2.8780062],[-79.00562991,-2.87798791],[-79.00560997,-2.8779745],[-79.00554808,-2.87793894],[-79.00551376,-2.87792062],[-79.0053699,-2.87785328],[-79.00533467,-2.87784174],[-79.00530234,-2.87782161],[-79.00526229,-2.8777889],[-79.00521951,-2.87772173],[-79.00520145,-2.8776604],[-79.00518439,-2.87759328],[-79.00517305,-2.87754823],[-79.00515882,-2.87750987],[-79.0051417,-2.87747919],[-79.00511702,-2.8774475],[-79.00508175,-2.87740911],[-79.00504466,-2.87738219],[-79.00489317,-2.87731004],[-79.00482173,-2.87727728],[-79.00478363,-2.87726093],[-79.00475131,-2.87723113],[-79.00473044,-2.87718797],[-79.00472473,-2.87715821],[-79.0047259,-2.87705279],[-79.00472692,-2.8769848],[-79.0047405,-2.8768832],[-79.00476568,-2.87662302],[-79.00477345,-2.87650034],[-79.00482311,-2.87648316],[-79.00497374,-2.87647963],[-79.00510144,-2.87647786],[-79.00513769,-2.87647223],[-79.00535895,-2.87639206],[-79.00546387,-2.87635391],[-79.00558216,-2.87633115],[-79.00565081,-2.8763121],[-79.00570427,-2.87628345],[-79.00577297,-2.87623565],[-79.00580736,-2.87621274],[-79.00589899,-2.87610947],[-79.00594671,-2.87607311],[-79.00588009,-2.87601359],[-79.00585721,-2.87598869],[-79.00585914,-2.87595994],[-79.00589358,-2.87591009],[-79.00594134,-2.87585457],[-79.00602726,-2.87577805],[-79.00607312,-2.87572831],[-79.00612467,-2.87566321],[-79.00615533,-2.87561155],[-79.00615541,-2.87556742],[-79.00613445,-2.87551947],[-79.00609072,-2.87548494],[-79.00610218,-2.87546001],[-79.00612131,-2.87541981],[-79.00602038,-2.87533916],[-79.00591005,-2.87523155],[-79.00576155,-2.87509142],[-79.00563973,-2.87497421],[-79.00542672,-2.87465377],[-79.00540231,-2.87462561],[-79.00538682,-2.87463842],[-79.00534854,-2.87472461],[-79.00534845,-2.87477822],[-79.00531199,-2.87490465],[-79.00522795,-2.87498506],[-79.00518028,-2.87498878],[-79.00511359,-2.87497139],[-79.00504307,-2.87493103],[-79.00502791,-2.87490804],[-79.0050223,-2.87482557],[-79.00500148,-2.87474506],[-79.00495768,-2.87470086],[-79.00486629,-2.87466237],[-79.00478619,-2.87464695],[-79.00472711,-2.87464874],[-79.00464129,-2.87466966],[-79.00458213,-2.87471558],[-79.00456363,-2.87469909],[-79.00455852,-2.87469302],[-79.00455008,-2.87468541],[-79.00453534,-2.87467815],[-79.0045269,-2.87467208],[-79.00451693,-2.87466727],[-79.004495,-2.8746572],[-79.00448018,-2.87465066],[-79.0044658,-2.87464584],[-79.00445501,-2.87464185],[-79.00444585,-2.8746374],[-79.00443542,-2.87463494],[-79.00443021,-2.87463014],[-79.0044242,-2.87462443],[-79.0044206,-2.87462207],[-79.00441388,-2.87460796],[-79.00440673,-2.87458661],[-79.00439876,-2.87456372],[-79.00439321,-2.87454924],[-79.00439008,-2.87453956],[-79.00438686,-2.87453431],[-79.00438085,-2.8745239],[-79.00437691,-2.87451223],[-79.00437093,-2.87448646],[-79.00436933,-2.8744756],[-79.00436701,-2.87446918],[-79.00436657,-2.87446312],[-79.00436137,-2.87445145],[-79.00435744,-2.87443652],[-79.00435423,-2.87442332],[-79.0043503,-2.8744036],[-79.00434834,-2.87439519],[-79.00434433,-2.87437502],[-79.00434318,-2.87436055],[-79.00434241,-2.87434201],[-79.00434282,-2.87431073],[-79.00434694,-2.87427132],[-79.00434859,-2.8742488],[-79.00435029,-2.87420577],[-79.00434986,-2.87419293],[-79.00435068,-2.8741885],[-79.00435116,-2.87416961],[-79.0043519,-2.87415831],[-79.00435192,-2.87414709],[-79.00434998,-2.8741253],[-79.00435163,-2.87410803],[-79.00435281,-2.87410207],[-79.0043576,-2.87408797],[-79.00436527,-2.87406828],[-79.00437367,-2.87405102],[-79.00438448,-2.87403612],[-79.00439169,-2.87402736],[-79.00440053,-2.87401047],[-79.00440777,-2.87398833],[-79.00440895,-2.87397947],[-79.00441105,-2.87396221],[-79.00440984,-2.8739349],[-79.00440951,-2.87391763],[-79.00440872,-2.87390434],[-79.00440795,-2.87388381],[-79.00439281,-2.87384762],[-79.00438923,-2.87384038],[-79.0043809,-2.87382066],[-79.00437894,-2.87380772],[-79.00437459,-2.87378041],[-79.00437334,-2.87377399],[-79.00437542,-2.87376631],[-79.00438185,-2.87373702],[-79.00438108,-2.87371885],[-79.00437948,-2.87370483],[-79.00437915,-2.87368711],[-79.00437677,-2.8736626],[-79.00437483,-2.87364081],[-79.00436971,-2.87358619],[-79.00436534,-2.87356285],[-79.00436455,-2.87355517],[-79.00436537,-2.87354721],[-79.00436619,-2.87353998],[-79.0043662,-2.87353718],[-79.00436774,-2.87352588],[-79.00436824,-2.87349975],[-79.0043523,-2.87346148],[-79.00433797,-2.87342447],[-79.00432797,-2.87338431],[-79.00432601,-2.87337626],[-79.00432398,-2.87335293],[-79.00452453,-2.87318728],[-79.005114,-2.87281625],[-79.00533862,-2.87266719],[-79.00541453,-2.87255458],[-79.00566775,-2.87203911],[-79.00586467,-2.87163349],[-79.0061176,-2.87133792],[-79.00619342,-2.8712253],[-79.00634248,-2.87098876],[-79.00690137,-2.87045973],[-79.00693542,-2.8702738],[-79.00704538,-2.86991595],[-79.00711308,-2.86966797],[-79.00716665,-2.86947078],[-79.00722586,-2.86929322],[-79.00725692,-2.86916922],[-79.00726829,-2.8690932],[-79.00726568,-2.86898886],[-79.00726307,-2.86889021],[-79.00728557,-2.86882253],[-79.00729418,-2.86873231],[-79.00729533,-2.86859117],[-79.00725185,-2.86856171],[-79.0071555,-2.86848089],[-79.00710324,-2.86843903],[-79.00702863,-2.86837335],[-79.00699679,-2.86832546],[-79.00697986,-2.86828845],[-79.00696902,-2.86826321],[-79.00695138,-2.86822005],[-79.00692033,-2.86813193],[-79.00690607,-2.86811002],[-79.00688363,-2.86808259],[-79.00685113,-2.8680545],[-79.00683147,-2.86803666],[-79.00681718,-2.86802985],[-79.0067676,-2.86799966],[-79.00672008,-2.86796883],[-79.00664131,-2.86791616],[-79.00657951,-2.86787573],[-79.00651236,-2.86781205],[-79.00646075,-2.8677559],[-79.00639764,-2.8676916],[-79.0063604,-2.86764569],[-79.00631769,-2.86759028],[-79.0062661,-2.86752464],[-79.00625328,-2.86750337],[-79.00621599,-2.86743568],[-79.00617223,-2.86736471],[-79.00611272,-2.86724942],[-79.00602228,-2.86713046],[-79.0059769,-2.86711365],[-79.00581238,-2.86703769],[-79.00577661,-2.8670246],[-79.00569549,-2.86697528],[-79.00560971,-2.86691871],[-79.0054607,-2.86682242],[-79.00525204,-2.8666877],[-79.00521387,-2.86666123],[-79.0051686,-2.86662879],[-79.00512566,-2.86660593],[-79.00507561,-2.86658061],[-79.00503626,-2.86656138],[-79.00498019,-2.8665384],[-79.00491701,-2.86651551],[-79.00485975,-2.86649986],[-79.00480726,-2.86648656],[-79.0047607,-2.8664769],[-79.00472132,-2.86647439],[-79.00469272,-2.86647199],[-79.00466288,-2.86646832],[-79.00462339,-2.86647539],[-79.00453748,-2.86649206],[-79.00449565,-2.86649913],[-79.00440371,-2.86652175],[-79.00430941,-2.8665564],[-79.00424968,-2.86657076],[-79.00406938,-2.8666256],[-79.00398103,-2.86664949],[-79.00393568,-2.86666379],[-79.00384373,-2.86669365],[-79.0038055,-2.86669711],[-79.00375655,-2.86671863],[-79.00369923,-2.86674131],[-79.00364911,-2.86675687],[-79.00360492,-2.86678319],[-79.00350932,-2.86683935],[-79.0034782,-2.86689572],[-79.00345546,-2.86694251],[-79.00342665,-2.86701443],[-79.00341461,-2.86705998],[-79.00341096,-2.867138],[-79.00340725,-2.86720517],[-79.00341188,-2.86728439],[-79.00341064,-2.86732281],[-79.00341292,-2.86735762],[-79.00341403,-2.86739361],[-79.0034164,-2.86742843],[-79.00341868,-2.86745845],[-79.00342466,-2.86748839],[-79.00343992,-2.8676036],[-79.00345182,-2.86763726],[-79.00348867,-2.86770088],[-79.00356256,-2.86776819],[-79.00362105,-2.86779713],[-79.00370929,-2.86783924],[-79.00389296,-2.86791642],[-79.00398236,-2.86795844],[-79.00419574,-2.86806441],[-79.00426131,-2.86811019],[-79.00428042,-2.86813301],[-79.00430659,-2.86818459],[-79.00431007,-2.86820385],[-79.00431127,-2.86823867],[-79.00431586,-2.86833704],[-79.00428827,-2.86843175],[-79.00418416,-2.86857198],[-79.00402635,-2.86877695],[-79.00392351,-2.86886556],[-79.00369546,-2.86891914],[-79.00361314,-2.86893698],[-79.00333262,-2.86896407],[-79.00325741,-2.86898437],[-79.00311178,-2.86901052],[-79.0029291,-2.8690366],[-79.00267482,-2.86907458],[-79.00242646,-2.86911971],[-79.00229396,-2.86914226],[-79.00213395,-2.86921522],[-79.002073,-2.86925951],[-79.00203226,-2.86930862],[-79.00199638,-2.86936498],[-79.0019832,-2.86939371],[-79.00195448,-2.8694621],[-79.00193287,-2.86953042],[-79.00192678,-2.86956766],[-79.00192554,-2.86960843],[-79.00193135,-2.86968168],[-79.00194084,-2.86975728],[-79.00195977,-2.86983652],[-79.00198822,-2.8699193],[-79.00201316,-2.87000578],[-79.00203219,-2.87007661],[-79.00206417,-2.87020261],[-79.00209857,-2.87032988],[-79.00213413,-2.87045834],[-79.00216735,-2.87059402],[-79.00218742,-2.87068528],[-79.00219569,-2.87074162],[-79.00220036,-2.87079444],[-79.00220156,-2.87083042],[-79.00220008,-2.87095881],[-79.00219765,-2.87100926],[-79.00219749,-2.87110284],[-79.00219612,-2.87116404],[-79.00216133,-2.87131751],[-79.00214333,-2.87137751],[-79.00217411,-2.87146382],[-79.00201982,-2.87228009],[-79.00174607,-2.87338312],[-79.00167595,-2.87362549],[-79.00122254,-2.87451637],[-79.00105911,-2.87469031],[-79.0007667,-2.87477867],[-79.00040126,-2.87487713],[-79.00003086,-2.87493109],[-78.99952136,-2.87482088],[-78.99911199,-2.87478598],[-78.99818765,-2.87484584],[-78.99805513,-2.87487978],[-78.99794623,-2.87493429],[-78.99788495,-2.87500932],[-78.99786105,-2.8751015],[-78.99785408,-2.87518005],[-78.99787426,-2.87530993],[-78.99800958,-2.87563132],[-78.99819755,-2.87597333],[-78.99845877,-2.87624024],[-78.99925465,-2.87677798],[-78.99975682,-2.87717515],[-78.99983792,-2.87744184],[-78.99984064,-2.87783813],[-78.99980451,-2.878084],[-78.99993359,-2.8781184],[-79.00010338,-2.87815975],[-79.00025606,-2.87826933],[-79.00041215,-2.8783857],[-79.00045955,-2.87848144],[-79.00039796,-2.87873413],[-79.00031966,-2.87882631],[-79.00002881,-2.87904785],[-78.99975369,-2.8789688],[-78.9991519,-2.87918292],[-78.99851932,-2.87952349],[-78.99827025,-2.88007648],[-78.99827956,-2.88061971],[-78.99825813,-2.88120384],[-78.99821974,-2.88176407],[-78.99824149,-2.88197595],[-78.99892664,-2.88269116],[-78.99873352,-2.88333648],[-78.99841722,-2.88448726],[-78.99832147,-2.88483898],[-78.99829343,-2.88528992],[-78.99830438,-2.88586724],[-78.99885162,-2.88573846],[-78.99892253,-2.88601869],[-78.99909905,-2.88705416],[-78.99934641,-2.88845531],[-78.99951268,-2.88953516],[-78.99971601,-2.89081326],[-78.99997017,-2.89218711],[-79.0002833,-2.89382408],[-79.00141017,-2.89356306],[-79.00298915,-2.89316956],[-79.00408545,-2.89290152],[-79.00593645,-2.89240949],[-79.00730136,-2.89204292],[-79.00888716,-2.8916562],[-79.0100072,-2.89139172],[-79.01106276,-2.89113047],[-79.01286265,-2.89070316],[-79.01426662,-2.89037082],[-79.01425964,-2.88947235],[-79.014277,-2.88926397],[-79.0143438,-2.88895658],[-79.01431717,-2.88865591],[-79.01403167,-2.88869645],[-79.01405663,-2.8879927],[-79.01470429,-2.88778199],[-79.01486754,-2.88771058],[-79.01495942,-2.88761843],[-79.01502429,-2.88744431],[-79.01515591,-2.88699698],[-79.01519071,-2.88653249],[-79.01522186,-2.88619773],[-79.015251,-2.88604399],[-79.01542503,-2.88561039],[-79.01579186,-2.88471935],[-79.01592148,-2.88443603],[-79.01605431,-2.88422451],[-79.01629579,-2.88410188],[-79.01708311,-2.88373092],[-79.01743673,-2.88355388],[-79.0175967,-2.88340379],[-79.01795465,-2.88275532],[-79.01811998,-2.88241393],[-79.01824256,-2.88225022],[-79.01859996,-2.88192282],[-79.01906617,-2.88153765],[-79.01923968,-2.88140811],[-79.01934329,-2.88139799],[-79.01956068,-2.88142911],[-79.01995129,-2.88154941],[-79.02093439,-2.88189615],[-79.02164753,-2.88214342],[-79.02205509,-2.88223635],[-79.02267184,-2.8822169],[-79.02417887,-2.88218879],[-79.02459351,-2.88214168],[-79.02487911,-2.88203974],[-79.0250899,-2.88193414],[-79.02540315,-2.88159652],[-79.0257232,-2.88117683],[-79.02604815,-2.88094502],[-79.02680996,-2.88055005],[-79.02717397,-2.88029788],[-79.02726583,-2.88021947],[-79.02752293,-2.87990219],[-79.0279657,-2.87929148],[-79.02837614,-2.87870448],[-79.02861792,-2.8784077],[-79.02894135,-2.8780598],[-79.02925093,-2.87782118],[-79.02974598,-2.87745305],[-79.0301371,-2.8772248],[-79.03058948,-2.87698308],[-79.03155676,-2.87664995],[-79.03186613,-2.87653086],[-79.03225718,-2.87634022],[-79.03256,-2.87610846],[-79.03288681,-2.87578443],[-79.03323941,-2.87525891],[-79.03375202,-2.87450481],[-79.03410268,-2.87411247],[-79.03466104,-2.87347798],[-79.0350168,-2.87310283],[-79.03532656,-2.87275146],[-79.03571118,-2.87238313],[-79.03603097,-2.87216162],[-79.03648691,-2.8717832],[-79.03666057,-2.87156487],[-79.03678002,-2.87128487],[-79.03679709,-2.87118924],[-79.03684541,-2.87075207],[-79.03690675,-2.8706906],[-79.03694695,-2.87053154],[-79.03695048,-2.87046617],[-79.03695575,-2.87043182],[-79.03697805,-2.87038023],[-79.03700029,-2.87036472],[-79.03705167,-2.87034419],[-79.03714578,-2.8703203],[-79.03733932,-2.87025355],[-79.0374814,-2.87020216],[-79.03776044,-2.87009595],[-79.0379882,-2.87000521],[-79.03805327,-2.86997602],[-79.03815594,-2.86993497],[-79.03820901,-2.8699281],[-79.03826378,-2.86992819]]]}},{"type":"Feature","properties":{"fid":"2","DESCRIP":"San Sebastián","CODIGO":"03","AREA":"9602689.970000000670552","SHAPE_LENG":"21211.151528800000960","SHAPE_AREA":"9602689.969399999827147","name":"San Sebastián"},"geometry":{"type":"Polygon","coordinates":[[[-79.06782142,-2.87712034],[-79.06779364,-2.87705926],[-79.06776603,-2.87700794],[-79.06775735,-2.87698451],[-79.06772688,-2.87692297],[-79.06770657,-2.87686136],[-79.06768194,-2.87680128],[-79.06765733,-2.87672809],[-79.06763702,-2.87666648],[-79.06760954,-2.87653904],[-79.06759805,-2.87647464],[-79.06758502,-2.87641159],[-79.06752678,-2.87639251],[-79.06748026,-2.87635436],[-79.06743516,-2.87632644],[-79.06739877,-2.87630883],[-79.06734054,-2.87628378],[-79.06729687,-2.87626173],[-79.06723434,-2.87623088],[-79.06719938,-2.87621473],[-79.06717467,-2.87620592],[-79.0671397,-2.8761941],[-79.06709315,-2.87617648],[-79.06703634,-2.87616463],[-79.0670231,-2.87622619],[-79.06700547,-2.87633592],[-79.06699957,-2.87636964],[-79.06698638,-2.87640624],[-79.06696598,-2.87645304],[-79.06694991,-2.87648963],[-79.06690456,-2.87655836],[-79.0668739,-2.87660813],[-79.06684624,-2.87664172],[-79.06679805,-2.87668558],[-79.06675431,-2.87670892],[-79.06672227,-2.87672062],[-79.06668295,-2.87673222],[-79.06662467,-2.876738],[-79.06652412,-2.87674515],[-79.06644408,-2.87674646],[-79.06636398,-2.87673313],[-79.06627226,-2.87672565],[-79.06620231,-2.87671974],[-79.06616888,-2.87670793],[-79.06608591,-2.87668437],[-79.06605095,-2.87667111],[-79.06573348,-2.87663106],[-79.06558208,-2.87661181],[-79.06546996,-2.87659543],[-79.06542754,-2.87669202],[-79.06535293,-2.87688665],[-79.06524627,-2.8771032],[-79.06509566,-2.87746182],[-79.06508537,-2.87748667],[-79.06506064,-2.87748518],[-79.06498353,-2.87745864],[-79.06491945,-2.8774381],[-79.06488304,-2.87742628],[-79.06482481,-2.87740132],[-79.06477827,-2.87738072],[-79.06472443,-2.8773601],[-79.06467931,-2.87734691],[-79.06461963,-2.87733062],[-79.06458025,-2.87732323],[-79.06453665,-2.87731294],[-79.0644027,-2.87729219],[-79.06437194,-2.87729232],[-79.06429712,-2.87729219],[-79.0642276,-2.87729343],[-79.06417508,-2.87729596],[-79.06408585,-2.87730765],[-79.06401363,-2.87731675],[-79.0639283,-2.87736019],[-79.06386656,-2.87738775],[-79.06382714,-2.87740749],[-79.06378252,-2.87742061],[-79.06373654,-2.87743111],[-79.06371029,-2.87743107],[-79.06368799,-2.87742832],[-79.06363821,-2.87740056],[-79.06347955,-2.87731186],[-79.06324355,-2.87717168],[-79.06312693,-2.87710547],[-79.06304042,-2.87705523],[-79.06301553,-2.87704063],[-79.06294994,-2.87700625],[-79.06291193,-2.87699163],[-79.06288048,-2.87697711],[-79.06282936,-2.87694664],[-79.06275597,-2.87690031],[-79.06265237,-2.87684607],[-79.06257893,-2.87683012],[-79.06250674,-2.87681679],[-79.06244246,-2.87680348],[-79.0623887,-2.87679417],[-79.0623441,-2.87678885],[-79.06226534,-2.87678474],[-79.06222074,-2.87678068],[-79.06217614,-2.87677798],[-79.06213936,-2.87677919],[-79.06208296,-2.87678569],[-79.06204752,-2.87678961],[-79.06196349,-2.87681451],[-79.06183617,-2.87685787],[-79.06172981,-2.87689332],[-79.06165234,-2.87692221],[-79.06153148,-2.87696947],[-79.06145014,-2.87699845],[-79.06134109,-2.87703253],[-79.06128603,-2.87704564],[-79.06117831,-2.8770903],[-79.06108111,-2.87713634],[-79.06095502,-2.87719553],[-79.06086179,-2.87723886],[-79.06065023,-2.87736916],[-79.06056354,-2.87742308],[-79.06043741,-2.87750731],[-79.06025625,-2.87758757],[-79.06010256,-2.87764671],[-79.06009333,-2.87762418],[-79.06004214,-2.87763729],[-79.05997916,-2.87765301],[-79.05989378,-2.87768062],[-79.05978356,-2.87771334],[-79.05972049,-2.87773304],[-79.05959577,-2.87777641],[-79.0594986,-2.87780924],[-79.05943821,-2.87783419],[-79.05930818,-2.87788668],[-79.05914664,-2.87795503],[-79.05909418,-2.87797347],[-79.0589313,-2.87804309],[-79.05875537,-2.87811277],[-79.05862669,-2.87816138],[-79.05849927,-2.87821125],[-79.05834827,-2.87827166],[-79.05825109,-2.87830712],[-79.05808825,-2.87834907],[-79.05799505,-2.87836473],[-79.05790458,-2.8783672],[-79.0578232,-2.87836842],[-79.05770513,-2.87836424],[-79.05761581,-2.87837331],[-79.05751609,-2.87836789],[-79.05743741,-2.87836776],[-79.05733246,-2.87836749],[-79.05727473,-2.87836612],[-79.05725504,-2.87836211],[-79.05723017,-2.878341],[-79.0571922,-2.87829871],[-79.05715425,-2.87824846],[-79.05713855,-2.87822204],[-79.05711891,-2.87819036],[-79.05708621,-2.87811905],[-79.05706658,-2.87808475],[-79.05704175,-2.87803588],[-79.05703648,-2.87801209],[-79.0570234,-2.87798305],[-79.05699597,-2.87793417],[-79.05697892,-2.8779091],[-79.05696584,-2.87788403],[-79.05695408,-2.87786683],[-79.05694759,-2.87782333],[-79.05694771,-2.8777547],[-79.05694651,-2.87771754],[-79.05693477,-2.87769509],[-79.05691645,-2.87767788],[-79.05689679,-2.87766329],[-79.05686659,-2.8776514],[-79.05682323,-2.8776619],[-79.05678652,-2.87767368],[-79.05676815,-2.87768685],[-79.05670371,-2.87777255],[-79.05664585,-2.8778437],[-79.05662478,-2.8778622],[-79.05659454,-2.87787535],[-79.05655783,-2.87788839],[-79.05649351,-2.8778976],[-79.05642391,-2.87789874],[-79.05626519,-2.87789449],[-79.05615232,-2.87789964],[-79.05606969,-2.87789289],[-79.05602231,-2.87788612],[-79.05601577,-2.87787291],[-79.05596596,-2.87786496],[-79.05590294,-2.87785689],[-79.05584656,-2.87785553],[-79.0557809,-2.87785804],[-79.05572316,-2.87786192],[-79.05569034,-2.87786051],[-79.05568517,-2.87783808],[-79.05569042,-2.87781566],[-79.05570101,-2.87777472],[-79.05579461,-2.87751755],[-79.05581304,-2.87746749],[-79.05585396,-2.87736069],[-79.0559093,-2.87723411],[-79.05595549,-2.87709557],[-79.05598972,-2.87700856],[-79.05602671,-2.87688457],[-79.05604519,-2.87680413],[-79.0561374,-2.87662083],[-79.05619011,-2.87651142],[-79.05625328,-2.87638079],[-79.0562901,-2.87629911],[-79.05632438,-2.87623977],[-79.0564219,-2.87600241],[-79.05649965,-2.87581248],[-79.05651943,-2.87576369],[-79.056609,-2.87554747],[-79.05666561,-2.87541167],[-79.05674597,-2.87521913],[-79.05678289,-2.87513872],[-79.05688425,-2.87497261],[-79.05690409,-2.87488684],[-79.05662733,-2.87481385],[-79.05638463,-2.87474879],[-79.05621402,-2.87470491],[-79.05615373,-2.87467705],[-79.05611051,-2.87465718],[-79.05582326,-2.87456301],[-79.05555949,-2.87451636],[-79.05542698,-2.87449109],[-79.05532862,-2.8744817],[-79.05522494,-2.87447627],[-79.05512118,-2.87446814],[-79.05508314,-2.87446545],[-79.05503594,-2.87445877],[-79.05499918,-2.87444813],[-79.05494671,-2.87441902],[-79.0548852,-2.87436746],[-79.05483538,-2.87431593],[-79.05475807,-2.87424581],[-79.05471093,-2.87420351],[-79.05465319,-2.87415594],[-79.05453523,-2.87408313],[-79.05433984,-2.87396932],[-79.05421406,-2.87389524],[-79.05407905,-2.87381056],[-79.0540423,-2.87378934],[-79.05397547,-2.87374437],[-79.05388237,-2.87370461],[-79.05385217,-2.87369932],[-79.05379318,-2.87369659],[-79.05374066,-2.8736965],[-79.05366321,-2.87370957],[-79.0536133,-2.87371473],[-79.0535319,-2.87372255],[-79.05347551,-2.87372507],[-79.05343216,-2.873725],[-79.0533482,-2.87370768],[-79.05329177,-2.87368516],[-79.05323542,-2.87366526],[-79.05318295,-2.87363352],[-79.0530873,-2.87356338],[-79.05300863,-2.87349995],[-79.05290766,-2.87343775],[-79.05280012,-2.87337418],[-79.05273725,-2.87332923],[-79.0527045,-2.87328559],[-79.05268634,-2.87317344],[-79.05267873,-2.87305073],[-79.05268277,-2.87294911],[-79.05268943,-2.87289369],[-79.05268962,-2.8727776],[-79.05268058,-2.87270235],[-79.05266365,-2.8726601],[-79.05261789,-2.8725479],[-79.05259828,-2.87249633],[-79.05259444,-2.87242906],[-79.05259316,-2.87238683],[-79.05260252,-2.8723288],[-79.05262771,-2.87216256],[-79.05266343,-2.87199499],[-79.05269115,-2.87187234],[-79.05272818,-2.87172592],[-79.05274534,-2.87163228],[-79.05275612,-2.87147524],[-79.05275881,-2.87142904],[-79.05278534,-2.87126941],[-79.05281977,-2.87111639],[-79.05283565,-2.87103197],[-79.05286082,-2.87088029],[-79.05290972,-2.87067974],[-79.0529402,-2.87052147],[-79.05295867,-2.87044636],[-79.05290356,-2.87043831],[-79.05287337,-2.8704238],[-79.05279731,-2.87041173],[-79.052708,-2.87041818],[-79.05255707,-2.87043646],[-79.05229984,-2.87046368],[-79.05222365,-2.87047675],[-79.05215933,-2.87049111],[-79.05211073,-2.87050956],[-79.0520424,-2.87055565],[-79.05197675,-2.87061359],[-79.05192934,-2.87067553],[-79.05181503,-2.87079143],[-79.05174007,-2.87087051],[-79.05165721,-2.87094957],[-79.0515626,-2.87106017],[-79.0514731,-2.87117621],[-79.05143897,-2.87120779],[-79.05139161,-2.87123936],[-79.05134302,-2.87125781],[-79.05128399,-2.87128013],[-79.05118678,-2.87133539],[-79.05111709,-2.87138672],[-79.05107898,-2.87142626],[-79.05101316,-2.87152642],[-79.05097899,-2.87158305],[-79.05092636,-2.87164635],[-79.05090276,-2.87167271],[-79.05085416,-2.87169631],[-79.05068879,-2.87169341],[-79.0506021,-2.87169064],[-79.05052999,-2.87168265],[-79.05051536,-2.87177232],[-79.05050873,-2.87181055],[-79.05047444,-2.87198735],[-79.05045063,-2.87208234],[-79.05042158,-2.87219314],[-79.0503767,-2.87235401],[-79.05037135,-2.87237914],[-79.05035694,-2.87244512],[-79.05032661,-2.87251107],[-79.05031344,-2.87253871],[-79.05029633,-2.87255451],[-79.05025432,-2.87255706],[-79.05006015,-2.87251721],[-79.04965607,-2.87243334],[-79.04953544,-2.87240546],[-79.04936223,-2.87235896],[-79.0492665,-2.87233104],[-79.04919432,-2.87231645],[-79.04917202,-2.87231108],[-79.04910379,-2.87230047],[-79.04902377,-2.87228975],[-79.04895294,-2.87227119],[-79.04892932,-2.87225135],[-79.04889255,-2.8722473],[-79.04888872,-2.8722256],[-79.0487524,-2.87211451],[-79.04863962,-2.87206938],[-79.04861856,-2.8720773],[-79.04858703,-2.87210889],[-79.04855808,-2.87216165],[-79.04853702,-2.87216957],[-79.04847669,-2.87216151],[-79.04843733,-2.87214562],[-79.0484216,-2.87214026],[-79.0483219,-2.87212697],[-79.04831409,-2.87211693],[-79.0481868,-2.8720922],[-79.04815336,-2.87208582],[-79.04804053,-2.87206835],[-79.04795296,-2.87205545],[-79.04794577,-2.87205544],[-79.04790869,-2.87206903],[-79.04787261,-2.87208534],[-79.0478933,-2.87213257],[-79.04790583,-2.87216523],[-79.04790662,-2.87223151],[-79.04790656,-2.87226406],[-79.04790651,-2.87229408],[-79.04790377,-2.87232129],[-79.04790283,-2.87234669],[-79.04790004,-2.8723994],[-79.04789729,-2.87242842],[-79.04788819,-2.87249568],[-79.04787355,-2.87258734],[-79.04785351,-2.8726854],[-79.04783711,-2.87275708],[-79.04782263,-2.87281248],[-79.04780269,-2.87285331],[-79.04778097,-2.87287778],[-79.04775476,-2.87290233],[-79.04773216,-2.87292037],[-79.04769509,-2.87293306],[-79.04766261,-2.87294204],[-79.04759389,-2.87295467],[-79.04751178,-2.87295815],[-79.04745666,-2.87295534],[-79.04734111,-2.87294972],[-79.04726972,-2.87294137],[-79.04722548,-2.87293948],[-79.04719392,-2.87293943],[-79.04716685,-2.8729421],[-79.04713877,-2.87295028],[-79.04710988,-2.8729656],[-79.04709448,-2.87298194],[-79.04707725,-2.87301193],[-79.04706189,-2.87305729],[-79.04705916,-2.87307085],[-79.04705818,-2.87312085],[-79.04705903,-2.87315258],[-79.04707148,-2.87323344],[-79.0470805,-2.87327152],[-79.0470912,-2.87332054],[-79.04709476,-2.87334234],[-79.04709292,-2.87337145],[-79.04709199,-2.87338953],[-79.04708475,-2.87341683],[-79.04706663,-2.8734422],[-79.04705572,-2.87345484],[-79.04702501,-2.8734821],[-79.04694281,-2.873491],[-79.04692563,-2.87349278],[-79.0468715,-2.87348907],[-79.04680199,-2.87348624],[-79.04669455,-2.87347421],[-79.04657715,-2.87344851],[-79.04648869,-2.87343208],[-79.04642909,-2.87341923],[-79.04635331,-2.87339912],[-79.04626846,-2.87337356],[-79.04618361,-2.87335163],[-79.04613579,-2.87333789],[-79.04603829,-2.87330056],[-79.04591283,-2.87325306],[-79.04589117,-2.87324308],[-79.04582979,-2.87322118],[-79.04581431,-2.87328291],[-79.04575707,-2.87352251],[-79.0457443,-2.8735733],[-79.04571335,-2.87369043],[-79.04569889,-2.87373037],[-79.04568253,-2.87377754],[-79.0456689,-2.87381196],[-79.04565256,-2.87384557],[-79.045581,-2.87399617],[-79.04555925,-2.87404062],[-79.04553388,-2.87409691],[-79.04551755,-2.87413133],[-79.04550129,-2.87417578],[-79.04549035,-2.8742094],[-79.04547306,-2.87427293],[-79.04543776,-2.87435913],[-79.04542684,-2.8743809],[-79.04540956,-2.87444163],[-79.0454059,-2.87447526],[-79.04538227,-2.87456971],[-79.04534042,-2.8747521],[-79.04531224,-2.87487647],[-79.04529402,-2.87495817],[-79.04525768,-2.8751243],[-79.04522665,-2.87528582],[-79.04520479,-2.87539654],[-79.04518291,-2.87552001],[-79.04515743,-2.87564077],[-79.04513372,-2.87578232],[-79.04513455,-2.8758241],[-79.04513092,-2.87584498],[-79.04512631,-2.87585763],[-79.04511639,-2.87587488],[-79.04509471,-2.87587755],[-79.04501343,-2.87587018],[-79.04493943,-2.87586192],[-79.04482201,-2.87584897],[-79.04471637,-2.87583703],[-79.04466135,-2.87582419],[-79.04457921,-2.87579592],[-79.04453478,-2.8759039],[-79.04450851,-2.87596651],[-79.04446128,-2.87608171],[-79.04444041,-2.8761352],[-79.04441683,-2.87620144],[-79.0443461,-2.87638749],[-79.04432791,-2.87645373],[-79.04424446,-2.87666598],[-79.04420995,-2.87675588],[-79.04410114,-2.87702351],[-79.04404857,-2.87716058],[-79.04401227,-2.8772485],[-79.04396874,-2.87735376],[-79.04392883,-2.87745179],[-79.04389714,-2.87752615],[-79.04379551,-2.8777947],[-79.04376191,-2.8778809],[-79.04367666,-2.87809052],[-79.04363312,-2.87820573],[-79.04361044,-2.87827287],[-79.04355325,-2.87842349],[-79.04350702,-2.87853417],[-79.04346801,-2.87862941],[-79.04345266,-2.87866663],[-79.04344032,-2.87873343],[-79.04342706,-2.87875664],[-79.0433874,-2.87875658],[-79.04331151,-2.87864668],[-79.04322232,-2.87853341],[-79.04313327,-2.87838362],[-79.04304762,-2.87820056],[-79.04289606,-2.8778511],[-79.04278724,-2.87764133],[-79.04272786,-2.87755479],[-79.04264531,-2.87744488],[-79.0425859,-2.87737498],[-79.04254638,-2.87729507],[-79.04253008,-2.87714866],[-79.04255694,-2.87690259],[-79.04255373,-2.87683603],[-79.0425339,-2.87680607],[-79.04248765,-2.87676937],[-79.04245466,-2.87676272],[-79.04239177,-2.87677924],[-79.0422593,-2.87683887],[-79.04219314,-2.87687529],[-79.04213027,-2.87688187],[-79.04207737,-2.87684181],[-79.04192588,-2.87645574],[-79.04183381,-2.87612972],[-79.04181103,-2.87593339],[-79.04184097,-2.87583036],[-79.0419139,-2.87572741],[-79.04201657,-2.8756378],[-79.0421988,-2.87545511],[-79.04223532,-2.87539532],[-79.04229164,-2.87532896],[-79.04231786,-2.87529944],[-79.04238809,-2.8752445],[-79.0424583,-2.87520501],[-79.04252168,-2.87516389],[-79.04256616,-2.87512952],[-79.04261418,-2.87507798],[-79.04264851,-2.87503852],[-79.04277028,-2.87482028],[-79.04296251,-2.87447142],[-79.04299172,-2.87442672],[-79.04314944,-2.87422572],[-79.04315801,-2.87420856],[-79.04320264,-2.87413811],[-79.04325927,-2.87404878],[-79.04329871,-2.87396449],[-79.04335878,-2.87380464],[-79.04340361,-2.87362244],[-79.04341235,-2.87350546],[-79.04343122,-2.87345901],[-79.04337832,-2.87342113],[-79.04331506,-2.87339516],[-79.04328081,-2.87338479],[-79.04325006,-2.87338646],[-79.0432038,-2.87340699],[-79.04317813,-2.87343109],[-79.04313523,-2.87348436],[-79.04310613,-2.87351867],[-79.04305977,-2.87359599],[-79.04300834,-2.87364753],[-79.04296545,-2.87369393],[-79.04292093,-2.87375226],[-79.04284382,-2.87383134],[-79.04280606,-2.87387594],[-79.04275801,-2.8739481],[-79.04270662,-2.87402541],[-79.04265172,-2.87410452],[-79.04261909,-2.87414913],[-79.04253339,-2.87425395],[-79.04249051,-2.87430198],[-79.04245284,-2.87434496],[-79.04241683,-2.87437066],[-79.04235515,-2.87441703],[-79.04229187,-2.87445309],[-79.04224391,-2.8744719],[-79.04219253,-2.874489],[-79.04209503,-2.87449913],[-79.04201455,-2.87449728],[-79.04194968,-2.87446453],[-79.04190519,-2.87445414],[-79.04186409,-2.87445407],[-79.04180758,-2.87447459],[-79.04175455,-2.87451238],[-79.04169971,-2.87455524],[-79.04161238,-2.8746153],[-79.04155413,-2.87465652],[-79.04149587,-2.87469765],[-79.04140512,-2.87476287],[-79.04135883,-2.87480067],[-79.04131092,-2.87484182],[-79.04123034,-2.87489675],[-79.04117733,-2.87492242],[-79.04112254,-2.87493616],[-79.04106777,-2.87493779],[-79.04102157,-2.87492731],[-79.04096523,-2.87490144],[-79.04091053,-2.87486184],[-79.04086268,-2.87481528],[-79.0408165,-2.87478934],[-79.04077893,-2.87477897],[-79.04074465,-2.87478922],[-79.04072241,-2.87480464],[-79.04067966,-2.87477536],[-79.04067628,-2.87475131],[-79.04066266,-2.87472542],[-79.0406097,-2.87466855],[-79.04057389,-2.87462726],[-79.04054311,-2.87458588],[-79.04051069,-2.87456006],[-79.04047987,-2.8745497],[-79.04044232,-2.87452549],[-79.04042348,-2.87449969],[-79.04040306,-2.87445146],[-79.04040136,-2.87444287],[-79.0403741,-2.87439644],[-79.04035526,-2.87437398],[-79.04033482,-2.87433616],[-79.04032631,-2.87431544],[-79.0403144,-2.87428621],[-79.04028881,-2.87421049],[-79.04028551,-2.87414167],[-79.04026513,-2.8740694],[-79.04026356,-2.87398684],[-79.04024321,-2.87390073],[-79.0402278,-2.87386463],[-79.04014088,-2.87368554],[-79.04012556,-2.87365116],[-79.04009824,-2.87358746],[-79.04007607,-2.87356508],[-79.04003672,-2.87354088],[-79.03997355,-2.87350984],[-79.03993253,-2.87346673],[-79.03991553,-2.87341851],[-79.03991907,-2.87334284],[-79.03990025,-2.87330673],[-79.03987466,-2.87328255],[-79.03985762,-2.87326018],[-79.03985092,-2.87318106],[-79.03980648,-2.87313451],[-79.03975177,-2.87310349],[-79.03973298,-2.8730983],[-79.03970395,-2.87309138],[-79.03967656,-2.87306891],[-79.03966802,-2.87306546],[-79.03967325,-2.87300697],[-79.03966473,-2.87298978],[-79.03963914,-2.87296903],[-79.03958954,-2.87294661],[-79.03957249,-2.87292425],[-79.0395537,-2.87287087],[-79.03953839,-2.87283124],[-79.03951962,-2.87281574],[-79.03949734,-2.8728054],[-79.03948541,-2.87278304],[-79.03949056,-2.87276922],[-79.03950604,-2.87276581],[-79.03951973,-2.87275381],[-79.03951975,-2.87274007],[-79.03951123,-2.87272459],[-79.03947192,-2.87267976],[-79.03942917,-2.87264877],[-79.03940356,-2.87263833],[-79.03938138,-2.87262111],[-79.03936779,-2.8725747],[-79.03935575,-2.87256428],[-79.03930623,-2.87254874],[-79.0392583,-2.87254694],[-79.0392361,-2.87254003],[-79.03921896,-2.87252282],[-79.03920534,-2.87249178],[-79.03920035,-2.87241266],[-79.0391885,-2.87234555],[-79.03917999,-2.87232835],[-79.03915953,-2.87230427],[-79.03911168,-2.87225427],[-79.03906381,-2.87222318],[-79.03905015,-2.87221285],[-79.03901607,-2.87210791],[-79.03893588,-2.87204068],[-79.03891709,-2.8719873],[-79.0388847,-2.87194077],[-79.03887106,-2.871927],[-79.03884202,-2.87187017],[-79.0388045,-2.87182707],[-79.03877713,-2.8717961],[-79.0387396,-2.87176167],[-79.03872596,-2.87174266],[-79.03869182,-2.87167036],[-79.03865435,-2.87160149],[-79.03862187,-2.87156192],[-79.03860996,-2.87152917],[-79.03859635,-2.87149479],[-79.0385947,-2.87145862],[-79.03857757,-2.87143454],[-79.03855031,-2.87138802],[-79.03852131,-2.87136048],[-79.03848201,-2.8713105],[-79.03847523,-2.87127604],[-79.03845647,-2.87125539],[-79.03843591,-2.871238],[-79.03842227,-2.87122071],[-79.03840349,-2.87121552],[-79.03834537,-2.87117419],[-79.03828216,-2.87111902],[-79.03813519,-2.8710344],[-79.0379608,-2.87093772],[-79.0378035,-2.87089622],[-79.03776934,-2.87088929],[-79.03772825,-2.8708875],[-79.03767179,-2.87088044],[-79.03762388,-2.87086661],[-79.03759484,-2.87086313],[-79.03748365,-2.87083373],[-79.03741702,-2.87078199],[-79.03739314,-2.87075781],[-79.03737096,-2.87073887],[-79.03726663,-2.87069737],[-79.03721362,-2.87066979],[-79.03713162,-2.87060582],[-79.03712139,-2.87059377],[-79.03694695,-2.87053154],[-79.03690675,-2.8706906],[-79.03684541,-2.87075207],[-79.03679709,-2.87118924],[-79.03678002,-2.87128487],[-79.03666057,-2.87156487],[-79.03648691,-2.8717832],[-79.03603097,-2.87216162],[-79.03571118,-2.87238313],[-79.03532656,-2.87275146],[-79.0350168,-2.87310283],[-79.03466104,-2.87347798],[-79.03410268,-2.87411247],[-79.03375202,-2.87450481],[-79.03323941,-2.87525891],[-79.03288681,-2.87578443],[-79.03256,-2.87610846],[-79.03225718,-2.87634022],[-79.03186613,-2.87653086],[-79.03155676,-2.87664995],[-79.03058948,-2.87698308],[-79.0301371,-2.8772248],[-79.02974598,-2.87745305],[-79.02925093,-2.87782118],[-79.02894135,-2.8780598],[-79.02861792,-2.8784077],[-79.02837614,-2.87870448],[-79.0279657,-2.87929148],[-79.02752293,-2.87990219],[-79.02726583,-2.88021947],[-79.02717397,-2.88029788],[-79.02680996,-2.88055005],[-79.02604815,-2.88094502],[-79.0257232,-2.88117683],[-79.02540315,-2.88159652],[-79.0250899,-2.88193414],[-79.02487911,-2.88203974],[-79.02459351,-2.88214168],[-79.02417887,-2.88218879],[-79.02267184,-2.8822169],[-79.02205509,-2.88223635],[-79.02164753,-2.88214342],[-79.02093439,-2.88189615],[-79.01995129,-2.88154941],[-79.01956068,-2.88142911],[-79.01934329,-2.88139799],[-79.01923968,-2.88140811],[-79.01906617,-2.88153765],[-79.01859996,-2.88192282],[-79.01824256,-2.88225022],[-79.01811998,-2.88241393],[-79.01795465,-2.88275532],[-79.0175967,-2.88340379],[-79.01743673,-2.88355388],[-79.01708311,-2.88373092],[-79.01629579,-2.88410188],[-79.01605431,-2.88422451],[-79.01592148,-2.88443603],[-79.01579186,-2.88471935],[-79.01542503,-2.88561039],[-79.015251,-2.88604399],[-79.01522186,-2.88619773],[-79.01519071,-2.88653249],[-79.01515591,-2.88699698],[-79.01502429,-2.88744431],[-79.01495942,-2.88761843],[-79.01486754,-2.88771058],[-79.01470429,-2.88778199],[-79.01405663,-2.8879927],[-79.01403167,-2.88869645],[-79.01431717,-2.88865591],[-79.0143438,-2.88895658],[-79.014277,-2.88926397],[-79.01425964,-2.88947235],[-79.01426662,-2.89037082],[-79.01286265,-2.89070316],[-79.01106276,-2.89113047],[-79.0100072,-2.89139172],[-79.01036624,-2.89337408],[-79.01062679,-2.89474668],[-79.01096081,-2.89638153],[-79.01131275,-2.89768865],[-79.01161168,-2.89850708],[-79.01245209,-2.89796597],[-79.01302304,-2.89723751],[-79.01321225,-2.89703287],[-79.01375842,-2.89674441],[-79.01444217,-2.89661903],[-79.01479033,-2.89643881],[-79.01558914,-2.89566852],[-79.01623151,-2.89524153],[-79.01696075,-2.89480872],[-79.01766336,-2.89423726],[-79.01794615,-2.89368306],[-79.01830059,-2.89329788],[-79.01891875,-2.8929854],[-79.01951224,-2.8930528],[-79.01997095,-2.89305361],[-79.02093109,-2.89264534],[-79.02141065,-2.8927064],[-79.0218121,-2.89290611],[-79.02239865,-2.89350397],[-79.022752,-2.89380007],[-79.02289268,-2.89388467],[-79.02480496,-2.89420755],[-79.02532062,-2.89425068],[-79.0259984,-2.89414336],[-79.0265055,-2.89388493],[-79.02685408,-2.89340326],[-79.02723299,-2.89275284],[-79.02761738,-2.89241589],[-79.02836773,-2.89194695],[-79.02879383,-2.89172454],[-79.02926168,-2.89164706],[-79.02962453,-2.89159941],[-79.02988857,-2.89148531],[-79.03012869,-2.89131692],[-79.03060906,-2.89091387],[-79.03113734,-2.89057111],[-79.03222254,-2.89065139],[-79.03242063,-2.89055526],[-79.03338366,-2.89019518],[-79.03445064,-2.89040807],[-79.03493624,-2.89046316],[-79.03517014,-2.89040932],[-79.03567425,-2.89016299],[-79.03611511,-2.89009143],[-79.03671469,-2.89012258],[-79.03726658,-2.89001503],[-79.03772278,-2.8897566],[-79.03823877,-2.88955252],[-79.03871858,-2.88947496],[-79.03935118,-2.8895002],[-79.03953108,-2.88947031],[-79.03984322,-2.88931407],[-79.04022158,-2.88897711],[-79.04067172,-2.88873674],[-79.04164302,-2.88879267],[-79.04189793,-2.88876301],[-79.04234797,-2.88858295],[-79.04264831,-2.88822171],[-79.04303908,-2.88767979],[-79.04336937,-2.88737286],[-79.04398128,-2.88718702],[-79.04445786,-2.88726018],[-79.04480561,-2.88731503],[-79.04518344,-2.88729154],[-79.04562128,-2.88719591],[-79.04565652,-2.88762401],[-79.04557207,-2.8879434],[-79.04512911,-2.88877049],[-79.0451281,-2.88889138],[-79.04513145,-2.88892683],[-79.04514462,-2.88906528],[-79.04517119,-2.88925104],[-79.04517943,-2.88932366],[-79.04520442,-2.88948239],[-79.04521436,-2.88956179],[-79.0452226,-2.88963269],[-79.04522923,-2.88969853],[-79.04523922,-2.8897509],[-79.0452592,-2.88984714],[-79.04527752,-2.88991127],[-79.04529421,-2.88998391],[-79.04530584,-2.89002443],[-79.04533424,-2.89013931],[-79.04535096,-2.89019332],[-79.04536928,-2.89026261],[-79.04540275,-2.89035544],[-79.04542109,-2.89041126],[-79.04543112,-2.89043822],[-79.04545616,-2.89051928],[-79.04547622,-2.8905666],[-79.04552468,-2.89067645],[-79.04554985,-2.89073563],[-79.04560173,-2.89084711],[-79.04565192,-2.89094846],[-79.04569207,-2.89102448],[-79.04573553,-2.89111914],[-79.04576404,-2.8911681],[-79.0457992,-2.89122558],[-79.04583433,-2.89129146],[-79.04586114,-2.89133708],[-79.04588787,-2.89137935],[-79.04592304,-2.89143004],[-79.04603033,-2.89158213],[-79.04607555,-2.89164469],[-79.04613413,-2.89172915],[-79.04620283,-2.89183225],[-79.0462397,-2.89188638],[-79.04629327,-2.89195402],[-79.04630189,-2.89196362],[-79.04635796,-2.89199292],[-79.04640877,-2.89199111],[-79.04642954,-2.89199114],[-79.04649117,-2.89197308],[-79.04657823,-2.89191952],[-79.04666258,-2.89186686],[-79.04673054,-2.89182593],[-79.04676322,-2.89180781],[-79.0469091,-2.89174522],[-79.04704697,-2.89168814],[-79.04708774,-2.89166994],[-79.04716748,-2.89163003],[-79.0472554,-2.89159284],[-79.04734152,-2.89156025],[-79.04738228,-2.89154848],[-79.04743393,-2.8915294],[-79.04754363,-2.89148492],[-79.04762066,-2.89145504],[-79.04764973,-2.89143872],[-79.04774667,-2.89138609],[-79.04780745,-2.89134333],[-79.04784643,-2.89131799],[-79.04787911,-2.89129707],[-79.04792359,-2.89126532],[-79.04799895,-2.89115885],[-79.04806432,-2.89105788],[-79.04828117,-2.89082696],[-79.04842185,-2.89065053],[-79.04848454,-2.89054033],[-79.04850814,-2.89051849],[-79.04852892,-2.8905122],[-79.04862052,-2.89048324],[-79.04867846,-2.89046688],[-79.04871562,-2.890457],[-79.04879082,-2.89044167],[-79.04883257,-2.8904308],[-79.04887692,-2.89042265],[-79.04891956,-2.89041187],[-79.04895213,-2.8904037],[-79.04899388,-2.89039283],[-79.04904732,-2.89037927],[-79.04908718,-2.89036659],[-79.04912613,-2.89035662],[-79.04916509,-2.89034484],[-79.04920684,-2.89033307],[-79.04926207,-2.89032132],[-79.04929194,-2.89031776],[-79.04939249,-2.89030699],[-79.04943603,-2.89030155],[-79.04947318,-2.89029619],[-79.04950124,-2.89029072],[-79.04951483,-2.89028713],[-79.04958642,-2.89028092],[-79.04963436,-2.8902782],[-79.04968058,-2.89027738],[-79.04970046,-2.8902756],[-79.0497974,-2.89027577],[-79.04989704,-2.89027594],[-79.05001026,-2.89027704],[-79.0500438,-2.89027981],[-79.05008094,-2.89027807],[-79.05019049,-2.89027184],[-79.05023672,-2.8902674],[-79.05028474,-2.89026477],[-79.05034365,-2.89026026],[-79.05042514,-2.89025316],[-79.05046769,-2.89024772],[-79.05051931,-2.89024781],[-79.05057911,-2.89024701],[-79.05063163,-2.89024529],[-79.05068145,-2.89024447],[-79.05072489,-2.89024455],[-79.05076751,-2.89024733],[-79.05080734,-2.89024831],[-79.05088432,-2.89024844],[-79.05091058,-2.89024758],[-79.05101931,-2.89024506],[-79.05108721,-2.89024237],[-79.05114971,-2.89024248],[-79.05120682,-2.89024258],[-79.05125385,-2.89024175],[-79.05131006,-2.89024004],[-79.05138074,-2.89024016],[-79.05145224,-2.89023938],[-79.05148218,-2.89023853],[-79.05150485,-2.89023766],[-79.05154019,-2.89023592],[-79.05160629,-2.89023422],[-79.05166969,-2.89023614],[-79.05169954,-2.890238],[-79.05172949,-2.89023805],[-79.05175574,-2.89024171],[-79.05178559,-2.89024638],[-79.05180465,-2.89024641],[-79.05185984,-2.89026377],[-79.05189427,-2.89027206],[-79.05191322,-2.89028484],[-79.05192319,-2.89028938],[-79.05194134,-2.89029854],[-79.05195671,-2.8903068],[-79.05198295,-2.89031589],[-79.05202279,-2.89031867],[-79.05205453,-2.89031972],[-79.05209069,-2.89031517],[-79.05214331,-2.89030613],[-79.05220493,-2.890298],[-79.05224927,-2.89029265],[-79.0522973,-2.89028451],[-79.05232807,-2.89028004],[-79.05239429,-2.89026008],[-79.05243415,-2.89024831],[-79.0524758,-2.89023744],[-79.05249937,-2.89023115],[-79.05252924,-2.89022388],[-79.05258007,-2.89021393],[-79.05274494,-2.89019604],[-79.0528564,-2.89017164],[-79.05293701,-2.89015261],[-79.05306115,-2.89012732],[-79.05316632,-2.89010553],[-79.05327868,-2.89008023],[-79.05329316,-2.89007844],[-79.05331214,-2.89007757],[-79.0533357,-2.89007761],[-79.05336016,-2.89007946],[-79.05337733,-2.8900804],[-79.05339001,-2.89008313],[-79.05340817,-2.89008506],[-79.0534426,-2.89009055],[-79.05349421,-2.89009886],[-79.05350958,-2.8901007],[-79.05358654,-2.89011349],[-79.0536038,-2.89011723],[-79.05362826,-2.89011998],[-79.05368346,-2.8901283],[-79.05370881,-2.89013287],[-79.05374054,-2.89013835],[-79.05374863,-2.89014116],[-79.05378765,-2.89015027],[-79.05382109,-2.89015675],[-79.05384194,-2.89016221],[-79.05385102,-2.89016313],[-79.0538655,-2.89016596],[-79.05387638,-2.89016598],[-79.05388636,-2.89016599],[-79.05391441,-2.89016876],[-79.05394067,-2.8901688],[-79.05395974,-2.89016883],[-79.05397961,-2.89016887],[-79.05400048,-2.89016529],[-79.05401676,-2.89016531],[-79.05405391,-2.89016167],[-79.05407837,-2.89015991],[-79.05408565,-2.89016082],[-79.05410013,-2.89015994],[-79.05411641,-2.89015907],[-79.05413368,-2.89015729],[-79.05417355,-2.89013828],[-79.05419984,-2.89012096],[-79.05421344,-2.89011005],[-79.05423883,-2.89009192],[-79.05429511,-2.89004373],[-79.05434231,-2.89000186],[-79.05438581,-2.88996549],[-79.0544167,-2.88993824],[-79.0544448,-2.88991369],[-79.05450008,-2.88987373],[-79.05456094,-2.88983198],[-79.05459992,-2.88980745],[-79.05464348,-2.88978926],[-79.05466337,-2.88978116],[-79.05472411,-2.88976028],[-79.05477395,-2.88974491],[-79.05483198,-2.88972855],[-79.0550752,-2.8896966],[-79.05540879,-2.88956598],[-79.0559019,-2.88938834],[-79.05605423,-2.88934122],[-79.05619557,-2.88930503],[-79.05639135,-2.88925075],[-79.05695299,-2.88922613],[-79.05703276,-2.88922265],[-79.05706902,-2.88921539],[-79.05735521,-2.88924499],[-79.05745756,-2.88934445],[-79.05770254,-2.88944388],[-79.05780723,-2.88948411],[-79.05789305,-2.88952214],[-79.05808564,-2.88959625],[-79.05816733,-2.88962795],[-79.05825946,-2.88965976],[-79.05839561,-2.88971261],[-79.05841654,-2.88972739],[-79.05844789,-2.88974643],[-79.05851494,-2.88976969],[-79.05854002,-2.88977606],[-79.05856105,-2.88978243],[-79.05858623,-2.88978247],[-79.05863023,-2.88976781],[-79.05872247,-2.88973216],[-79.05892584,-2.88965032],[-79.05904743,-2.88959791],[-79.05919214,-2.88953495],[-79.05923204,-2.88949496],[-79.05948371,-2.88936058],[-79.05967867,-2.88925775],[-79.05993671,-2.88913604],[-79.06027019,-2.88890487],[-79.06045265,-2.88880409],[-79.06069596,-2.88866545],[-79.06081764,-2.8886067],[-79.06091197,-2.88856048],[-79.06098955,-2.88852481],[-79.06108808,-2.888487],[-79.06118878,-2.88844721],[-79.06134598,-2.88839268],[-79.061476,-2.88835077],[-79.06156822,-2.88832561],[-79.06167085,-2.88830897],[-79.06177149,-2.8883029],[-79.06179659,-2.88829662],[-79.06189722,-2.88829679],[-79.06198094,-2.88830326],[-79.06205007,-2.88831595],[-79.06215275,-2.88832878],[-79.06231408,-2.88832906],[-79.06247334,-2.88833141],[-79.06256756,-2.8883464],[-79.0626827,-2.88837815],[-79.06277071,-2.8883972],[-79.06281258,-2.88841834],[-79.06287116,-2.88845009],[-79.06301769,-2.88853461],[-79.06306069,-2.88868469],[-79.06331676,-2.88861116],[-79.06372006,-2.88851854],[-79.06391853,-2.88846743],[-79.06422262,-2.8883939],[-79.06441795,-2.88833953],[-79.06454275,-2.88829788],[-79.06468365,-2.88825635],[-79.06488531,-2.88817948],[-79.06506466,-2.88810257],[-79.06545216,-2.88789735],[-79.06569229,-2.88777876],[-79.06578833,-2.88772739],[-79.06587809,-2.88766642],[-79.06600298,-2.88757016],[-79.06634265,-2.88730048],[-79.0665541,-2.88712389],[-79.06670793,-2.88698581],[-79.06686821,-2.88681239],[-79.06701569,-2.88665179],[-79.06725287,-2.88636267],[-79.06746138,-2.886067],[-79.06762173,-2.88584855],[-79.06773721,-2.88568464],[-79.06804513,-2.88525405],[-79.06848772,-2.88463715],[-79.06864809,-2.88440577],[-79.06885642,-2.88416489],[-79.06894937,-2.8840749],[-79.06918964,-2.88387585],[-79.06954525,-2.88364489],[-79.07000646,-2.88333997],[-79.07020831,-2.88320848],[-79.07050624,-2.88299669],[-79.07061199,-2.88289072],[-79.07075307,-2.88274294],[-79.07082999,-2.88266911],[-79.07094552,-2.88247626],[-79.07097753,-2.88242487],[-79.07109333,-2.88206791],[-79.07111898,-2.88200041],[-79.07113525,-2.881846],[-79.07113911,-2.88147611],[-79.07112381,-2.88105464],[-79.07114131,-2.88016314],[-79.07094862,-2.87998903],[-79.07090615,-2.87995044],[-79.07081974,-2.87988763],[-79.07073765,-2.87982899],[-79.07069374,-2.87978904],[-79.07061874,-2.87973331],[-79.07056772,-2.8797004],[-79.07046152,-2.87964325],[-79.07037366,-2.8795903],[-79.07032263,-2.87956029],[-79.07030287,-2.87954741],[-79.07029723,-2.87953176],[-79.07030148,-2.87951748],[-79.0703114,-2.87950186],[-79.07034834,-2.87945915],[-79.07043356,-2.87937231],[-79.07048183,-2.87932673],[-79.07053867,-2.87927547],[-79.07058549,-2.87923848],[-79.07062528,-2.87921432],[-79.07069342,-2.879176],[-79.07075159,-2.87913189],[-79.0707729,-2.87908057],[-79.07077726,-2.87905354],[-79.07076455,-2.8790178],[-79.0707447,-2.87900068],[-79.07071208,-2.87898634],[-79.07069931,-2.87898631],[-79.07063977,-2.8789948],[-79.07061709,-2.87900191],[-79.07055321,-2.87902314],[-79.07049365,-2.87904022],[-79.07043553,-2.87905576],[-79.07034476,-2.87907414],[-79.07024688,-2.87909821],[-79.07020001,-2.87910816],[-79.07015323,-2.87911948],[-79.07012067,-2.87912222],[-79.07006669,-2.87913353],[-79.06999293,-2.87914769],[-79.06991925,-2.87916465],[-79.06985403,-2.87917458],[-79.06980015,-2.87918154],[-79.06977884,-2.8791815],[-79.06975897,-2.87918011],[-79.06974344,-2.87916155],[-79.06970102,-2.87909448],[-79.069667,-2.8790559],[-79.0696005,-2.8789717],[-79.0695751,-2.87894308],[-79.06955671,-2.87891882],[-79.06950293,-2.87886457],[-79.0694802,-2.87885024],[-79.06937384,-2.8787327],[-79.06938852,-2.87871979],[-79.06939518,-2.87871185],[-79.06941646,-2.87868087],[-79.06943024,-2.87866643],[-79.06944763,-2.87864928],[-79.06946024,-2.87863546],[-79.0694733,-2.878625],[-79.06951128,-2.8786068],[-79.06955078,-2.87859303],[-79.06958227,-2.87858187],[-79.06964794,-2.87856887],[-79.0696734,-2.87856403],[-79.06969895,-2.87855693],[-79.06976345,-2.87854927],[-79.06978359,-2.87854885],[-79.06982415,-2.87854892],[-79.06983278,-2.87854875],[-79.06988539,-2.87854613],[-79.06992533,-2.87854394],[-79.06994142,-2.87854315],[-79.0699559,-2.87854245],[-79.06997695,-2.87853941],[-79.06998667,-2.87853699],[-79.07001753,-2.87852854],[-79.070041,-2.87852795],[-79.07006896,-2.87853351],[-79.07008244,-2.87853643],[-79.07011256,-2.87853937],[-79.07014476,-2.87853626],[-79.07017795,-2.87853324],[-79.07020188,-2.8785313],[-79.07022984,-2.87853605],[-79.07025024,-2.87853961],[-79.0702746,-2.87854543],[-79.07030292,-2.87855235],[-79.07031605,-2.87855283],[-79.07032846,-2.87855285],[-79.07035023,-2.87855017],[-79.07040611,-2.87852929],[-79.07041943,-2.87852353],[-79.07044651,-2.87851688],[-79.07049131,-2.87850448],[-79.07050859,-2.87849782],[-79.07053873,-2.8784872],[-79.07055475,-2.87848099],[-79.07057832,-2.8784747],[-79.07062304,-2.87846275],[-79.07065462,-2.87845033],[-79.07069144,-2.87842634],[-79.07072375,-2.8784112],[-79.0707908,-2.87837922],[-79.0708081,-2.87836279],[-79.07082674,-2.87834637],[-79.07084538,-2.87833265],[-79.07088931,-2.87830551],[-79.07096205,-2.8782588],[-79.07097978,-2.8782478],[-79.07101623,-2.87823357],[-79.07105968,-2.87822207],[-79.07109333,-2.87821408],[-79.07112123,-2.87820337],[-79.07113104,-2.87819625],[-79.07114526,-2.8781865],[-79.07116606,-2.87817271],[-79.0711856,-2.87815981],[-79.07119496,-2.87815313],[-79.07122997,-2.87813493],[-79.07125257,-2.87811896],[-79.07129032,-2.87807933],[-79.07123514,-2.87794913],[-79.07121345,-2.87790677],[-79.07119183,-2.87787464],[-79.07118171,-2.87785364],[-79.07117193,-2.87783934],[-79.07115426,-2.87781038],[-79.07114628,-2.87779563],[-79.07114247,-2.87775999],[-79.07113185,-2.8777154],[-79.07111241,-2.87766853],[-79.07110321,-2.87762936],[-79.07108594,-2.87757933],[-79.07107224,-2.87754685],[-79.07105325,-2.87750396],[-79.07104357,-2.87748215],[-79.0710365,-2.87746207],[-79.07103122,-2.87744687],[-79.07102899,-2.87743619],[-79.0710246,-2.87742416],[-79.07101977,-2.87740724],[-79.07101226,-2.87738399],[-79.07100475,-2.87735595],[-79.07099814,-2.87733315],[-79.07099017,-2.87730954],[-79.07098275,-2.87728503],[-79.07097613,-2.87726277],[-79.07096638,-2.8772302],[-79.07095798,-2.87720388],[-79.07092225,-2.87711195],[-79.0709161,-2.87707632],[-79.07090963,-2.87702196],[-79.07091321,-2.87697739],[-79.07091372,-2.87694439],[-79.07091376,-2.87691627],[-79.07088247,-2.87680844],[-79.07086788,-2.87676917],[-79.07085779,-2.87672503],[-79.07085302,-2.87667104],[-79.07085262,-2.87664473],[-79.07085212,-2.87662068],[-79.07083635,-2.87653602],[-79.0708244,-2.87647316],[-79.07082282,-2.87645046],[-79.07082197,-2.87642143],[-79.0708242,-2.87637867],[-79.07083589,-2.87632299],[-79.07085995,-2.87624057],[-79.07088976,-2.87616268],[-79.07090133,-2.87612915],[-79.07090942,-2.876077],[-79.0709113,-2.87602935],[-79.07090976,-2.87592943],[-79.070883,-2.87585109],[-79.07088306,-2.87581546],[-79.07076243,-2.8758366],[-79.07049287,-2.87586471],[-79.07041093,-2.87603564],[-79.07029007,-2.8761924],[-79.07002015,-2.87643083],[-79.06970415,-2.87664423],[-79.06955851,-2.87677952],[-79.06945196,-2.8768221],[-79.06922487,-2.87688953],[-79.06863225,-2.87709531],[-79.0684585,-2.87710216],[-79.06815695,-2.87711593],[-79.06795128,-2.87711558],[-79.06782142,-2.87712034]]]}},{"type":"Feature","properties":{"fid":"3","DESCRIP":"El Vecino","CODIGO":"06","AREA":"3280403.060000000521541","SHAPE_LENG":"11352.558237900000677","SHAPE_AREA":"3280403.057149999774992","name":"El Vecino"},"geometry":{"type":"Polygon","coordinates":[[[-78.99861799,-2.87083751],[-78.99861268,-2.87083723],[-78.99859586,-2.87083747],[-78.99859092,-2.87083746],[-78.99857311,-2.87083806],[-78.99856907,-2.87083806],[-78.99855135,-2.87083839],[-78.99854631,-2.87083865],[-78.99852698,-2.87083925],[-78.99852293,-2.87083897],[-78.99850522,-2.87083957],[-78.99850081,-2.87083957],[-78.99848337,-2.87083547],[-78.99846063,-2.87083009],[-78.99843942,-2.87082128],[-78.99841858,-2.87081338],[-78.9983962,-2.87080484],[-78.99837652,-2.8707983],[-78.99836439,-2.87079412],[-78.99835603,-2.8707913],[-78.99835198,-2.87078939],[-78.99833392,-2.87078439],[-78.99832961,-2.87078221],[-78.99831334,-2.87077685],[-78.99830902,-2.87077585],[-78.99829222,-2.87077084],[-78.99828655,-2.87077237],[-78.9982691,-2.87077207],[-78.99826416,-2.87077206],[-78.99825445,-2.87077232],[-78.99822486,-2.87077353],[-78.9982174,-2.87077352],[-78.99820183,-2.87077756],[-78.99819769,-2.87077818],[-78.99817961,-2.87078258],[-78.99817404,-2.87078131],[-78.99815999,-2.87079032],[-78.99815405,-2.87079438],[-78.99814064,-2.87080286],[-78.99813623,-2.87080529],[-78.99812066,-2.87081467],[-78.9981175,-2.87081719],[-78.99810283,-2.87082874],[-78.99809914,-2.87083126],[-78.99808473,-2.87084254],[-78.99807942,-2.87084407],[-78.99806538,-2.87085037],[-78.9980598,-2.87085443],[-78.9980436,-2.87085938],[-78.99803767,-2.87085937],[-78.99802614,-2.87086812],[-78.9980202,-2.87087317],[-78.99800705,-2.87088472],[-78.99800237,-2.87088851],[-78.99798931,-2.87089843],[-78.99798526,-2.87090258],[-78.99797211,-2.87091287],[-78.99796788,-2.87091629],[-78.99795383,-2.87092694],[-78.99795032,-2.8709301],[-78.99793573,-2.87093975],[-78.99793195,-2.87094381],[-78.99791539,-2.87095038],[-78.99791044,-2.87095227],[-78.99789515,-2.87095785],[-78.99788984,-2.87095938],[-78.99787301,-2.87096441],[-78.99786861,-2.8709663],[-78.99785214,-2.87097188],[-78.9978471,-2.87097377],[-78.9978309,-2.87097971],[-78.99782658,-2.87098124],[-78.9978094,-2.87098744],[-78.99780598,-2.87099096],[-78.9977879,-2.87099156],[-78.99778385,-2.8709912],[-78.99776479,-2.87099207],[-78.99776047,-2.87099206],[-78.9977424,-2.87099302],[-78.99773799,-2.87099428],[-78.99771965,-2.87099081],[-78.99771461,-2.87099044],[-78.9976978,-2.87098824],[-78.99769313,-2.8709876],[-78.99767533,-2.87098504],[-78.99767065,-2.87098376],[-78.99765321,-2.87098066],[-78.99764791,-2.87098002],[-78.99763173,-2.87097709],[-78.99762516,-2.87097591],[-78.99760898,-2.87097335],[-78.99760431,-2.87097298],[-78.99758687,-2.87096861],[-78.99758283,-2.87096697],[-78.99756629,-2.87096324],[-78.99755972,-2.87096259],[-78.99754607,-2.87095163],[-78.99754078,-2.87094656],[-78.99752928,-2.87093749],[-78.99752551,-2.87093523],[-78.99750934,-2.87092516],[-78.99750593,-2.87092145],[-78.99748967,-2.87091509],[-78.99748562,-2.87091328],[-78.99746818,-2.87091071],[-78.99746261,-2.87090673],[-78.99744606,-2.8709114],[-78.99743985,-2.87091265],[-78.99742922,-2.87092457],[-78.9974258,-2.87092863],[-78.99741767,-2.87094525],[-78.99741578,-2.87095086],[-78.99740424,-2.87096404],[-78.99740208,-2.87096711],[-78.99738704,-2.87097685],[-78.99738173,-2.87098],[-78.99736555,-2.87098051],[-78.99735898,-2.87098177],[-78.99734308,-2.87097207],[-78.9973403,-2.87096926],[-78.99732539,-2.87095983],[-78.99732099,-2.87095666],[-78.99730797,-2.87094506],[-78.9973033,-2.87094189],[-78.99728956,-2.8709312],[-78.99728552,-2.87092811],[-78.99727439,-2.87091489],[-78.99727089,-2.87091109],[-78.99726156,-2.87089634],[-78.99725815,-2.87089199],[-78.99724819,-2.87087787],[-78.99724388,-2.87087723],[-78.99722771,-2.8708659],[-78.99722268,-2.87086589],[-78.99720523,-2.8708674],[-78.99720091,-2.87087055],[-78.99718345,-2.87087649],[-78.99716564,-2.87087772],[-78.99706478,-2.87096371],[-78.99690442,-2.87103097],[-78.99680866,-2.87112953],[-78.99678245,-2.87130616],[-78.99675889,-2.8715166],[-78.99673274,-2.87166203],[-78.99674401,-2.87190111],[-78.99675399,-2.872057],[-78.99667632,-2.87214782],[-78.996591,-2.87218664],[-78.99659859,-2.87226721],[-78.9966244,-2.87231916],[-78.99658554,-2.87238147],[-78.99651566,-2.87243849],[-78.9963914,-2.87252923],[-78.99638354,-2.87260462],[-78.99639886,-2.87268774],[-78.99648001,-2.8728698],[-78.99649026,-2.87292434],[-78.99647974,-2.87302567],[-78.99644602,-2.87308013],[-78.99630643,-2.87309291],[-78.99607897,-2.87311855],[-78.9960324,-2.87316521],[-78.99602962,-2.87326132],[-78.99610963,-2.87332637],[-78.99625946,-2.87336823],[-78.99632138,-2.87344374],[-78.99628752,-2.87357614],[-78.99620727,-2.87364616],[-78.99616337,-2.87365386],[-78.99609361,-2.87364334],[-78.9960161,-2.87364067],[-78.99596699,-2.87364836],[-78.9958738,-2.87371574],[-78.99576765,-2.87384023],[-78.99572891,-2.87383501],[-78.99566948,-2.87382451],[-78.99561262,-2.87384258],[-78.99556345,-2.87388408],[-78.99554133,-2.87393341],[-78.99550763,-2.87402431],[-78.99542733,-2.87412552],[-78.99536518,-2.87418771],[-78.99530552,-2.87431491],[-78.99529741,-2.874528],[-78.99528931,-2.87473847],[-78.99526841,-2.87486574],[-78.99516087,-2.87501365],[-78.99507815,-2.87506025],[-78.99499543,-2.87505232],[-78.99491286,-2.87501583],[-78.99483275,-2.87500529],[-78.99478353,-2.8750779],[-78.99472648,-2.87515058],[-78.99464124,-2.87514519],[-78.99456113,-2.87513727],[-78.99446549,-2.8751683],[-78.99439044,-2.8752461],[-78.99438,-2.87530585],[-78.99440059,-2.87536049],[-78.99443132,-2.87547483],[-78.99446981,-2.87562562],[-78.99444651,-2.87568787],[-78.99438704,-2.87570341],[-78.99422179,-2.87563558],[-78.99406161,-2.87559371],[-78.99395043,-2.87561431],[-78.99391933,-2.87565837],[-78.99390878,-2.87578051],[-78.99390338,-2.87593384],[-78.99380365,-2.87609216],[-78.99382156,-2.87618568],[-78.99387304,-2.8763157],[-78.99391932,-2.87643531],[-78.99390885,-2.87651322],[-78.99382591,-2.87662998],[-78.99370698,-2.87666097],[-78.99340458,-2.87670202],[-78.99318736,-2.87678473],[-78.99308004,-2.87685995],[-78.99269493,-2.87689046],[-78.99240175,-2.87680676],[-78.99225971,-2.87672857],[-78.99211242,-2.87672831],[-78.99201159,-2.87679567],[-78.99192113,-2.87679036],[-78.9918358,-2.87678497],[-78.991779,-2.87676669],[-78.9916939,-2.87668598],[-78.99145646,-2.87650365],[-78.99136226,-2.87642817],[-78.9912488,-2.87630844],[-78.99100095,-2.87616768],[-78.99080461,-2.87613361],[-78.99051508,-2.87617206],[-78.99034429,-2.87634328],[-78.99028192,-2.87652761],[-78.99024785,-2.876777],[-78.99028643,-2.87687581],[-78.99036641,-2.87695904],[-78.99038173,-2.87709423],[-78.99035318,-2.87717212],[-78.99023161,-2.87722127],[-78.99009588,-2.87723658],[-78.9898579,-2.87736347],[-78.98951668,-2.87744342],[-78.98923494,-2.87750269],[-78.98887306,-2.87751769],[-78.98873364,-2.87748625],[-78.98870148,-2.87736404],[-78.98865005,-2.87725744],[-78.98846673,-2.87713497],[-78.98829885,-2.87707753],[-78.98808965,-2.87705121],[-78.98777178,-2.8770454],[-78.98758295,-2.87713865],[-78.98752598,-2.87721901],[-78.98748045,-2.87739045],[-78.98743877,-2.87756967],[-78.98726499,-2.87795651],[-78.98716142,-2.87804729],[-78.98708135,-2.87806794],[-78.98690555,-2.87806763],[-78.98671445,-2.87802045],[-78.98660068,-2.87802812],[-78.98655414,-2.87805914],[-78.98653857,-2.87811634],[-78.98656168,-2.87816828],[-78.98655648,-2.87820986],[-78.98649431,-2.87828254],[-78.98644511,-2.87834221],[-78.98636491,-2.87838366],[-78.98620855,-2.87842751],[-78.98615681,-2.87844297],[-78.98586207,-2.87853087],[-78.98569667,-2.87854613],[-78.98565792,-2.87854343],[-78.98562172,-2.87852004],[-78.98559087,-2.87842379],[-78.98559102,-2.87833545],[-78.98560939,-2.87821596],[-78.98559673,-2.87805491],[-78.98555817,-2.87794309],[-78.98547305,-2.87786762],[-78.98539034,-2.87785961],[-78.98528945,-2.87790627],[-78.9851498,-2.87795792],[-78.98502579,-2.8779577],[-78.98480493,-2.87791056],[-78.98470151,-2.87791562],[-78.98456452,-2.8779387],[-78.98447641,-2.87808402],[-78.98432355,-2.87833321],[-78.98420954,-2.8784811],[-78.98413458,-2.87850954],[-78.98404147,-2.87853279],[-78.98396925,-2.87848592],[-78.98390993,-2.87841827],[-78.98386878,-2.87829867],[-78.9837993,-2.87812441],[-78.98377099,-2.87806722],[-78.98372964,-2.87805675],[-78.98364164,-2.87813715],[-78.98353816,-2.87822793],[-78.9834656,-2.87832391],[-78.98343832,-2.87839402],[-78.98343821,-2.87846156],[-78.98347681,-2.87854734],[-78.98355674,-2.87865661],[-78.98371141,-2.87885959],[-78.98374753,-2.87892982],[-78.98374738,-2.87901291],[-78.98372662,-2.87905708],[-78.98366705,-2.87913229],[-78.98359459,-2.87917638],[-78.9835041,-2.87919177],[-78.98343683,-2.87924364],[-78.98335143,-2.8793292],[-78.98329192,-2.8793733],[-78.98320518,-2.87945371],[-78.98313277,-2.8795185],[-78.98306538,-2.87959116],[-78.98298263,-2.8796534],[-78.9828636,-2.87973628],[-78.98279882,-2.87980895],[-78.98269012,-2.87995161],[-78.98262265,-2.88006848],[-78.98254493,-2.88018778],[-78.98178756,-2.87958889],[-78.98144944,-2.87933884],[-78.98100791,-2.87913543],[-78.98054161,-2.8790592],[-78.98046411,-2.87905129],[-78.98017724,-2.87906117],[-78.97974293,-2.87915389],[-78.97913663,-2.87932432],[-78.97879012,-2.87944848],[-78.97836085,-2.87963993],[-78.97781636,-2.87994556],[-78.97754985,-2.88013739],[-78.97638185,-2.88084198],[-78.97619036,-2.88096641],[-78.97563162,-2.88129796],[-78.97505087,-2.88166843],[-78.97476102,-2.88188879],[-78.9745566,-2.8820547],[-78.97442455,-2.88217923],[-78.97424339,-2.88236335],[-78.97448164,-2.88233828],[-78.97536778,-2.88227124],[-78.9758378,-2.8822219],[-78.97606634,-2.88215106],[-78.97642488,-2.88204085],[-78.97687139,-2.88191227],[-78.97704989,-2.88191259],[-78.97719418,-2.881934],[-78.97731224,-2.88198963],[-78.97744581,-2.88217459],[-78.97751384,-2.88230147],[-78.97772405,-2.88293004],[-78.97791736,-2.88345297],[-78.97820593,-2.88360394],[-78.97842107,-2.8836809],[-78.97860213,-2.88370762],[-78.97880295,-2.88370002],[-78.97918908,-2.88360044],[-78.97959614,-2.88351139],[-78.97985604,-2.88349865],[-78.98002002,-2.8835201],[-78.98024311,-2.88358117],[-78.98048183,-2.88369777],[-78.980778,-2.88392262],[-78.98104805,-2.88412635],[-78.98133037,-2.88409521],[-78.98174515,-2.88406954],[-78.98197091,-2.88408839],[-78.98213622,-2.88412304],[-78.98237498,-2.8842184],[-78.98258871,-2.88433496],[-78.98330836,-2.88490377],[-78.98411447,-2.88554923],[-78.98514337,-2.88637717],[-78.9860203,-2.88704924],[-78.98671371,-2.88761005],[-78.98780036,-2.88847769],[-78.98882406,-2.88929776],[-78.98977431,-2.89005432],[-78.99029864,-2.89047758],[-78.9905399,-2.89063641],[-78.99076021,-2.89074503],[-78.99104491,-2.89084581],[-78.9922506,-2.89116738],[-78.99362949,-2.89153935],[-78.99499535,-2.89190606],[-78.9952472,-2.89197513],[-78.99558053,-2.89204163],[-78.99612364,-2.8922142],[-78.99635466,-2.89221723],[-78.99635298,-2.89240466],[-78.99641295,-2.89338405],[-78.99646336,-2.89458774],[-78.99785653,-2.89430513],[-78.99897792,-2.89409066],[-79.0002833,-2.89382408],[-78.99997017,-2.89218711],[-78.99971601,-2.89081326],[-78.99951268,-2.88953516],[-78.99934641,-2.88845531],[-78.99909905,-2.88705416],[-78.99892253,-2.88601869],[-78.99885162,-2.88573846],[-78.99830438,-2.88586724],[-78.99829343,-2.88528992],[-78.99832147,-2.88483898],[-78.99841722,-2.88448726],[-78.99873352,-2.88333648],[-78.99892664,-2.88269116],[-78.99824149,-2.88197595],[-78.99821974,-2.88176407],[-78.99825813,-2.88120384],[-78.99827956,-2.88061971],[-78.99827025,-2.88007648],[-78.99851932,-2.87952349],[-78.9991519,-2.87918292],[-78.99975369,-2.8789688],[-79.00002881,-2.87904785],[-79.00031966,-2.87882631],[-79.00039796,-2.87873413],[-79.00045955,-2.87848144],[-79.00041215,-2.8783857],[-79.00025606,-2.87826933],[-79.00010338,-2.87815975],[-78.99993359,-2.8781184],[-78.99980451,-2.878084],[-78.99984064,-2.87783813],[-78.99983792,-2.87744184],[-78.99975682,-2.87717515],[-78.99925465,-2.87677798],[-78.99845877,-2.87624024],[-78.99819755,-2.87597333],[-78.99800958,-2.87563132],[-78.99787426,-2.87530993],[-78.99785408,-2.87518005],[-78.99786105,-2.8751015],[-78.99788495,-2.87500932],[-78.99794623,-2.87493429],[-78.99805513,-2.87487978],[-78.99818765,-2.87484584],[-78.99911199,-2.87478598],[-78.99952136,-2.87482088],[-79.00003086,-2.87493109],[-79.00040126,-2.87487713],[-79.0007667,-2.87477867],[-79.00105911,-2.87469031],[-79.00122254,-2.87451637],[-79.00167595,-2.87362549],[-79.00174607,-2.87338312],[-79.00201982,-2.87228009],[-79.00217411,-2.87146382],[-79.00214333,-2.87137751],[-79.00175569,-2.87136336],[-79.00173771,-2.87136025],[-79.001729,-2.87135554],[-79.00171786,-2.87134982],[-79.00170537,-2.87134419],[-79.00169728,-2.87134038],[-79.00169387,-2.87133631],[-79.0016795,-2.87132408],[-79.00167178,-2.87131656],[-79.00166334,-2.87130967],[-79.0016584,-2.8713065],[-79.0016425,-2.87129897],[-79.00162228,-2.87128799],[-79.0016045,-2.87127765],[-79.0015815,-2.87126595],[-79.00156002,-2.87125596],[-79.0015407,-2.87124743],[-79.00152264,-2.87123863],[-79.0015027,-2.87122892],[-79.00149121,-2.8712148],[-79.00148933,-2.87121009],[-79.0014791,-2.87119624],[-79.00146538,-2.87117804],[-79.00145111,-2.87116048],[-79.00144797,-2.87115703],[-79.00143585,-2.87114381],[-79.00143397,-2.87113947],[-79.0014178,-2.87112751],[-79.00141403,-2.87112623],[-79.00140317,-2.87111274],[-79.00140102,-2.87110867],[-79.00138764,-2.87109617],[-79.00138423,-2.87109273],[-79.00137301,-2.87108014],[-79.00136924,-2.87107634],[-79.00135533,-2.8710651],[-79.00134599,-2.87105342],[-79.00133729,-2.8710431],[-79.00132482,-2.87102807],[-79.00131307,-2.87101114],[-79.00130969,-2.87098889],[-79.00130532,-2.87096664],[-79.00130506,-2.87096194],[-79.00130257,-2.87094439],[-79.00130204,-2.87094033],[-79.00129613,-2.87092277],[-79.00129551,-2.87091744],[-79.00129175,-2.8709121],[-79.00128682,-2.87090305],[-79.00128305,-2.87089861],[-79.00127937,-2.87089146],[-79.00127435,-2.87088359],[-79.0012713,-2.87087951],[-79.00126628,-2.87087164],[-79.00126035,-2.87086476],[-79.00125757,-2.87086258],[-79.00124239,-2.87085125],[-79.00123889,-2.87084908],[-79.00122398,-2.87083992],[-79.00121993,-2.8708381],[-79.0012034,-2.87083084],[-79.00119846,-2.87082803],[-79.00118382,-2.87081824],[-79.00118167,-2.87081417],[-79.00116856,-2.87080167],[-79.00116299,-2.87079876],[-79.00114618,-2.87079403],[-79.00114241,-2.87079366],[-79.00112433,-2.87079273],[-79.00112092,-2.87078956],[-79.00110412,-2.87078329],[-79.00109944,-2.87078165],[-79.00108228,-2.87077538],[-79.00107545,-2.87077573],[-79.00105989,-2.87077254],[-79.00105432,-2.87077344],[-79.00103624,-2.8707734],[-79.00102527,-2.87077375],[-79.00101439,-2.870774],[-79.00100567,-2.87077308],[-79.0009929,-2.8707727],[-79.00098796,-2.87077052],[-79.00097205,-2.87076488],[-79.00096801,-2.87076171],[-79.00095337,-2.87075292],[-79.00094807,-2.87075074],[-79.00093189,-2.87074221],[-79.00092785,-2.87073904],[-79.00091348,-2.87073024],[-79.0009098,-2.87072743],[-79.00089759,-2.8707143],[-79.00089391,-2.87071023],[-79.0008827,-2.87069673],[-79.00087901,-2.87069356],[-79.00086653,-2.87068197],[-79.0008634,-2.8706769],[-79.00085002,-2.8706653],[-79.00084534,-2.87066439],[-79.00083386,-2.87065054],[-79.0008317,-2.87064683],[-79.00081734,-2.87063523],[-79.00081267,-2.87063142],[-79.00079965,-2.87062073],[-79.00079624,-2.87061792],[-79.0007825,-2.8706066],[-79.00077719,-2.87060568],[-79.00076291,-2.87059472],[-79.00076013,-2.87059155],[-79.00074459,-2.87058176],[-79.00074082,-2.87057831],[-79.00072527,-2.87057268],[-79.00071808,-2.87057077],[-79.00070443,-2.87056197],[-79.0006994,-2.87055943],[-79.00068413,-2.870551],[-79.00068107,-2.87054973],[-79.00066454,-2.87054093],[-79.0006605,-2.87053776],[-79.00064496,-2.87052959],[-79.00064091,-2.87052742],[-79.00062537,-2.87051952],[-79.0006207,-2.87051771],[-79.00060102,-2.87050827],[-79.00056336,-2.87049907],[-79.00052849,-2.87048617],[-79.0004896,-2.87045672],[-79.0004852,-2.87045445],[-79.00047181,-2.87044855],[-79.00045995,-2.87044473],[-79.00044099,-2.87043556],[-79.00040486,-2.87042393],[-79.00038716,-2.87041947],[-79.00035758,-2.87041281],[-79.00034203,-2.87040845],[-79.00031714,-2.87040027],[-79.00029907,-2.87039427],[-79.00028847,-2.87039045],[-79.00028353,-2.8703889],[-79.00025208,-2.87037321],[-79.00023528,-2.87036215],[-79.00021409,-2.87034394],[-79.00020816,-2.87034112],[-79.00019199,-2.87033233],[-79.00014964,-2.87033008],[-79.00013219,-2.87033186],[-79.00012725,-2.87033348],[-79.00011006,-2.87033688],[-79.00010664,-2.87033941],[-79.00008919,-2.87034625],[-79.00008478,-2.87034814],[-79.00006768,-2.87035462],[-79.00006453,-2.87035561],[-79.00004644,-2.87036308],[-79.00002647,-2.87037055],[-79.00002116,-2.87037334],[-79.00000496,-2.87037965],[-79.00000091,-2.87038145],[-78.99993787,-2.87043495],[-78.99993292,-2.87043838],[-78.99991923,-2.87044839],[-78.99991482,-2.87044965],[-78.99989889,-2.8704574],[-78.99989394,-2.87045965],[-78.99987712,-2.8704655],[-78.99987244,-2.87046648],[-78.99985651,-2.87047206],[-78.9998512,-2.87047368],[-78.99983501,-2.87047953],[-78.9998288,-2.87048051],[-78.99981135,-2.87048355],[-78.99980793,-2.87048454],[-78.99979085,-2.87048542],[-78.99978581,-2.87048577],[-78.99976836,-2.87048628],[-78.99976405,-2.87048627],[-78.99974471,-2.8704866],[-78.99974129,-2.87048687],[-78.99972322,-2.87048747],[-78.99971791,-2.87048746],[-78.99970074,-2.87048779],[-78.99969579,-2.87048615],[-78.999678,-2.87048305],[-78.99967395,-2.87048178],[-78.99965624,-2.87047831],[-78.99965157,-2.87047767],[-78.9996344,-2.87047447],[-78.99963008,-2.87047419],[-78.99961102,-2.87046973],[-78.99960769,-2.87047198],[-78.99958899,-2.87047222],[-78.99958305,-2.87047194],[-78.99956687,-2.87047255],[-78.99956219,-2.87047218],[-78.99954501,-2.87047721],[-78.99954033,-2.87047874],[-78.99952413,-2.87048811],[-78.99952098,-2.87049001],[-78.99950388,-2.87049748],[-78.99949974,-2.87049874],[-78.99948453,-2.87050721],[-78.99947922,-2.87051],[-78.99946392,-2.87051775],[-78.99946049,-2.87052064],[-78.99944394,-2.87052748],[-78.99943926,-2.87052964],[-78.99942369,-2.87053622],[-78.99942026,-2.87054055],[-78.99940702,-2.87055264],[-78.99940333,-2.87055634],[-78.99939269,-2.87057016],[-78.99938954,-2.87057359],[-78.99937801,-2.87058668],[-78.99937521,-2.87059138],[-78.99936548,-2.8706042],[-78.99936142,-2.87060925],[-78.99935115,-2.87062207],[-78.99934683,-2.87062586],[-78.99933341,-2.87063705],[-78.99932927,-2.87063958],[-78.99931217,-2.87064642],[-78.99930749,-2.87064831],[-78.99929156,-2.87065425],[-78.99928626,-2.8706527],[-78.99926729,-2.87065357],[-78.99926387,-2.87065357],[-78.99924669,-2.87065381],[-78.99924202,-2.8706538],[-78.99922422,-2.87065133],[-78.99921954,-2.87064969],[-78.99920274,-2.87064342],[-78.9991987,-2.87064061],[-78.99918098,-2.87063995],[-78.99917442,-2.87063867],[-78.99916065,-2.87064841],[-78.99915695,-2.87065058],[-78.99914569,-2.87066529],[-78.99914505,-2.87066963],[-78.99914538,-2.8706869],[-78.9991416,-2.8706916],[-78.99913662,-2.87070913],[-78.99913338,-2.87071283],[-78.99912562,-2.87072846],[-78.99912273,-2.87073225],[-78.99910805,-2.87074416],[-78.99910436,-2.87074533],[-78.99908754,-2.8707519],[-78.99908223,-2.87075379],[-78.99906478,-2.8707581],[-78.99905974,-2.87075935],[-78.99904292,-2.87076159],[-78.99903887,-2.87076375],[-78.99902204,-2.87076779],[-78.99901799,-2.87076995],[-78.99900082,-2.87077091],[-78.99899488,-2.8707709],[-78.99897717,-2.87077205],[-78.99897213,-2.87077331],[-78.99895441,-2.87077734],[-78.99895063,-2.87077833],[-78.99893318,-2.87078201],[-78.99892886,-2.87078327],[-78.99891105,-2.87078323],[-78.99890637,-2.8707854],[-78.99888919,-2.8707898],[-78.99888675,-2.87079449],[-78.99887423,-2.87080695],[-78.99887296,-2.87081228],[-78.9988636,-2.87081823],[-78.99885703,-2.87082256],[-78.99885208,-2.87082635],[-78.9988374,-2.87083536],[-78.99883425,-2.87083789],[-78.99881681,-2.87083849],[-78.99881033,-2.87084101],[-78.99879505,-2.87083502],[-78.99879038,-2.87083284],[-78.99877511,-2.87082404],[-78.9987717,-2.87081961],[-78.99875363,-2.87081587],[-78.99874895,-2.87081459],[-78.99873213,-2.87081927],[-78.99872745,-2.87081989],[-78.99871153,-2.87082547],[-78.99870586,-2.87082799],[-78.99869002,-2.8708342],[-78.99868561,-2.8708351],[-78.99866853,-2.8708357],[-78.99863579,-2.87083664],[-78.99861799,-2.87083751]]]}},{"type":"Feature","properties":{"fid":"4","DESCRIP":"Monay","CODIGO":"08","AREA":"5105152.019999999552965","SHAPE_LENG":"11916.195803799999339","SHAPE_AREA":"5105152.028640000149608","name":"Monay"},"geometry":{"type":"Polygon","coordinates":[[[-78.96655795,-2.89059942],[-78.96651504,-2.89070703],[-78.966492,-2.89076964],[-78.96640489,-2.89090908],[-78.96627243,-2.89100884],[-78.96616736,-2.89108451],[-78.96605253,-2.89113159],[-78.96593442,-2.8911566],[-78.96588576,-2.89116203],[-78.96557425,-2.89111644],[-78.96547589,-2.8911074],[-78.96537642,-2.89111609],[-78.96526113,-2.89111913],[-78.96523484,-2.8911378],[-78.96518334,-2.89122668],[-78.96507812,-2.8913848],[-78.96498762,-2.89155606],[-78.96492183,-2.89163505],[-78.96481898,-2.89172392],[-78.96476087,-2.89178864],[-78.96468251,-2.89190722],[-78.96464301,-2.89201926],[-78.96460013,-2.89211701],[-78.96457494,-2.89216967],[-78.96452173,-2.8922608],[-78.96448219,-2.89239816],[-78.9644557,-2.89252668],[-78.96442061,-2.89259036],[-78.96427966,-2.89285935],[-78.96416894,-2.89302515],[-78.9640773,-2.89323384],[-78.96375021,-2.89315504],[-78.96332837,-2.8929551],[-78.96250612,-2.8922409],[-78.96143417,-2.89414134],[-78.96134786,-2.89428268],[-78.96051556,-2.89542408],[-78.96072147,-2.89558222],[-78.9608724,-2.89571124],[-78.96117144,-2.89598763],[-78.96147618,-2.89629884],[-78.96255566,-2.8974871],[-78.96297309,-2.89793747],[-78.9632836,-2.89824173],[-78.96358151,-2.89849606],[-78.96383062,-2.898688],[-78.96403835,-2.89883584],[-78.96421305,-2.89894655],[-78.96450033,-2.89911234],[-78.96468838,-2.89920725],[-78.96466514,-2.89922981],[-78.96464928,-2.89924443],[-78.96461754,-2.899296],[-78.96459112,-2.89933438],[-78.96455935,-2.89939788],[-78.96452102,-2.89946146],[-78.96448799,-2.89952894],[-78.96446693,-2.89953948],[-78.96442865,-2.8995725],[-78.96442331,-2.89959112],[-78.96442984,-2.89961093],[-78.96439029,-2.899652],[-78.9643613,-2.89967175],[-78.96432165,-2.89971941],[-78.96430181,-2.89974985],[-78.96420285,-2.89982516],[-78.96414613,-2.89986484],[-78.96413296,-2.89988597],[-78.96411311,-2.89992165],[-78.96405237,-2.89999713],[-78.96399687,-2.90005796],[-78.96394937,-2.90011882],[-78.96393224,-2.9001413],[-78.96391897,-2.90017039],[-78.96388461,-2.90022729],[-78.96384631,-2.90027495],[-78.96382777,-2.90033053],[-78.96379999,-2.90037821],[-78.96376696,-2.9004456],[-78.96374584,-2.90049059],[-78.96371683,-2.90051974],[-78.96367711,-2.90060448],[-78.96365464,-2.90065073],[-78.96363614,-2.90068387],[-78.96361489,-2.90075002],[-78.963603,-2.90081365],[-78.9635963,-2.90084013],[-78.96358702,-2.90084599],[-78.96357512,-2.90086323],[-78.9635553,-2.90088571],[-78.96352763,-2.90092146],[-78.96350383,-2.90095451],[-78.9634721,-2.9009955],[-78.96343775,-2.9010458],[-78.96341004,-2.90110135],[-78.9633928,-2.90114237],[-78.96337961,-2.90117281],[-78.96336493,-2.90123644],[-78.96335436,-2.90126553],[-78.96334631,-2.90134101],[-78.96334627,-2.90136353],[-78.96333568,-2.90140058],[-78.96331583,-2.90143897],[-78.96328025,-2.90147461],[-78.96321954,-2.9015302],[-78.96318785,-2.90154868],[-78.96316407,-2.90156979],[-78.96313639,-2.90161477],[-78.96311914,-2.90165452],[-78.96310858,-2.90167565],[-78.96308479,-2.90170219],[-78.9630294,-2.90174974],[-78.9629766,-2.9018132],[-78.96294884,-2.90184498],[-78.96292105,-2.90189655],[-78.96289598,-2.90193629],[-78.96285642,-2.90198658],[-78.96282602,-2.90203688],[-78.96280999,-2.90210041],[-78.96280596,-2.90214417],[-78.96279401,-2.90218646],[-78.96277288,-2.90223416],[-78.96273057,-2.90231093],[-78.96272525,-2.90232015],[-78.96270548,-2.90231089],[-78.96268707,-2.90229892],[-78.96266473,-2.90226977],[-78.96264893,-2.90225645],[-78.96262259,-2.90224844],[-78.96259759,-2.9022484],[-78.96257647,-2.90224176],[-78.96255015,-2.90222842],[-78.96253447,-2.90219928],[-78.96252783,-2.90219131],[-78.96251477,-2.90215024],[-78.96250553,-2.90213829],[-78.9624924,-2.90213827],[-78.96247914,-2.90216338],[-78.9624686,-2.90217267],[-78.96245943,-2.90212094],[-78.96243328,-2.90200833],[-78.96242025,-2.90195396],[-78.96241243,-2.90190232],[-78.96240201,-2.90184797],[-78.9623902,-2.9018135],[-78.96237177,-2.90180949],[-78.96234677,-2.90180809],[-78.96229012,-2.90180798],[-78.96220714,-2.90179852],[-78.96214388,-2.90177065],[-78.96211098,-2.90176661],[-78.96208068,-2.9017652],[-78.96203725,-2.90175979],[-78.96200819,-2.90176643],[-78.96199235,-2.90177833],[-78.96197521,-2.90180741],[-78.96193425,-2.90188283],[-78.96191306,-2.90191462],[-78.96186159,-2.90198071],[-78.96182329,-2.90202838],[-78.96181139,-2.90204554],[-78.96182715,-2.90208137],[-78.96184157,-2.9021172],[-78.96184548,-2.9021437],[-78.96183489,-2.9021821],[-78.96181897,-2.90223108],[-78.96177138,-2.90229193],[-78.96175165,-2.90231576],[-78.96171597,-2.90235277],[-78.96168438,-2.90236853],[-78.9616501,-2.9023804],[-78.96160529,-2.90239488],[-78.96158549,-2.90240018],[-78.96154589,-2.90242126],[-78.96152483,-2.90243054],[-78.96149976,-2.90242254],[-78.96146551,-2.90241587],[-78.96143655,-2.90241446],[-78.96141677,-2.90241579],[-78.96139965,-2.90243429],[-78.96139565,-2.90245942],[-78.96139698,-2.90247135],[-78.96137726,-2.90243289],[-78.96136542,-2.90241831],[-78.96133911,-2.90239575],[-78.96128909,-2.90235588],[-78.96124833,-2.90231874],[-78.96121672,-2.90229752],[-78.96116937,-2.90227221],[-78.96115616,-2.90226821],[-78.96113911,-2.90224702],[-78.96111407,-2.90222049],[-78.96102992,-2.90216202],[-78.96085348,-2.90206767],[-78.96069688,-2.90199054],[-78.96063362,-2.90196032],[-78.96059284,-2.90193637],[-78.96057445,-2.90190985],[-78.96053768,-2.90185816],[-78.96049953,-2.90181695],[-78.96047052,-2.9017971],[-78.96043372,-2.90176258],[-78.96043252,-2.90172813],[-78.96041272,-2.90173605],[-78.96037574,-2.90175054],[-78.96035208,-2.9017571],[-78.96032968,-2.90175706],[-78.960302,-2.90175168],[-78.96027567,-2.90174241],[-78.96017434,-2.90168255],[-78.96013355,-2.90165996],[-78.96011639,-2.90165198],[-78.96009143,-2.90163077],[-78.96007301,-2.90162278],[-78.96003345,-2.90162009],[-78.95998738,-2.90163456],[-78.95980679,-2.90164879],[-78.95981068,-2.90168325],[-78.95980668,-2.90170711],[-78.95980267,-2.90173757],[-78.95979865,-2.90177599],[-78.95979996,-2.9017985],[-78.95980782,-2.90182899],[-78.95981821,-2.90190052],[-78.95982081,-2.90195622],[-78.95982472,-2.90197738],[-78.95982338,-2.90202774],[-78.95981803,-2.90205025],[-78.95981143,-2.9020675],[-78.95979684,-2.90208203],[-78.95978108,-2.90209656],[-78.95975198,-2.90212435],[-78.95972298,-2.90214817],[-78.95970192,-2.90215871],[-78.95966629,-2.90217058],[-78.95961883,-2.90216118],[-78.95960176,-2.9021532],[-78.95958853,-2.90215588],[-78.95958466,-2.90216248],[-78.95957274,-2.90218895],[-78.95955814,-2.90220348],[-78.9595305,-2.90222332],[-78.95951996,-2.90223523],[-78.95948287,-2.9023093],[-78.95946834,-2.90233577],[-78.95944058,-2.90237016],[-78.95944053,-2.90240199],[-78.95944444,-2.90242713],[-78.95944575,-2.90244965],[-78.9594326,-2.90245758],[-78.95941936,-2.90247347],[-78.95942856,-2.90250395],[-78.95943642,-2.90253579],[-78.95944169,-2.90255696],[-78.95944033,-2.90256491],[-78.95942323,-2.9025675],[-78.95941929,-2.90256352],[-78.95942057,-2.90255159],[-78.95940744,-2.90254894],[-78.95939024,-2.90256347],[-78.959385,-2.90257675],[-78.95939414,-2.90259665],[-78.95939941,-2.9026152],[-78.9593928,-2.9026377],[-78.95939135,-2.90269466],[-78.95939133,-2.90270786],[-78.95938995,-2.90272775],[-78.95937939,-2.90274626],[-78.95937539,-2.90277012],[-78.95937535,-2.90279399],[-78.95937532,-2.90281253],[-78.95938849,-2.90283904],[-78.95940292,-2.90286294],[-78.95940027,-2.90288544],[-78.95938439,-2.90291851],[-78.95943686,-2.90299147],[-78.95947893,-2.90305113],[-78.95953678,-2.90313342],[-78.95956829,-2.90316521],[-78.9596078,-2.90319711],[-78.95964598,-2.90321969],[-78.95969729,-2.90323832],[-78.95977234,-2.90325699],[-78.95979877,-2.90326102],[-78.95983427,-2.90327699],[-78.95986984,-2.90329433],[-78.95990927,-2.90332351],[-78.95993558,-2.90334345],[-78.95996064,-2.90336067],[-78.95998822,-2.90337664],[-78.960058,-2.9034245],[-78.96008297,-2.90344435],[-78.96010532,-2.90346563],[-78.96013159,-2.90350673],[-78.96015392,-2.90354257],[-78.96016699,-2.90357704],[-78.96016571,-2.90359024],[-78.96016819,-2.90365652],[-78.96023915,-2.90365203],[-78.96029859,-2.90365585],[-78.96033284,-2.90365844],[-78.96035406,-2.90365984],[-78.96035721,-2.90366011],[-78.96037402,-2.90366331],[-78.96038228,-2.90366721],[-78.96039053,-2.90368187],[-78.96039966,-2.90370449],[-78.96039331,-2.90373766],[-78.96036848,-2.90379603],[-78.96036368,-2.90381509],[-78.96035221,-2.9038403],[-78.96033723,-2.90387083],[-78.96032865,-2.90389125],[-78.96031944,-2.90391166],[-78.96030988,-2.90392602],[-78.96030573,-2.9039346],[-78.96029879,-2.90394192],[-78.96028824,-2.90395853],[-78.96027805,-2.90397696],[-78.96027426,-2.90398491],[-78.96026884,-2.90399448],[-78.96026216,-2.90401111],[-78.96025168,-2.90403685],[-78.96024717,-2.90404706],[-78.96023919,-2.90408186],[-78.96022674,-2.90410796],[-78.96021717,-2.90412838],[-78.96020002,-2.9041628],[-78.96019334,-2.90417806],[-78.96018404,-2.90419785],[-78.96017736,-2.90421248],[-78.96017068,-2.90422694],[-78.96015255,-2.9042543],[-78.96013984,-2.90427371],[-78.96012749,-2.90429123],[-78.96009497,-2.90432182],[-78.96006677,-2.90435143],[-78.96004452,-2.90437589],[-78.96002983,-2.90439313],[-78.96002226,-2.90440234],[-78.95999487,-2.90442905],[-78.95997586,-2.90444945],[-78.95995515,-2.90446921],[-78.9599374,-2.90448699],[-78.95992029,-2.90450161],[-78.9599002,-2.90452237],[-78.95989227,-2.90452805],[-78.95987192,-2.90454365],[-78.959864,-2.90454969],[-78.95984753,-2.90455798],[-78.95983222,-2.90456591],[-78.95979767,-2.90457896],[-78.95977193,-2.9045913],[-78.95975356,-2.90460465],[-78.95971962,-2.90462719],[-78.95967065,-2.90465585],[-78.95966272,-2.9046628],[-78.95965606,-2.90466884],[-78.95964336,-2.90467678],[-78.95962652,-2.90469139],[-78.9596068,-2.90470799],[-78.9595868,-2.9047255],[-78.95957473,-2.9047366],[-78.95956834,-2.90474364],[-78.95955347,-2.90475798],[-78.95955059,-2.90476214],[-78.95954103,-2.90477577],[-78.95953463,-2.90478408],[-78.95952768,-2.90479871],[-78.95951658,-2.90482166],[-78.95950988,-2.90484877],[-78.95950198,-2.90488899],[-78.95962851,-2.9048875],[-78.95962982,-2.90490866],[-78.95963499,-2.90493254],[-78.95967446,-2.90498821],[-78.95974156,-2.90502947],[-78.95989564,-2.90510787],[-78.95993642,-2.90513046],[-78.95995878,-2.90514777],[-78.96005872,-2.90523004],[-78.96007192,-2.90524064],[-78.96008772,-2.90525921],[-78.9601311,-2.90528722],[-78.96016929,-2.9053032],[-78.96022725,-2.9053232],[-78.96026932,-2.9053325],[-78.96029962,-2.90533518],[-78.9603168,-2.90533258],[-78.96036556,-2.90531947],[-78.96040516,-2.9053049],[-78.96043673,-2.90530233],[-78.96048025,-2.90530241],[-78.96051054,-2.90531178],[-78.96056974,-2.90534236],[-78.96061322,-2.90536757],[-78.96065796,-2.90539152],[-78.96068688,-2.90540875],[-78.96072247,-2.90542337],[-78.96077522,-2.90544209],[-78.96081999,-2.90545139],[-78.96084633,-2.9054528],[-78.96088195,-2.90545024],[-78.96092675,-2.90543965],[-78.960961,-2.90544243],[-78.96098465,-2.90544247],[-78.96100971,-2.90545969],[-78.9610255,-2.90548097],[-78.96105578,-2.90549558],[-78.96108332,-2.90553406],[-78.96112671,-2.90560701],[-78.96113188,-2.90563351],[-78.9611358,-2.90565205],[-78.9611424,-2.9056838],[-78.96114497,-2.90570505],[-78.96113438,-2.90574481],[-78.9611343,-2.90578712],[-78.96113417,-2.90580964],[-78.96114204,-2.90583343],[-78.96116038,-2.90588382],[-78.9611827,-2.90592627],[-78.96120116,-2.9059621],[-78.96120507,-2.9059886],[-78.96119832,-2.90603886],[-78.96117979,-2.90609316],[-78.96116131,-2.90612233],[-78.961152,-2.90614745],[-78.96116502,-2.90625742],[-78.96118069,-2.90634623],[-78.96118975,-2.90640583],[-78.96119761,-2.90643631],[-78.9612107,-2.90650921],[-78.96120659,-2.90659663],[-78.96121043,-2.90666155],[-78.96121819,-2.90669746],[-78.96123395,-2.90673456],[-78.96125627,-2.90677429],[-78.96127601,-2.90679684],[-78.96130762,-2.90681814],[-78.9613273,-2.90682876],[-78.96135758,-2.90684472],[-78.96141688,-2.90687132],[-78.96146424,-2.90688596],[-78.96149587,-2.90689796],[-78.96151428,-2.90691128],[-78.96155774,-2.90694843],[-78.9615827,-2.90696836],[-78.96161163,-2.90698297],[-78.96163399,-2.90700553],[-78.96164187,-2.90702145],[-78.9616392,-2.9070559],[-78.96163911,-2.90710888],[-78.96164818,-2.9071645],[-78.96165999,-2.90719897],[-78.96168106,-2.90723083],[-78.9616929,-2.90724676],[-78.96173109,-2.90726663],[-78.96175077,-2.90727065],[-78.96177439,-2.90728669],[-78.96179154,-2.90729993],[-78.96181253,-2.90733043],[-78.96183617,-2.90738617],[-78.96185721,-2.90743648],[-78.96187026,-2.9074855],[-78.96187417,-2.907512],[-78.961886,-2.90753327],[-78.96191762,-2.90755051],[-78.96196894,-2.90756389],[-78.96199922,-2.9075785],[-78.96204923,-2.90762235],[-78.96206368,-2.9076382],[-78.96207153,-2.90767537],[-78.96206491,-2.90770312],[-78.96204766,-2.9077482],[-78.96204229,-2.90777993],[-78.96203436,-2.90784221],[-78.96204207,-2.9079018],[-78.96206707,-2.90795619],[-78.96207752,-2.90799201],[-78.96208011,-2.90800395],[-78.96209985,-2.90802776],[-78.96212355,-2.90805303],[-78.96214586,-2.90809674],[-78.96214974,-2.90813653],[-78.96216022,-2.90816168],[-78.96216931,-2.90820808],[-78.9621785,-2.90824517],[-78.96219159,-2.90826906],[-78.96221528,-2.90829831],[-78.96224157,-2.90832882],[-78.96227183,-2.90835537],[-78.96233509,-2.90838198],[-78.96236798,-2.90839397],[-78.96238109,-2.90840457],[-78.96241144,-2.90842714],[-78.96245615,-2.90847098],[-78.96248637,-2.90851868],[-78.96249813,-2.90857566],[-78.96251115,-2.90863798],[-78.96251241,-2.90868563],[-78.96246087,-2.90879684],[-78.96243698,-2.90888024],[-78.96242901,-2.90891341],[-78.96242897,-2.90893457],[-78.96244872,-2.90895449],[-78.96247502,-2.90897705],[-78.96252497,-2.90900499],[-78.96256189,-2.90902757],[-78.96259214,-2.90905936],[-78.96259863,-2.90910051],[-78.96259599,-2.90911642],[-78.96257081,-2.90916936],[-78.96256678,-2.90921175],[-78.96256672,-2.90924349],[-78.96257457,-2.90927795],[-78.96258766,-2.90930048],[-78.96261269,-2.90933371],[-78.9626574,-2.90937086],[-78.96272054,-2.90941736],[-78.9627482,-2.90943856],[-78.96276525,-2.90945586],[-78.96277312,-2.90948237],[-78.96276515,-2.90951011],[-78.96277564,-2.90953002],[-78.96278749,-2.90954062],[-78.96281911,-2.90955795],[-78.96282439,-2.90957649],[-78.96281903,-2.90960162],[-78.96279517,-2.9096692],[-78.96279774,-2.90969172],[-78.96281884,-2.90971291],[-78.96285173,-2.90972093],[-78.9629216,-2.90972504],[-78.96295188,-2.90973693],[-78.9629677,-2.90974356],[-78.96298746,-2.90975689],[-78.96300846,-2.90977808],[-78.96302558,-2.90980994],[-78.96305045,-2.9098815],[-78.96307147,-2.90994383],[-78.96310167,-2.91000347],[-78.96313448,-2.91005923],[-78.96314624,-2.91011883],[-78.96316326,-2.91015728],[-78.9631922,-2.91021828],[-78.96319609,-2.91025137],[-78.9632092,-2.91026198],[-78.96325135,-2.9102767],[-78.96331592,-2.91027808],[-78.96337519,-2.91027159],[-78.96340154,-2.91027164],[-78.96345158,-2.91029551],[-78.96346736,-2.91032203],[-78.96348178,-2.91035252],[-78.96349886,-2.91040951],[-78.96350521,-2.91052616],[-78.96351563,-2.91058314],[-78.9635616,-2.910672],[-78.96358267,-2.91070776],[-78.96360369,-2.91072371],[-78.96362864,-2.91074762],[-78.96366162,-2.91076359],[-78.96369317,-2.91077025],[-78.96372482,-2.91077293],[-78.96374325,-2.91077432],[-78.96378538,-2.91079826],[-78.96380637,-2.91082877],[-78.9638274,-2.91088577],[-78.96384052,-2.9109414],[-78.96386805,-2.91098249],[-78.96390883,-2.91101177],[-78.96395496,-2.91101186],[-78.96398265,-2.91101453],[-78.9640024,-2.91103174],[-78.96402474,-2.91106099],[-78.96409835,-2.91113399],[-78.96411548,-2.91116051],[-78.96421141,-2.91127199],[-78.96424165,-2.91130513],[-78.96434431,-2.91137286],[-78.96438909,-2.91137429],[-78.96444575,-2.91137187],[-78.96449711,-2.91136798],[-78.96454851,-2.91138525],[-78.96458929,-2.91141182],[-78.96462742,-2.9114636],[-78.96463128,-2.91151397],[-78.96464706,-2.91154049],[-78.96467992,-2.91156966],[-78.96470887,-2.91157505],[-78.9647497,-2.91156979],[-78.96478664,-2.91158043],[-78.96481558,-2.91159242],[-78.96483533,-2.91160837],[-78.96486951,-2.91165743],[-78.96488254,-2.9117118],[-78.96488777,-2.91175547],[-78.96491538,-2.91180453],[-78.96495611,-2.91185632],[-78.96499946,-2.91190142],[-78.96501661,-2.91191474],[-78.9650824,-2.91193602],[-78.96511141,-2.91195596],[-78.96515351,-2.91199573],[-78.96522847,-2.91206747],[-78.96527454,-2.91210327],[-78.96533636,-2.91212861],[-78.96538902,-2.9121485],[-78.96542998,-2.91217778],[-78.96546548,-2.9121858],[-78.96556826,-2.91218861],[-78.96560127,-2.91218867],[-78.96562094,-2.91219802],[-78.96564329,-2.91222455],[-78.96565908,-2.91224447],[-78.96568407,-2.91229614],[-78.96569318,-2.91233458],[-78.96569432,-2.91244724],[-78.96571271,-2.91247639],[-78.96573899,-2.9125135],[-78.96581004,-2.91256001],[-78.96587195,-2.91258264],[-78.9659207,-2.91257875],[-78.96594841,-2.91257355],[-78.96602219,-2.91254846],[-78.96604855,-2.91254191],[-78.96607364,-2.9125406],[-78.96609207,-2.91254597],[-78.96617357,-2.91262957],[-78.96620524,-2.91262302],[-78.96622899,-2.9126124],[-78.96626591,-2.91258733],[-78.96629093,-2.91257417],[-78.96631864,-2.91256627],[-78.9664149,-2.9125452],[-78.96647681,-2.9125228],[-78.96652037,-2.91250434],[-78.96659018,-2.9124872],[-78.96663238,-2.91247407],[-78.96666007,-2.91247675],[-78.96669953,-2.91248613],[-78.96674562,-2.91250737],[-78.96678255,-2.91252597],[-78.96683125,-2.91254993],[-78.96691678,-2.91258987],[-78.96695238,-2.91260051],[-78.96698395,-2.91259659],[-78.96700511,-2.91258207],[-78.96701566,-2.91256482],[-78.96701965,-2.91254765],[-78.96702249,-2.91241782],[-78.96702908,-2.91240056],[-78.96704629,-2.91238477],[-78.96706609,-2.91237287],[-78.9670964,-2.91237293],[-78.96711743,-2.91237821],[-78.96713855,-2.9123862],[-78.96715958,-2.91239158],[-78.96718726,-2.91240221],[-78.9672109,-2.91240885],[-78.96723596,-2.91242218],[-78.96725831,-2.91244338],[-78.96728202,-2.91246069],[-78.96730171,-2.91246597],[-78.9673215,-2.91246339],[-78.96734662,-2.91244625],[-78.96738752,-2.91240257],[-78.96740602,-2.91236815],[-78.96743377,-2.91233774],[-78.96747203,-2.91231267],[-78.96754333,-2.91221741],[-78.96757234,-2.91219097],[-78.96760925,-2.91216853],[-78.9676304,-2.91215663],[-78.96766198,-2.91215],[-78.9677002,-2.91214618],[-78.96776872,-2.91214757],[-78.96785183,-2.91213714],[-78.96788476,-2.9121306],[-78.9679678,-2.91210553],[-78.96803633,-2.91210439],[-78.96805736,-2.9121084],[-78.96811793,-2.91212967],[-78.96817591,-2.91214569],[-78.96821546,-2.91215236],[-78.96825629,-2.91214981],[-78.96832487,-2.91211946],[-78.96840792,-2.9120905],[-78.96854703,-2.91209301],[-78.96854764,-2.91205359],[-78.96855691,-2.91200063],[-78.96857158,-2.91194243],[-78.96862619,-2.91183069],[-78.96878888,-2.91172267],[-78.96886088,-2.91168708],[-78.96890662,-2.91165814],[-78.96895748,-2.91162415],[-78.96900665,-2.91158762],[-78.96904726,-2.91155451],[-78.96908545,-2.9115214],[-78.96911179,-2.91147724],[-78.96912028,-2.91145682],[-78.96912709,-2.91142112],[-78.96913139,-2.91137945],[-78.96913397,-2.91134193],[-78.96913243,-2.91130196],[-78.96912911,-2.91124834],[-78.96912155,-2.91120059],[-78.96911952,-2.9111788],[-78.9691326,-2.91120405],[-78.96913681,-2.91121427],[-78.96914692,-2.91124322],[-78.96915705,-2.91126286],[-78.96916629,-2.91127391],[-78.96919076,-2.91131482],[-78.9692026,-2.91133274],[-78.96921444,-2.91135057],[-78.96924989,-2.91139069],[-78.96927187,-2.91141704],[-78.96928454,-2.91142647],[-78.96928957,-2.91142991],[-78.96930984,-2.91145798],[-78.96934108,-2.91148959],[-78.96939009,-2.9115357],[-78.96942897,-2.91157067],[-78.96945267,-2.91159367],[-78.96948643,-2.91162348],[-78.96951515,-2.91165337],[-78.96961827,-2.91176675],[-78.96964701,-2.91178886],[-78.96966892,-2.91180599],[-78.96971059,-2.91183645],[-78.96969779,-2.91185279],[-78.96969266,-2.91185739],[-78.96967933,-2.91186713],[-78.96966808,-2.91187489],[-78.96965836,-2.91187894],[-78.96965116,-2.911881],[-78.96963434,-2.91188459],[-78.96963322,-2.91190357],[-78.96963222,-2.9119118],[-78.9696312,-2.91193024],[-78.96963119,-2.91193232],[-78.96963476,-2.91195086],[-78.96963673,-2.91195548],[-78.96964488,-2.91197195],[-78.96964721,-2.91197638],[-78.96964927,-2.91198],[-78.96965537,-2.91199023],[-78.96966049,-2.91199594],[-78.96966865,-2.91200933],[-78.9696753,-2.91200934],[-78.96969111,-2.91201805],[-78.96969623,-2.9120196],[-78.96971106,-2.9120274],[-78.96971663,-2.91202994],[-78.96973046,-2.91203819],[-78.96973504,-2.91204128],[-78.96975032,-2.91204854],[-78.96975544,-2.91205108],[-78.9697708,-2.91205834],[-78.96977692,-2.91205989],[-78.9697912,-2.9120666],[-78.96979731,-2.91206869],[-78.96981322,-2.91207587],[-78.96984026,-2.91208821],[-78.96985527,-2.91209547],[-78.96986039,-2.91209602],[-78.96987684,-2.91210012],[-78.96988619,-2.91210222],[-78.96990363,-2.91210487],[-78.96992431,-2.91210645],[-78.96994184,-2.91210756],[-78.96995731,-2.91210913],[-78.96996962,-2.91211069],[-78.96999696,-2.91211281],[-78.97001296,-2.91211384],[-78.97001602,-2.91211439],[-78.97003463,-2.91211596],[-78.97003661,-2.91211759],[-78.97005621,-2.91211862],[-78.97006394,-2.91211972],[-78.97007833,-2.91212029],[-78.970083,-2.91212075],[-78.970099,-2.91212647],[-78.97010358,-2.91212856],[-78.97011805,-2.9121369],[-78.97012676,-2.91214108],[-78.97014123,-2.91214788],[-78.97014536,-2.91214943],[-78.97016334,-2.91215407],[-78.970169,-2.91215571],[-78.97018239,-2.91215935],[-78.97019174,-2.91215982],[-78.97020559,-2.91216247],[-78.9702108,-2.91216356],[-78.97022878,-2.91216459],[-78.97023193,-2.91216514],[-78.97024946,-2.91216725],[-78.97025512,-2.91216934],[-78.97027211,-2.91217506],[-78.97027526,-2.91217552],[-78.97029377,-2.91218288],[-78.97029845,-2.91217918],[-78.97031183,-2.91219015],[-78.97031641,-2.91219323],[-78.97032403,-2.91220933],[-78.97032608,-2.91221458],[-78.97032866,-2.91223168],[-78.97032865,-2.91223683],[-78.9703333,-2.91225447],[-78.97033527,-2.91225709],[-78.97034351,-2.91227365],[-78.97034711,-2.91227673],[-78.97035841,-2.91229339],[-78.97036101,-2.91229602],[-78.97037025,-2.9123105],[-78.97037285,-2.91231358],[-78.97038416,-2.91232662],[-78.97038882,-2.91233079],[-78.97040013,-2.91234428],[-78.97040372,-2.91234736],[-78.97041503,-2.91235986],[-78.97041916,-2.91236294],[-78.97043253,-2.91237752],[-78.97044546,-2.91238993],[-78.97045211,-2.91239564],[-78.97046503,-2.91240967],[-78.970467,-2.91241176],[-78.97047885,-2.9124257],[-78.97048451,-2.91242833],[-78.97049744,-2.91243876],[-78.97049996,-2.91244084],[-78.97051648,-2.9124538],[-78.97053605,-2.91246938],[-78.97054943,-2.91248189],[-78.97055509,-2.91248497],[-78.97056847,-2.91249639],[-78.9705752,-2.91250209],[-78.97058337,-2.91250934],[-78.97058858,-2.91251514],[-78.97060295,-2.9125224],[-78.97060808,-2.91252494],[-78.97062254,-2.91253274],[-78.97063134,-2.91253845],[-78.97064265,-2.91254833],[-78.9706545,-2.9125639],[-78.9706571,-2.91256806],[-78.97066534,-2.91258571],[-78.97066632,-2.91259294],[-78.97066782,-2.9126085],[-78.97066835,-2.91261266],[-78.97066931,-2.9126293],[-78.97067298,-2.912635],[-78.97068069,-2.91265002],[-78.97068428,-2.91265672],[-78.9706945,-2.91266976],[-78.97071203,-2.91267494],[-78.97071671,-2.91267594],[-78.97073423,-2.91268122],[-78.97073837,-2.91268222],[-78.97075427,-2.91268749],[-78.97076155,-2.91268959],[-78.97077593,-2.91269368],[-78.97078007,-2.91269577],[-78.97079858,-2.91270313],[-78.97080118,-2.91270467],[-78.97081772,-2.91271247],[-78.97081978,-2.91271664],[-78.97083469,-2.91272751],[-78.97083882,-2.91272851],[-78.97085319,-2.9127374],[-78.97085993,-2.91274003],[-78.97087844,-2.91274938],[-78.97089344,-2.91275773],[-78.97089856,-2.91275981],[-78.97091401,-2.91277069],[-78.97091868,-2.91277332],[-78.97093153,-2.91278112],[-78.9709398,-2.91278213],[-78.9709485,-2.9127977],[-78.9709599,-2.91280866],[-78.97096708,-2.9128159],[-78.97098351,-2.91282678],[-78.97098764,-2.91283041],[-78.97100364,-2.91283821],[-78.97100822,-2.91284193],[-78.97102529,-2.91285073],[-78.9710402,-2.91286115],[-78.97104325,-2.91286369],[-78.97105564,-2.91287465],[-78.97106237,-2.91288244],[-78.97107368,-2.91289485],[-78.97107727,-2.91289847],[-78.97108651,-2.91290888],[-78.97109118,-2.91291513],[-78.97110249,-2.91292709],[-78.97110608,-2.91293017],[-78.97111685,-2.91294366],[-78.97111891,-2.91294728],[-78.97112814,-2.91296285],[-78.97113119,-2.91296647],[-78.97113998,-2.91298158],[-78.97114456,-2.91298466],[-78.97114965,-2.9130033],[-78.97115278,-2.91301108],[-78.97115582,-2.91302302],[-78.97115896,-2.91303035],[-78.97116306,-2.91304591],[-78.97116252,-2.91304998],[-78.97115888,-2.91306968],[-78.97115834,-2.91307329],[-78.9711583,-2.91309246],[-78.97115776,-2.91309563],[-78.97116807,-2.91311273],[-78.97118504,-2.9131247],[-78.97119071,-2.91312679],[-78.97120355,-2.91313558],[-78.97120822,-2.91313767],[-78.97122421,-2.91314701],[-78.97122879,-2.91314964],[-78.97124218,-2.91315789],[-78.97124891,-2.91316261],[-78.97126122,-2.9131704],[-78.97126643,-2.91317195],[-78.97128288,-2.91317976],[-78.97128602,-2.91318184],[-78.97130399,-2.91319019],[-78.97130758,-2.91319173],[-78.97132151,-2.91319899],[-78.97132924,-2.91320217],[-78.97134217,-2.91320889],[-78.97134882,-2.91321514],[-78.97136166,-2.91322393],[-78.97136373,-2.91322601],[-78.97137971,-2.9132359],[-78.97138232,-2.91324006],[-78.97139776,-2.91325148],[-78.97140027,-2.91325619],[-78.97140906,-2.91326814],[-78.97141211,-2.91327384],[-78.97142189,-2.91328678],[-78.97142395,-2.91329248],[-78.97142706,-2.91330904],[-78.97142858,-2.91331582],[-78.97142648,-2.91333399],[-78.97142177,-2.91335568],[-78.97141921,-2.91337647],[-78.971418,-2.91340142],[-78.97141799,-2.91340504],[-78.9714185,-2.91342158],[-78.97142209,-2.91342476],[-78.97143447,-2.91343979],[-78.97143807,-2.91344088],[-78.97145866,-2.91344399],[-78.97146126,-2.91344454],[-78.97147671,-2.91345487],[-78.9714901,-2.91346222],[-78.97150097,-2.91346893],[-78.97151489,-2.91347881],[-78.97151848,-2.9134809],[-78.97153339,-2.91349277],[-78.97153851,-2.9134954],[-78.97155036,-2.91350582],[-78.97155755,-2.91351098],[-78.97156994,-2.91352086],[-78.97157461,-2.91352349],[-78.97158592,-2.91353337],[-78.97159158,-2.91353745],[-78.97160442,-2.91354633],[-78.97160909,-2.91355104],[-78.97161833,-2.91356399],[-78.97162345,-2.91356861],[-78.97163377,-2.9135821],[-78.97163583,-2.91358581],[-78.9716456,-2.91359975],[-78.97165072,-2.91360545],[-78.97165995,-2.91362156],[-78.97166309,-2.91362573],[-78.97167026,-2.91363976],[-78.97167233,-2.9136413],[-78.97168875,-2.91365841],[-78.97171191,-2.91368332],[-78.97172474,-2.9136979],[-78.97173713,-2.91371139],[-78.9717479,-2.9137228],[-78.97175517,-2.91373114],[-78.97176747,-2.91374409],[-78.97177931,-2.91375857],[-78.97179169,-2.91377523],[-78.97180559,-2.91379388],[-78.97181788,-2.9138147],[-78.9718307,-2.91383389],[-78.97184926,-2.91386349],[-78.97185491,-2.91387326],[-78.9718811,-2.9139112],[-78.97190891,-2.91395112],[-78.97191815,-2.91396361],[-78.97192902,-2.91396725],[-78.97197375,-2.91399843],[-78.97199288,-2.91401302],[-78.97200877,-2.91402652],[-78.97200984,-2.91403177],[-78.9720345,-2.91407223],[-78.97205145,-2.91409812],[-78.9720623,-2.91411323],[-78.97207154,-2.91412618],[-78.97208078,-2.91414121],[-78.9720936,-2.91415985],[-78.9720998,-2.91416294],[-78.9721147,-2.91417906],[-78.97212655,-2.91419156],[-78.97213068,-2.9141941],[-78.97215482,-2.91421955],[-78.97215949,-2.91422317],[-78.97216363,-2.91422526],[-78.97218366,-2.91423678],[-78.97220586,-2.91424613],[-78.97222904,-2.91425648],[-78.97224549,-2.91425859],[-78.9722739,-2.9142618],[-78.9722909,-2.91426229],[-78.97231355,-2.9142654],[-78.97234242,-2.91426238],[-78.97235942,-2.91426142],[-78.97238317,-2.91425468],[-78.97239712,-2.91424901],[-78.9724234,-2.91423974],[-78.97243995,-2.91423769],[-78.97244975,-2.91423771],[-78.97247034,-2.91423829],[-78.97248842,-2.91423878],[-78.97250488,-2.91423573],[-78.97255082,-2.91423889],[-78.97256422,-2.91423891],[-78.97259614,-2.91424213],[-78.97262501,-2.91424164],[-78.97264101,-2.91424484],[-78.97266476,-2.91424072],[-78.97269102,-2.91423815],[-78.97272403,-2.91423459],[-78.9727529,-2.91422949],[-78.97275704,-2.91422995],[-78.97277763,-2.91422953],[-78.97278231,-2.914229],[-78.97280552,-2.91422542],[-78.97282152,-2.91422545],[-78.97282773,-2.91422546],[-78.97284365,-2.91422549],[-78.97285192,-2.91422605],[-78.97286847,-2.914224],[-78.97288853,-2.91422241],[-78.9729102,-2.91422037],[-78.97292055,-2.91421777],[-78.97293242,-2.91421417],[-78.97296129,-2.91421477],[-78.97298907,-2.91421581],[-78.97302316,-2.91421379],[-78.97304529,-2.9142113],[-78.97308037,-2.91420458],[-78.97311547,-2.91418756],[-78.97312996,-2.91418135],[-78.97315721,-2.91417877],[-78.97317781,-2.91417628],[-78.97320264,-2.91417063],[-78.97322117,-2.91416913],[-78.97324437,-2.91416709],[-78.97326911,-2.91416343],[-78.97330058,-2.91416195],[-78.97332477,-2.91416253],[-78.97334393,-2.91416311],[-78.97337118,-2.91416207],[-78.97338053,-2.91416164],[-78.97341757,-2.91416632],[-78.97343977,-2.91417106],[-78.97346449,-2.91417571],[-78.97348463,-2.91418099],[-78.97350629,-2.91418881],[-78.97352633,-2.914194],[-78.97352947,-2.9141987],[-78.97354599,-2.91421067],[-78.97354806,-2.91421067],[-78.97358616,-2.91422629],[-78.97358922,-2.91422784],[-78.97360989,-2.91423411],[-78.97365164,-2.91421963],[-78.97367072,-2.91421243],[-78.97368729,-2.91419637],[-78.97370279,-2.91418238],[-78.97372548,-2.9141638],[-78.97373989,-2.91415397],[-78.97375951,-2.91414053],[-78.97377707,-2.91413179],[-78.97380081,-2.91413129],[-78.97381933,-2.91413232],[-78.97383531,-2.91414483],[-78.97383737,-2.91415053],[-78.97384975,-2.91416872],[-78.97385538,-2.91418682],[-78.97385744,-2.91419152],[-78.97386821,-2.91420655],[-78.9738682,-2.91421071],[-78.97388365,-2.91422059],[-78.97389237,-2.91422214],[-78.97390684,-2.91422579],[-78.97393309,-2.914229],[-78.97395269,-2.91423365],[-78.97397175,-2.91423522],[-78.97397696,-2.91423631],[-78.97399495,-2.91423689],[-78.97400268,-2.91423789],[-78.97402381,-2.91424001],[-78.97404089,-2.91424212],[-78.97406823,-2.91424271],[-78.97409241,-2.91424484],[-78.97411202,-2.91424587],[-78.97412846,-2.9142506],[-78.97415219,-2.9142558],[-78.97417125,-2.91426153],[-78.974178,-2.91425892],[-78.97419446,-2.91425379],[-78.97420067,-2.91425489],[-78.97421669,-2.91424551],[-78.97423325,-2.91423632],[-78.97424406,-2.91422649],[-78.97425388,-2.91421611],[-78.97426766,-2.91420456],[-78.97428576,-2.91419058],[-78.97430485,-2.91417768],[-78.97432034,-2.91416578],[-78.97434202,-2.91415958],[-78.9743601,-2.91415861],[-78.9743637,-2.91415808],[-78.97438069,-2.91415711],[-78.97438789,-2.91415758],[-78.97440389,-2.91415815],[-78.97441477,-2.91415871],[-78.97443024,-2.91416028],[-78.97446989,-2.91415981],[-78.97449615,-2.9141594],[-78.9745225,-2.91415999],[-78.97454876,-2.91415742],[-78.97456162,-2.91415744],[-78.97460909,-2.91416377],[-78.97464622,-2.91417116],[-78.97466734,-2.91417843],[-78.97469053,-2.9141857],[-78.97469313,-2.91418679],[-78.97471119,-2.91419614],[-78.97473177,-2.91420449],[-78.97475136,-2.91421276],[-78.97475908,-2.91421901],[-78.97477247,-2.91422419],[-78.97477454,-2.91422518],[-78.97479259,-2.91423661],[-78.97480957,-2.91424649],[-78.97481262,-2.9142512],[-78.97482555,-2.91426415],[-78.97484098,-2.91428082],[-78.97484251,-2.91428344],[-78.9748549,-2.91429531],[-78.97485903,-2.91429902],[-78.9748734,-2.91430836],[-78.97487906,-2.91431253],[-78.97489243,-2.91432341],[-78.97489558,-2.91432495],[-78.97491103,-2.91433275],[-78.97491516,-2.91433647],[-78.97493061,-2.9143468],[-78.97493627,-2.91434835],[-78.97494966,-2.91435723],[-78.97495271,-2.91435823],[-78.97496925,-2.9143645],[-78.97497491,-2.91436713],[-78.97498775,-2.91437493],[-78.97499395,-2.91437856],[-78.97500887,-2.91438537],[-78.97501615,-2.91438791],[-78.97503052,-2.91439472],[-78.97503465,-2.9143978],[-78.97505163,-2.91440823],[-78.97507023,-2.91441812],[-78.9750749,-2.9144212],[-78.97508883,-2.91442846],[-78.97511147,-2.91443998],[-78.97512898,-2.9144524],[-78.97513311,-2.91445449],[-78.97514802,-2.91446437],[-78.97516455,-2.9144748],[-78.97517327,-2.91447789],[-78.97518458,-2.9144883],[-78.97518826,-2.91449193],[-78.9752073,-2.91450444],[-78.97521243,-2.91450599],[-78.97522482,-2.9145127],[-78.97522688,-2.91451632],[-78.97524386,-2.91452991],[-78.97525669,-2.91454341],[-78.97526235,-2.91454911],[-78.97527366,-2.91455844],[-78.97527779,-2.91456306],[-78.97529018,-2.91457403],[-78.97529323,-2.91457864],[-78.97530409,-2.91459114],[-78.9753066,-2.91459476],[-78.97531691,-2.91461033],[-78.97532159,-2.91461088],[-78.97533595,-2.91462284],[-78.97534008,-2.914628],[-78.97534986,-2.91463941],[-78.97535399,-2.91464412],[-78.97536737,-2.91465499],[-78.9753715,-2.91465871],[-78.97538389,-2.9146722],[-78.97539411,-2.91468777],[-78.9753977,-2.9146914],[-78.97540802,-2.91470642],[-78.9754116,-2.91471267],[-78.97542291,-2.9147277],[-78.97542497,-2.91472978],[-78.97544042,-2.91474075],[-78.97544563,-2.91474492],[-78.97546054,-2.91475426],[-78.97548066,-2.91476776],[-78.97550024,-2.91477919],[-78.97551722,-2.91479016],[-78.97554139,-2.9147969],[-78.97557231,-2.91480581],[-78.97558265,-2.91480891],[-78.97559965,-2.91480686],[-78.97562753,-2.91480329],[-78.97564148,-2.91480024],[-78.9756709,-2.9147889],[-78.97568638,-2.91478477],[-78.97569978,-2.91478018],[-78.9757194,-2.91477606],[-78.97573073,-2.914775],[-78.97574773,-2.91477458],[-78.97576373,-2.91477352],[-78.97576787,-2.91477353],[-78.97578585,-2.91477718],[-78.97579052,-2.91477773],[-78.97580544,-2.91478245],[-78.97582863,-2.91478919],[-78.9758343,-2.91479028],[-78.97586162,-2.91480019],[-78.97588228,-2.91480954],[-78.97589873,-2.9148168],[-78.97590493,-2.91481943],[-78.97591777,-2.91482723],[-78.97592442,-2.91483086],[-78.97594095,-2.91483912],[-78.97594302,-2.91484021],[-78.97595739,-2.91484855],[-78.97596152,-2.91485064],[-78.97598057,-2.91486098],[-78.97599602,-2.91487195],[-78.97600069,-2.91487403],[-78.97601874,-2.914886],[-78.97603671,-2.91489788],[-78.97605477,-2.91490731],[-78.97607228,-2.9149172],[-78.976096,-2.91493171],[-78.97611298,-2.91493952],[-78.97613409,-2.91495095],[-78.97615682,-2.91496446],[-78.97617227,-2.91497181],[-78.97619187,-2.91497691],[-78.9762156,-2.91498265],[-78.97623934,-2.91498269],[-78.97626201,-2.9149802],[-78.9762826,-2.91497761],[-78.97629034,-2.91497763],[-78.97632652,-2.91496061],[-78.97635127,-2.91494971],[-78.97636315,-2.91494304],[-78.9764075,-2.91493064],[-78.97645185,-2.91492449],[-78.97647982,-2.914923],[-78.97650248,-2.91492304],[-78.97652523,-2.91492308],[-78.97654581,-2.91493352],[-78.97655917,-2.91495578],[-78.97657612,-2.91497869],[-78.97660394,-2.91501237],[-78.97662144,-2.91503166],[-78.97665179,-2.91505812],[-78.97668483,-2.91508403],[-78.97670692,-2.9151017],[-78.97672749,-2.91511783],[-78.97673988,-2.91512717],[-78.97675433,-2.91514067],[-78.97676717,-2.91515163],[-78.97677695,-2.91516413],[-78.97679912,-2.91518903],[-78.97684123,-2.91522636],[-78.97687059,-2.91524974],[-78.9768855,-2.9152617],[-78.97689734,-2.91527727],[-78.97691593,-2.91529032],[-78.97698307,-2.91531015],[-78.97713097,-2.91527615],[-78.9771613,-2.91526165],[-78.97720488,-2.91523126],[-78.97725369,-2.91519428],[-78.97726693,-2.9151811],[-78.97729195,-2.91516786],[-78.97732487,-2.91516656],[-78.97735912,-2.91517196],[-78.97739076,-2.91518259],[-78.97741052,-2.91519718],[-78.97742758,-2.91521186],[-78.97745391,-2.91521851],[-78.97750002,-2.91523179],[-78.97751584,-2.9152358],[-78.97756323,-2.91523724],[-78.97759752,-2.91521877],[-78.9776423,-2.91522012],[-78.97771903,-2.91520977],[-78.97773195,-2.91522561],[-78.97775821,-2.9152734],[-78.9777779,-2.91532642],[-78.97779105,-2.91536486],[-78.97782376,-2.91547884],[-78.97783677,-2.91554641],[-78.97790339,-2.91590818],[-78.97794511,-2.9161163],[-78.9779569,-2.91616144],[-78.97799245,-2.91619459],[-78.97809777,-2.91623321],[-78.97815964,-2.91623196],[-78.97821377,-2.91618839],[-78.97838401,-2.91602839],[-78.97842764,-2.9159688],[-78.97844347,-2.91591856],[-78.97849805,-2.91561659],[-78.97850879,-2.91554907],[-78.97850755,-2.91548541],[-78.97848524,-2.91543908],[-78.97844194,-2.91536342],[-78.97840779,-2.91530242],[-78.97841837,-2.91526934],[-78.9784434,-2.91525085],[-78.97848036,-2.9152549],[-78.97853164,-2.91529206],[-78.97858688,-2.91532796],[-78.97862904,-2.91533726],[-78.97867652,-2.91533337],[-78.9787305,-2.91532424],[-78.97878333,-2.91529911],[-78.97880837,-2.91527267],[-78.97881762,-2.91523299],[-78.97877827,-2.91516141],[-78.97871523,-2.91506057],[-78.97870072,-2.9150261],[-78.97870868,-2.91500098],[-78.9787338,-2.91498511],[-78.97875487,-2.91497059],[-78.97886509,-2.914933],[-78.97893088,-2.91495436],[-78.97909934,-2.91508974],[-78.97925186,-2.91523839],[-78.979294,-2.915257],[-78.97941267,-2.9152281],[-78.97960526,-2.91509599],[-78.97967126,-2.91504837],[-78.97971072,-2.9150564],[-78.97977907,-2.91515191],[-78.97979756,-2.91512545],[-78.97983204,-2.91500363],[-78.9798639,-2.91488444],[-78.97987209,-2.91473346],[-78.97986153,-2.91470152],[-78.97978518,-2.91465103],[-78.9797641,-2.9146245],[-78.97978269,-2.9145371],[-78.97981447,-2.91446302],[-78.97986733,-2.91437568],[-78.97993083,-2.91421414],[-78.97996528,-2.91411086],[-78.97996819,-2.9139917],[-78.97993146,-2.91386442],[-78.97995798,-2.91381673],[-78.98003708,-2.91378514],[-78.98030604,-2.91368761],[-78.98048269,-2.91362166],[-78.98068057,-2.9134948],[-78.98070965,-2.91342605],[-78.98076785,-2.91331485],[-78.98077325,-2.91321152],[-78.98077609,-2.91313205],[-78.98075251,-2.91304196],[-78.98078692,-2.91295983],[-78.98088197,-2.91285666],[-78.98092679,-2.91283558],[-78.98101122,-2.91279071],[-78.98111153,-2.91271684],[-78.98113538,-2.91265595],[-78.98113283,-2.91257647],[-78.98115929,-2.91251286],[-78.98122275,-2.91242555],[-78.98129669,-2.91231176],[-78.98131787,-2.91228793],[-78.9813468,-2.91230389],[-78.9814074,-2.91230671],[-78.9816288,-2.9123044],[-78.98179705,-2.91230778],[-78.98186564,-2.91236911],[-78.98199853,-2.91248354],[-78.98204055,-2.91252141],[-78.98211348,-2.91257299],[-78.98223665,-2.91263903],[-78.98232824,-2.91271704],[-78.9824686,-2.91287308],[-78.98248513,-2.9128845],[-78.98254453,-2.91290495],[-78.98258058,-2.91291333],[-78.98260845,-2.9129141],[-78.98264605,-2.91291264],[-78.98268509,-2.91295357],[-78.98270228,-2.91299899],[-78.98276666,-2.91315335],[-78.98289438,-2.91318984],[-78.98294781,-2.91318089],[-78.9831059,-2.91313362],[-78.98327217,-2.91308401],[-78.98347533,-2.91302298],[-78.9836811,-2.91296097],[-78.98372444,-2.9129171],[-78.98481051,-2.91411207],[-78.9848141,-2.91411596],[-78.98520471,-2.9145407],[-78.9853811,-2.91400885],[-78.98556754,-2.91369038],[-78.98609327,-2.91312714],[-78.98638526,-2.91287478],[-78.98660405,-2.91277264],[-78.98678998,-2.91273997],[-78.98718714,-2.91276998],[-78.98735479,-2.91275202],[-78.98799984,-2.91173457],[-78.98755191,-2.91153594],[-78.98696556,-2.91135171],[-78.98674177,-2.91117907],[-78.98648342,-2.91091848],[-78.98634164,-2.9107497],[-78.9861565,-2.91033165],[-78.9860699,-2.90987717],[-78.98606083,-2.90981485],[-78.98587911,-2.9095507],[-78.9854168,-2.90930078],[-78.98517287,-2.90917214],[-78.98495453,-2.90897021],[-78.98485314,-2.90864029],[-78.98445176,-2.90790306],[-78.98378985,-2.90712151],[-78.98359897,-2.90690128],[-78.98342434,-2.90674708],[-78.98364744,-2.90628954],[-78.98384528,-2.90568168],[-78.98410765,-2.90463795],[-78.98433704,-2.903726],[-78.98437767,-2.90343295],[-78.98445805,-2.90227173],[-78.98456775,-2.90105549],[-78.98461833,-2.90027151],[-78.98463316,-2.90012127],[-78.98453078,-2.89928205],[-78.98427944,-2.89923033],[-78.98326695,-2.89888775],[-78.98153532,-2.89824353],[-78.98025893,-2.89778321],[-78.97921559,-2.89739301],[-78.97901525,-2.89733768],[-78.97842136,-2.89725235],[-78.97716268,-2.89709983],[-78.97680208,-2.89700027],[-78.97638506,-2.89686761],[-78.97590756,-2.89692172],[-78.97536451,-2.8969684],[-78.974931,-2.89690532],[-78.97473241,-2.89687929],[-78.97457219,-2.89681309],[-78.97444484,-2.89672127],[-78.97419744,-2.89647536],[-78.97397561,-2.89621484],[-78.97371388,-2.89588825],[-78.97355742,-2.89573038],[-78.97336456,-2.89556521],[-78.97314252,-2.89542187],[-78.97280589,-2.89519414],[-78.97246368,-2.89501768],[-78.9720012,-2.8948117],[-78.97157162,-2.89461672],[-78.97101991,-2.89438119],[-78.97076869,-2.89425986],[-78.9705867,-2.8941533],[-78.96991372,-2.89348529],[-78.96963368,-2.89319167],[-78.96918832,-2.89261928],[-78.96879195,-2.89210565],[-78.9685738,-2.89184505],[-78.96830649,-2.89157713],[-78.96789524,-2.89123933],[-78.96757864,-2.89102258],[-78.96711616,-2.89082393],[-78.96655795,-2.89059942]]]}},{"type":"Feature","properties":{"fid":"5","DESCRIP":"San Blas","CODIGO":"11","AREA":"1227438.280000000027940","SHAPE_LENG":"5461.460213979999935","SHAPE_AREA":"1227438.287119999993593","name":"San Blas"},"geometry":{"type":"Polygon","coordinates":[[[-78.9952472,-2.89197513],[-78.99516409,-2.89224405],[-78.99510801,-2.89232831],[-78.99446538,-2.89290393],[-78.99354755,-2.89369812],[-78.99268583,-2.8944502],[-78.99235854,-2.8947309],[-78.9922644,-2.89482521],[-78.99196983,-2.89527486],[-78.99110516,-2.89539593],[-78.99019651,-2.89552089],[-78.9897717,-2.89557637],[-78.98979446,-2.89628788],[-78.98982206,-2.89705356],[-78.98984026,-2.89749572],[-78.98989568,-2.89778722],[-78.98992049,-2.89789169],[-78.9901255,-2.8983623],[-78.9902491,-2.8985957],[-78.99053287,-2.89917694],[-78.99063426,-2.89920524],[-78.99070594,-2.89935012],[-78.99103953,-2.89997982],[-78.9914799,-2.90064271],[-78.9919986,-2.90140221],[-78.99241405,-2.90202111],[-78.99266529,-2.90233285],[-78.99280669,-2.90251945],[-78.99343244,-2.90315636],[-78.99400383,-2.90371858],[-78.9941654,-2.90357864],[-78.99462062,-2.90449137],[-78.99499087,-2.90534708],[-78.99534587,-2.90622898],[-78.99620539,-2.90597401],[-78.99642355,-2.90592177],[-78.99635616,-2.90640402],[-78.99623595,-2.90720397],[-78.99608071,-2.90803678],[-78.99592757,-2.90895502],[-78.9956722,-2.910364],[-78.99582059,-2.91036196],[-78.99616865,-2.910236],[-78.99649897,-2.90991706],[-78.99774527,-2.90874362],[-78.99803362,-2.90846077],[-78.9986349,-2.90752741],[-78.99893242,-2.90709386],[-78.99985734,-2.9062635],[-79.00015781,-2.90594307],[-78.99983401,-2.90552089],[-78.99983144,-2.90544457],[-78.99986562,-2.90528948],[-79.0000989,-2.90502579],[-79.00041907,-2.90465069],[-79.00027045,-2.90448162],[-79.0001611,-2.90432899],[-78.99996372,-2.90340297],[-78.99978243,-2.90253141],[-78.99956885,-2.90155907],[-78.99936625,-2.90053503],[-78.99916615,-2.89957095],[-78.99904535,-2.89896902],[-78.99893123,-2.89845969],[-78.99895305,-2.89837809],[-78.99880433,-2.89744122],[-78.99863679,-2.89647177],[-78.99849365,-2.8954859],[-78.99829318,-2.89422164],[-78.99785653,-2.89430513],[-78.99646336,-2.89458774],[-78.99641295,-2.89338405],[-78.99635298,-2.89240466],[-78.99635466,-2.89221723],[-78.99612364,-2.8922142],[-78.99558053,-2.89204163],[-78.9952472,-2.89197513]]]}},{"type":"Feature","properties":{"fid":"6","DESCRIP":"El Sagrario","CODIGO":"01","AREA":"747708.680000000051223","SHAPE_LENG":"3922.003465759999926","SHAPE_AREA":"747708.667280000052415","name":"El Sagrario"},"geometry":{"type":"Polygon","coordinates":[[[-79.00605396,-2.90188523],[-79.00600005,-2.90170584],[-79.00600666,-2.9016828],[-79.00611471,-2.90160415],[-79.0061671,-2.90157458],[-79.00619017,-2.90149569],[-79.00617707,-2.90147596],[-79.00609215,-2.90143964],[-79.00589584,-2.90149517],[-79.0058107,-2.90153453],[-79.00573868,-2.90157717],[-79.00570277,-2.90154094],[-79.00565708,-2.90144213],[-79.0055386,-2.90095856],[-79.00531996,-2.89974145],[-79.00507849,-2.89846834],[-79.00498129,-2.89794865],[-79.00493889,-2.89786964],[-79.00490305,-2.8977939],[-79.0048173,-2.89725442],[-79.00476223,-2.89697159],[-79.00479182,-2.89691242],[-79.00480168,-2.89687953],[-79.0046152,-2.89594205],[-79.00440938,-2.89490245],[-79.00422462,-2.89395512],[-79.00408545,-2.89290154],[-79.00298915,-2.89316958],[-79.00141017,-2.89356308],[-79.0002833,-2.8938241],[-78.99897792,-2.89409068],[-78.99829318,-2.89422164],[-78.99849365,-2.89548592],[-78.99863679,-2.89647178],[-78.99880433,-2.89744124],[-78.99895305,-2.89837811],[-78.99893123,-2.89845971],[-78.99904535,-2.89896904],[-78.99916615,-2.89957097],[-78.99936625,-2.90053505],[-78.99956885,-2.90155909],[-78.99978243,-2.90253143],[-78.99996372,-2.90340299],[-79.0001611,-2.904329],[-79.00027045,-2.90448164],[-79.00041907,-2.90465071],[-79.0000989,-2.90502581],[-78.99986562,-2.9052895],[-78.99983144,-2.90544459],[-78.99983401,-2.9055209],[-79.00015781,-2.90594308],[-79.00041602,-2.90566769],[-79.00077054,-2.90524626],[-79.00094799,-2.90492099],[-79.00133239,-2.90458407],[-79.00246694,-2.90385064],[-79.00298944,-2.90342346],[-79.00352366,-2.90308679],[-79.00472713,-2.90237754],[-79.0057652,-2.90199358],[-79.00605396,-2.90188523]]]}},{"type":"Feature","properties":{"fid":"7","DESCRIP":"Gil Ramirez Dávalos","CODIGO":"02","AREA":"622985.890000000013970","SHAPE_LENG":"3315.871664990000227","SHAPE_AREA":"622985.899209999945015","name":"Gil Ramirez Dávalos"},"geometry":{"type":"Polygon","coordinates":[[[-79.01161168,-2.89850708],[-79.01131275,-2.89768865],[-79.01096081,-2.89638153],[-79.01062679,-2.89474668],[-79.01036624,-2.89337408],[-79.0100072,-2.89139172],[-79.00888716,-2.8916562],[-79.00730136,-2.89204292],[-79.00593645,-2.89240949],[-79.00408545,-2.89290152],[-79.00422462,-2.8939551],[-79.00440938,-2.89490244],[-79.0046152,-2.89594203],[-79.00480168,-2.89687951],[-79.00479182,-2.89691241],[-79.00476223,-2.89697158],[-79.00481731,-2.8972544],[-79.00490305,-2.89779388],[-79.00493889,-2.89786962],[-79.00498129,-2.89794863],[-79.00507849,-2.89846832],[-79.00531996,-2.89974144],[-79.0055386,-2.90095854],[-79.00565708,-2.90144211],[-79.00570277,-2.90154092],[-79.00573868,-2.90157715],[-79.0058107,-2.90153451],[-79.00589584,-2.90149515],[-79.00609215,-2.90143962],[-79.00617707,-2.90147594],[-79.00619017,-2.90149567],[-79.0061671,-2.90157456],[-79.00611471,-2.90160413],[-79.00600666,-2.90168278],[-79.00600005,-2.90170582],[-79.00605397,-2.90188525],[-79.00643721,-2.9017415],[-79.00682723,-2.90158541],[-79.0075866,-2.90110448],[-79.00803129,-2.90053854],[-79.00891396,-2.89984679],[-79.00979665,-2.89914293],[-79.01009993,-2.89891444],[-79.01161168,-2.89850708]]]}},{"type":"Feature","properties":{"fid":"8","DESCRIP":"El Batán","CODIGO":"12","AREA":"3829138.569999999832362","SHAPE_LENG":"12051.018234299999676","SHAPE_AREA":"3829138.568250000011176","name":"El Batán"},"geometry":{"type":"Polygon","coordinates":[[[-79.04957953,-2.90057468],[-79.04953875,-2.9003397],[-79.0494211,-2.8999309],[-79.04936357,-2.89986326],[-79.04934761,-2.89983746],[-79.04934796,-2.89963484],[-79.04927438,-2.89964113],[-79.04908875,-2.89965049],[-79.04887119,-2.8996662],[-79.04857033,-2.89969462],[-79.04835588,-2.89972643],[-79.04819586,-2.89975183],[-79.04792705,-2.89980933],[-79.04778942,-2.89983477],[-79.04758454,-2.89989553],[-79.04734125,-2.89996917],[-79.0471459,-2.90003637],[-79.04685767,-2.90014518],[-79.04663036,-2.90023168],[-79.04645111,-2.90029575],[-79.0463102,-2.90034695],[-79.04616612,-2.90040457],[-79.04603481,-2.90046546],[-79.04582992,-2.90053916],[-79.04548094,-2.90067364],[-79.04514799,-2.90079856],[-79.04485661,-2.90091379],[-79.04460365,-2.90101308],[-79.04436032,-2.90110271],[-79.04414903,-2.90118598],[-79.0438384,-2.90130127],[-79.04359508,-2.9013909],[-79.04325252,-2.90150613],[-79.04307645,-2.90155411],[-79.04277873,-2.90163723],[-79.0426507,-2.90167245],[-79.04233695,-2.90176838],[-79.04208727,-2.90184516],[-79.04181519,-2.9019219],[-79.04161672,-2.901973],[-79.04134778,-2.90205934],[-79.04111087,-2.90212972],[-79.04062753,-2.90227364],[-79.04036185,-2.90234397],[-79.04018892,-2.90239512],[-79.04001283,-2.90245268],[-79.0400098,-2.90238513],[-79.03997169,-2.90221454],[-79.03993028,-2.90208581],[-79.03990807,-2.90197636],[-79.03999768,-2.901954],[-79.04009377,-2.90192849],[-79.04018981,-2.90187712],[-79.04033074,-2.90181625],[-79.04040132,-2.90171989],[-79.04041111,-2.9015719],[-79.04043393,-2.90132428],[-79.04055383,-2.90099628],[-79.04062561,-2.90082805],[-79.04066148,-2.90057503],[-79.04069491,-2.90027274],[-79.04070149,-2.90016018],[-79.04072758,-2.89988997],[-79.04071504,-2.89970658],[-79.04068822,-2.89950743],[-79.04067421,-2.89939195],[-79.04057511,-2.89918192],[-79.04039658,-2.89882771],[-79.04033285,-2.89865391],[-79.04033627,-2.89855093],[-79.0403939,-2.89850601],[-79.04077522,-2.89817529],[-79.04116293,-2.89789929],[-79.04140302,-2.89780323],[-79.04162392,-2.89773282],[-79.04195049,-2.89760155],[-79.04212336,-2.89753431],[-79.04221949,-2.8974862],[-79.0423828,-2.89738033],[-79.04245006,-2.897329],[-79.04211167,-2.89690372],[-79.04176682,-2.89647211],[-79.04144754,-2.89607589],[-79.04120487,-2.8957827],[-79.04103564,-2.89556685],[-79.04113502,-2.89545771],[-79.04133704,-2.89521999],[-79.04151974,-2.89503043],[-79.04144317,-2.89490163],[-79.04165779,-2.89476692],[-79.04185638,-2.89464177],[-79.0418341,-2.89457735],[-79.04197183,-2.89449395],[-79.04225693,-2.89432076],[-79.04223789,-2.89425318],[-79.04219319,-2.89415654],[-79.04221883,-2.89414691],[-79.04212948,-2.89402135],[-79.04208167,-2.89389902],[-79.04203082,-2.89370915],[-79.0420341,-2.89363193],[-79.04200839,-2.89352122],[-79.04195771,-2.8933969],[-79.04193545,-2.89331648],[-79.04180763,-2.89296942],[-79.0417218,-2.89272975],[-79.04169976,-2.89268541],[-79.04148199,-2.89276551],[-79.04132513,-2.89283277],[-79.04120987,-2.89287118],[-79.04108497,-2.89291916],[-79.04098254,-2.89297052],[-79.04077435,-2.89307947],[-79.04052131,-2.89322705],[-79.04027154,-2.89335528],[-79.04015942,-2.89339369],[-79.03994981,-2.89349351],[-79.0400412,-2.89342739],[-79.04009867,-2.89337433],[-79.04011799,-2.89332933],[-79.04012129,-2.89329073],[-79.04007976,-2.89322954],[-79.03999355,-2.89310389],[-79.03991054,-2.89300727],[-79.03989785,-2.89295896],[-79.03989474,-2.89288174],[-79.03993012,-2.89281101],[-79.03996539,-2.89274678],[-79.04001666,-2.89268575],[-79.04008723,-2.89259573],[-79.04017379,-2.89251549],[-79.04026025,-2.89244168],[-79.040286,-2.89236768],[-79.04029253,-2.89228405],[-79.04035032,-2.89219735],[-79.04041442,-2.89210732],[-79.04044365,-2.89189181],[-79.04048535,-2.89180183],[-79.04060074,-2.89169263],[-79.04062639,-2.89167983],[-79.04067463,-2.89150297],[-79.04076783,-2.89127148],[-79.04081913,-2.89113974],[-79.04084176,-2.89100144],[-79.04083883,-2.89082449],[-79.04087785,-2.89046099],[-79.04098368,-2.89031316],[-79.04109278,-2.89014608],[-79.04112165,-2.89008826],[-79.04123066,-2.88997263],[-79.04130762,-2.88988271],[-79.04138452,-2.88982172],[-79.04146137,-2.88979292],[-79.04166294,-2.88976424],[-79.04173013,-2.88975794],[-79.04190306,-2.88970679],[-79.0419574,-2.88969088],[-79.04213983,-2.88966217],[-79.0423319,-2.88961431],[-79.04255283,-2.88952138],[-79.04266174,-2.88947012],[-79.04275134,-2.88944777],[-79.04285383,-2.88940934],[-79.04305241,-2.88929702],[-79.04332472,-2.88908194],[-79.04347212,-2.88897288],[-79.04359696,-2.88890871],[-79.04371862,-2.88886064],[-79.0438147,-2.88883829],[-79.04387863,-2.88884166],[-79.04392663,-2.88885458],[-79.04395225,-2.8888643],[-79.044013,-2.88888366],[-79.04409619,-2.88888381],[-79.04419853,-2.88888082],[-79.04428498,-2.88886162],[-79.04431703,-2.88884242],[-79.04440032,-2.88878144],[-79.04449636,-2.8887269],[-79.04462128,-2.88866916],[-79.04473009,-2.88866935],[-79.04512911,-2.88877049],[-79.04557207,-2.8879434],[-79.04565652,-2.88762401],[-79.04562128,-2.88719591],[-79.04518344,-2.88729154],[-79.04480561,-2.88731503],[-79.04445786,-2.88726018],[-79.04398128,-2.88718702],[-79.04336937,-2.88737286],[-79.04303908,-2.88767979],[-79.04264831,-2.88822171],[-79.04234797,-2.88858295],[-79.04189793,-2.88876301],[-79.04164302,-2.88879267],[-79.04067172,-2.88873674],[-79.04022158,-2.88897711],[-79.03984322,-2.88931407],[-79.03953108,-2.88947031],[-79.03935118,-2.8895002],[-79.03871858,-2.88947496],[-79.03823877,-2.88955252],[-79.03772278,-2.8897566],[-79.03726658,-2.89001503],[-79.03671469,-2.89012258],[-79.03611511,-2.89009143],[-79.03567425,-2.89016299],[-79.03517014,-2.89040932],[-79.03493624,-2.89046316],[-79.03445064,-2.89040807],[-79.03338366,-2.89019518],[-79.03242063,-2.89055526],[-79.03222254,-2.89065139],[-79.03113734,-2.89057111],[-79.03060906,-2.89091387],[-79.03012869,-2.89131692],[-79.02988857,-2.89148531],[-79.02962453,-2.89159941],[-79.02926168,-2.89164706],[-79.02879383,-2.89172454],[-79.02836773,-2.89194695],[-79.02761738,-2.89241589],[-79.02723299,-2.89275284],[-79.02685408,-2.89340326],[-79.0265055,-2.89388493],[-79.0259984,-2.89414336],[-79.02532062,-2.89425068],[-79.02480496,-2.89420755],[-79.02289268,-2.89388467],[-79.022752,-2.89380007],[-79.02239865,-2.89350397],[-79.0218121,-2.89290611],[-79.02141065,-2.8927064],[-79.02093109,-2.89264534],[-79.01997095,-2.89305361],[-79.01951224,-2.8930528],[-79.01891875,-2.8929854],[-79.01892096,-2.89362754],[-79.01895833,-2.89432389],[-79.01900576,-2.89461322],[-79.01918162,-2.89536081],[-79.01941025,-2.89637894],[-79.01963892,-2.89736758],[-79.01981633,-2.89800261],[-79.01996072,-2.89843135],[-79.02034907,-2.89954885],[-79.02071615,-2.90058602],[-79.02080886,-2.90089685],[-79.02172531,-2.90162152],[-79.02216422,-2.90194906],[-79.02310188,-2.90268452],[-79.02429225,-2.90367223],[-79.02465664,-2.90398083],[-79.0246537,-2.90412007],[-79.02425649,-2.90432832],[-79.02415783,-2.90438439],[-79.02414438,-2.90446474],[-79.02425878,-2.90451042],[-79.0250215,-2.90479838],[-79.0255486,-2.90498674],[-79.0257907,-2.90513183],[-79.02595292,-2.90529278],[-79.02613637,-2.90550197],[-79.02631568,-2.90576747],[-79.02635553,-2.90586393],[-79.02638197,-2.90596578],[-79.02636838,-2.90612643],[-79.02636802,-2.906338],[-79.02688728,-2.90643267],[-79.02711486,-2.90654817],[-79.02763918,-2.90678752],[-79.02825806,-2.90705371],[-79.0289079,-2.90709508],[-79.02933796,-2.90718417],[-79.02990461,-2.90759222],[-79.03057413,-2.90785054],[-79.03097893,-2.90788606],[-79.03119623,-2.9078141],[-79.03157469,-2.90768891],[-79.03249062,-2.90716555],[-79.03306645,-2.90689612],[-79.03323445,-2.90678394],[-79.03354516,-2.90657019],[-79.03376906,-2.90648216],[-79.03426216,-2.90631168],[-79.03495122,-2.90603431],[-79.03546803,-2.90598973],[-79.03575446,-2.90598752],[-79.03617248,-2.90606863],[-79.03659847,-2.90617381],[-79.03702867,-2.90618794],[-79.03726583,-2.90612407],[-79.0376339,-2.90586756],[-79.03801558,-2.90543703],[-79.03828104,-2.90518577],[-79.03843043,-2.90507084],[-79.03904101,-2.9047238],[-79.03942483,-2.90461732],[-79.03987129,-2.90458899],[-79.04000043,-2.9046403],[-79.04005597,-2.90466092],[-79.04020611,-2.90468577],[-79.0403752,-2.90467124],[-79.04042089,-2.90466725],[-79.04052876,-2.90463787],[-79.04054595,-2.90463302],[-79.04061786,-2.90459861],[-79.04064073,-2.90458391],[-79.04067585,-2.90455359],[-79.04072657,-2.90450449],[-79.04079451,-2.90442495],[-79.04084849,-2.90435768],[-79.04091473,-2.90427823],[-79.04094581,-2.90424791],[-79.04098507,-2.90421515],[-79.04104314,-2.90417827],[-79.04108563,-2.90415376],[-79.04113549,-2.90412997],[-79.04120163,-2.90410305],[-79.04131196,-2.90405966],[-79.04138387,-2.90402453],[-79.04142231,-2.90400488],[-79.04148684,-2.90397299],[-79.04153671,-2.90394676],[-79.04155957,-2.90393613],[-79.04159476,-2.90392064],[-79.04161924,-2.90391001],[-79.04166008,-2.90390023],[-79.04169444,-2.9038945],[-79.04173527,-2.90389295],[-79.04176054,-2.90389218],[-79.04181774,-2.90389228],[-79.04189848,-2.90389983],[-79.04195324,-2.903904],[-79.04198426,-2.90390739],[-79.04200953,-2.90390662],[-79.04203409,-2.90390495],[-79.04207816,-2.90389852],[-79.042128,-2.90388793],[-79.04214105,-2.90388298],[-79.0421631,-2.90387479],[-79.0422072,-2.9038519],[-79.04223502,-2.9038364],[-79.04226202,-2.90381999],[-79.04228893,-2.90380693],[-79.04232736,-2.90379298],[-79.04237316,-2.90377588],[-79.04238945,-2.90376931],[-79.04240908,-2.90375126],[-79.04242469,-2.90372425],[-79.04249845,-2.9035553],[-79.0425083,-2.90352738],[-79.04251321,-2.90349782],[-79.04251486,-2.90348055],[-79.04253699,-2.90342236],[-79.04260569,-2.90337483],[-79.04267356,-2.9033339],[-79.04269067,-2.90332001],[-79.04271606,-2.90330522],[-79.04274954,-2.90328973],[-79.04278472,-2.90327749],[-79.04285168,-2.90324804],[-79.0429792,-2.90319329],[-79.04311725,-2.90314019],[-79.04320876,-2.90310499],[-79.04327337,-2.90308458],[-79.04337063,-2.90305844],[-79.04343594,-2.903043],[-79.04346041,-2.90303807],[-79.04350701,-2.90303001],[-79.04358625,-2.90302111],[-79.04362295,-2.90301701],[-79.04364345,-2.90301551],[-79.04370138,-2.90300738],[-79.04376346,-2.90299357],[-79.04380844,-2.90298298],[-79.04384847,-2.90297319],[-79.04388518,-2.90296421],[-79.04395868,-2.90294951],[-79.04403388,-2.90293816],[-79.04406248,-2.90293658],[-79.04412374,-2.90292692],[-79.04418499,-2.90292124],[-79.04424372,-2.90291556],[-79.04429517,-2.90291158],[-79.04432458,-2.90290675],[-79.04438665,-2.90289528],[-79.04441931,-2.90288639],[-79.04446997,-2.90287165],[-79.04449858,-2.90286265],[-79.04457783,-2.90285221],[-79.04463585,-2.90284327],[-79.04466193,-2.90283753],[-79.04469792,-2.9028319],[-79.04477799,-2.90280826],[-79.04485636,-2.90278289],[-79.04487437,-2.90276981],[-79.04489319,-2.90275502],[-79.04492912,-2.9027313],[-79.04498627,-2.90270428],[-79.04500508,-2.90269445],[-79.04502713,-2.90268635],[-79.04518501,-2.90255028],[-79.04526841,-2.90247655],[-79.04532974,-2.90242413],[-79.04541639,-2.90233974],[-79.04544098,-2.90231754],[-79.04550636,-2.90226846],[-79.04557423,-2.90222916],[-79.04560852,-2.90221439],[-79.04564603,-2.90220867],[-79.04566807,-2.90220545],[-79.0457073,-2.90219322],[-79.04574159,-2.90217683],[-79.04580702,-2.90214412],[-79.04582665,-2.90213267],[-79.04587237,-2.90210897],[-79.04590668,-2.90208272],[-79.04597135,-2.90202541],[-79.04604653,-2.90197048],[-79.04607759,-2.90194838],[-79.04612504,-2.9019189],[-79.04616834,-2.90189194],[-79.04626069,-2.90184038],[-79.04631632,-2.9018101],[-79.04633919,-2.90179775],[-79.04635882,-2.90178133],[-79.04640467,-2.90173629],[-79.04642512,-2.90171743],[-79.04647168,-2.90167646],[-79.04654202,-2.90161582],[-79.0465927,-2.90158471],[-79.04663762,-2.90155938],[-79.04678975,-2.90147339],[-79.04686896,-2.90143003],[-79.04688291,-2.90142102],[-79.0469262,-2.90140057],[-79.04704555,-2.90134001],[-79.04708632,-2.90132526],[-79.04712399,-2.90127776],[-79.04713706,-2.90125645],[-79.04715834,-2.90122854],[-79.0471625,-2.90121381],[-79.04716745,-2.90115876],[-79.04717248,-2.90110786],[-79.04719711,-2.901007],[-79.0472251,-2.90089457],[-79.04722839,-2.90086175],[-79.04723339,-2.90083057],[-79.04724152,-2.90081006],[-79.0472775,-2.90074936],[-79.04728896,-2.90073048],[-79.04733807,-2.9006698],[-79.04744525,-2.90057397],[-79.04751879,-2.90053386],[-79.04755721,-2.90052163],[-79.04761112,-2.90049622],[-79.04765694,-2.90047415],[-79.04772477,-2.90045628],[-79.04777533,-2.90044813],[-79.04781868,-2.90044495],[-79.04783991,-2.90044165],[-79.04787912,-2.90044171],[-79.04792237,-2.90044351],[-79.048004,-2.90045595],[-79.04804886,-2.90046425],[-79.04810686,-2.90047005],[-79.04815505,-2.90047348],[-79.04820396,-2.90048089],[-79.04824073,-2.90048592],[-79.04828236,-2.90049169],[-79.04834115,-2.90050734],[-79.04840974,-2.90052057],[-79.04842852,-2.90052721],[-79.04846114,-2.9005429],[-79.04849376,-2.90055526],[-79.04854599,-2.90056846],[-79.04857044,-2.90057338],[-79.04860154,-2.90058167],[-79.04863418,-2.90058507],[-79.04869379,-2.90059168],[-79.04872392,-2.90059336],[-79.04876968,-2.90060257],[-79.04881625,-2.90060998],[-79.04884646,-2.90061419],[-79.04886435,-2.90061503],[-79.04891911,-2.90062001],[-79.04895832,-2.90062089],[-79.04905625,-2.90062025],[-79.04911093,-2.90061871],[-79.04919269,-2.90060737],[-79.04926042,-2.90060008],[-79.04929964,-2.90059689],[-79.04934866,-2.90058875],[-79.04938707,-2.9005814],[-79.04944996,-2.90056433],[-79.04948666,-2.90056267],[-79.04957953,-2.90057468]]]}},{"type":"Feature","properties":{"fid":"9","DESCRIP":"Hermano Miguel","CODIGO":"15","AREA":"6380199.990000000223517","SHAPE_LENG":"14906.730642200000148","SHAPE_AREA":"6380199.992750000208616","name":"Hermano Miguel"},"geometry":{"type":"Polygon","coordinates":[[[-78.99537401,-2.8497283],[-78.99535893,-2.84976462],[-78.99532534,-2.84984313],[-78.99530656,-2.84988704],[-78.99528254,-2.84994469],[-78.99527866,-2.84995263],[-78.99527749,-2.84995643],[-78.99524942,-2.8500147],[-78.99522054,-2.85007532],[-78.99519446,-2.85012889],[-78.99518426,-2.8501503],[-78.99517957,-2.85015996],[-78.99517226,-2.85017514],[-78.99513418,-2.8502531],[-78.99512425,-2.85027415],[-78.99511224,-2.8503055],[-78.99509147,-2.85035764],[-78.99507683,-2.85039486],[-78.99506718,-2.85041356],[-78.99505608,-2.8504356],[-78.99501801,-2.85050913],[-78.99500456,-2.85053605],[-78.99499879,-2.85054689],[-78.9949581,-2.85062386],[-78.99494177,-2.85065466],[-78.9948982,-2.85073722],[-78.99488791,-2.85075655],[-78.99487221,-2.85078645],[-78.99482656,-2.85087606],[-78.99480878,-2.85091238],[-78.99477648,-2.85097534],[-78.99476015,-2.85100732],[-78.99473883,-2.85106415],[-78.99473061,-2.85108557],[-78.99472943,-2.851089],[-78.99468433,-2.85117165],[-78.99466502,-2.85120706],[-78.99466187,-2.8512123],[-78.99465367,-2.85122232],[-78.99465079,-2.8512243],[-78.99463621,-2.8512316],[-78.99463297,-2.85123313],[-78.99462388,-2.85123511],[-78.9946085,-2.85123951],[-78.99460346,-2.85124013],[-78.99459501,-2.85124093],[-78.99458979,-2.8512412],[-78.99458133,-2.85124299],[-78.99457549,-2.85124325],[-78.99456353,-2.85124269],[-78.99454636,-2.85124148],[-78.994514,-2.85123175],[-78.99447879,-2.85121171],[-78.99446765,-2.85120346],[-78.99442462,-2.85112988],[-78.99439673,-2.85108173],[-78.99437774,-2.85098866],[-78.99436785,-2.85093909],[-78.9943517,-2.8508614],[-78.99434421,-2.8508245],[-78.994341,-2.85080894],[-78.99433401,-2.85079546],[-78.99430821,-2.85074261],[-78.99428406,-2.85071734],[-78.99426279,-2.85069533],[-78.99425731,-2.85069026],[-78.99415152,-2.85061304],[-78.99420088,-2.85045807],[-78.99435943,-2.85024469],[-78.99447532,-2.85009535],[-78.99444238,-2.85006437],[-78.99446844,-2.84996713],[-78.99446851,-2.84992916],[-78.99446621,-2.84990537],[-78.99444029,-2.84986735],[-78.99442386,-2.84985069],[-78.99428698,-2.84980777],[-78.99380798,-2.8496479],[-78.99348946,-2.84954996],[-78.99311199,-2.84943303],[-78.99289019,-2.84936149],[-78.99280516,-2.84933756],[-78.99265417,-2.84929218],[-78.99239937,-2.84922293],[-78.99231435,-2.84919665],[-78.9921798,-2.84915609],[-78.99210196,-2.84913932],[-78.9920359,-2.84912256],[-78.99199815,-2.84910821],[-78.99196754,-2.84907733],[-78.99192503,-2.84906541],[-78.99193918,-2.84909626],[-78.99191539,-2.84917931],[-78.99189876,-2.84922675],[-78.99186546,-2.84940002],[-78.99184161,-2.84951869],[-78.99182017,-2.84964207],[-78.99180113,-2.84973227],[-78.99178676,-2.84982474],[-78.99175111,-2.84995523],[-78.99173921,-2.85002411],[-78.99170841,-2.85010235],[-78.99168214,-2.85026614],[-78.99167031,-2.85029695],[-78.99166544,-2.8503539],[-78.99165353,-2.85043227],[-78.99163923,-2.85048686],[-78.99162739,-2.85052002],[-78.99161551,-2.85057931],[-78.99161073,-2.8506387],[-78.99160354,-2.85068381],[-78.99159166,-2.8507431],[-78.99156319,-2.85082849],[-78.99153464,-2.850959],[-78.99148706,-2.85117021],[-78.9914395,-2.85137429],[-78.99141353,-2.85146981],[-78.99108705,-2.85135079],[-78.99106317,-2.85143113],[-78.99075076,-2.85139279],[-78.99045264,-2.85135357],[-78.99039565,-2.85160039],[-78.99035515,-2.8517807],[-78.99028378,-2.85212478],[-78.99027179,-2.852196],[-78.99025278,-2.85226722],[-78.99025748,-2.85230276],[-78.99027393,-2.85236219],[-78.99031161,-2.85240972],[-78.99037282,-2.85247629],[-78.99041047,-2.85254516],[-78.9904246,-2.8525903],[-78.99025228,-2.85255681],[-78.99016512,-2.85246408],[-78.99012742,-2.85242604],[-78.98999551,-2.85226677],[-78.98994596,-2.85221677],[-78.98987288,-2.85215254],[-78.98978333,-2.85209072],[-78.98973849,-2.852074],[-78.98965824,-2.85204538],[-78.98950726,-2.85199521],[-78.98947894,-2.85199281],[-78.98940346,-2.85195949],[-78.98924062,-2.85190216],[-78.98914396,-2.85184982],[-78.98906142,-2.85179271],[-78.98899542,-2.85173564],[-78.98893407,-2.85169755],[-78.98884441,-2.85165228],[-78.98881439,-2.85164445],[-78.98879157,-2.85162986],[-78.98874726,-2.85172218],[-78.98874474,-2.85172724],[-78.98873165,-2.85175516],[-78.98872343,-2.85177331],[-78.98871946,-2.85178163],[-78.98870918,-2.85180304],[-78.98870114,-2.85181948],[-78.98869826,-2.85182553],[-78.98869275,-2.85183501],[-78.98868888,-2.85184161],[-78.98867373,-2.85186201],[-78.98866274,-2.85187583],[-78.98865814,-2.85188188],[-78.98865075,-2.85189543],[-78.98864099,-2.85192009],[-78.98863819,-2.85192705],[-78.98862753,-2.85195542],[-78.98861409,-2.85197945],[-78.98860011,-2.85200275],[-78.98858893,-2.85201928],[-78.98858533,-2.8520246],[-78.98857875,-2.852033],[-78.98855811,-2.85205891],[-78.98854531,-2.85207589],[-78.98853711,-2.85208736],[-78.98852638,-2.85210244],[-78.9885207,-2.85211174],[-78.98851764,-2.85211662],[-78.98851105,-2.85213008],[-78.98850943,-2.85213333],[-78.98849906,-2.85214968],[-78.98848716,-2.85216584],[-78.98848346,-2.85217117],[-78.9884767,-2.85218101],[-78.98845922,-2.85220358],[-78.98844489,-2.85221983],[-78.988433,-2.85223347],[-78.98843074,-2.85223672],[-78.98841569,-2.8522564],[-78.98841029,-2.85226281],[-78.98840371,-2.85227157],[-78.98839551,-2.85228069],[-78.98839307,-2.85228385],[-78.98838253,-2.85229603],[-78.98837776,-2.85230154],[-78.98836983,-2.85231138],[-78.98836694,-2.85231508],[-78.9883573,-2.85232908],[-78.98834585,-2.85234561],[-78.98833233,-2.85236529],[-78.98832674,-2.85237387],[-78.98832132,-2.85238327],[-78.98831609,-2.85239311],[-78.98831068,-2.85240359],[-78.98830256,-2.8524203],[-78.98830156,-2.85242301],[-78.98829488,-2.85243973],[-78.9882937,-2.85244334],[-78.98828782,-2.85246322],[-78.98828475,-2.85247054],[-78.98828322,-2.85247515],[-78.98828096,-2.85248139],[-78.98827897,-2.85248898],[-78.98827625,-2.85249973],[-78.98827504,-2.85252333],[-78.98827277,-2.85253779],[-78.98827104,-2.85254719],[-78.98827005,-2.85255189],[-78.98826218,-2.85257873],[-78.98825341,-2.85260403],[-78.9882496,-2.85262039],[-78.98824816,-2.852625],[-78.98824625,-2.85263865],[-78.98824534,-2.85264398],[-78.98823763,-2.85267886],[-78.98823075,-2.85270652],[-78.98822595,-2.85272523],[-78.9882226,-2.85273842],[-78.98821348,-2.85276291],[-78.98820905,-2.85277646],[-78.98820742,-2.85278035],[-78.98819243,-2.85281594],[-78.98818117,-2.85283247],[-78.98817414,-2.85284023],[-78.98816729,-2.85284763],[-78.98815297,-2.85286081],[-78.9881382,-2.85287317],[-78.98812713,-2.85288192],[-78.9881228,-2.85288526],[-78.98810759,-2.85289274],[-78.98809356,-2.85289615],[-78.98807854,-2.85289739],[-78.98806433,-2.85289709],[-78.98805094,-2.85289689],[-78.98803781,-2.85289551],[-78.9880281,-2.85289504],[-78.98800175,-2.85289499],[-78.98798835,-2.85289533],[-78.98798089,-2.85289559],[-78.98797181,-2.8528963],[-78.98795589,-2.85289799],[-78.98794446,-2.8528995],[-78.98791829,-2.85290226],[-78.98790642,-2.85290287],[-78.98789266,-2.85290375],[-78.98788817,-2.85290383],[-78.98787738,-2.85290363],[-78.98786991,-2.85290317],[-78.98785912,-2.8529036],[-78.98784995,-2.85290386],[-78.9878191,-2.8529067],[-78.98779122,-2.85290873],[-78.9877869,-2.85290908],[-78.98776919,-2.85291176],[-78.9877538,-2.85291517],[-78.98773599,-2.85291957],[-78.98772241,-2.85292343],[-78.98770882,-2.85292775],[-78.98770576,-2.85292838],[-78.98769757,-2.85293144],[-78.98768462,-2.85293648],[-78.9876713,-2.85294188],[-78.98766563,-2.85294431],[-78.98765258,-2.85295007],[-78.98764259,-2.85295431],[-78.98763746,-2.85295674],[-78.98762891,-2.85296079],[-78.98762144,-2.85296503],[-78.98759408,-2.85298062],[-78.98757697,-2.85299307],[-78.98756121,-2.8530085],[-78.98755075,-2.85302521],[-78.98754984,-2.85302864],[-78.98754694,-2.85304229],[-78.98754691,-2.8530592],[-78.98754932,-2.85307159],[-78.98755335,-2.85308037],[-78.98755442,-2.85308254],[-78.98757676,-2.85311296],[-78.98758869,-2.85312916],[-78.98759175,-2.85313233],[-78.9876044,-2.85314691],[-78.9876088,-2.85315135],[-78.98761544,-2.85315941],[-78.98762055,-2.85316746],[-78.98762736,-2.85318176],[-78.98763121,-2.85319009],[-78.98763336,-2.85319524],[-78.98763659,-2.85320049],[-78.98764888,-2.85321733],[-78.98766162,-2.85323327],[-78.98766834,-2.85324431],[-78.98767193,-2.85324992],[-78.9876827,-2.8532635],[-78.98769122,-2.85327455],[-78.98769822,-2.85328487],[-78.98770422,-2.85329645],[-78.98770772,-2.85330306],[-78.98771452,-2.85331953],[-78.98771829,-2.85332821],[-78.98771954,-2.85333075],[-78.98772788,-2.8533445],[-78.98773129,-2.8533503],[-78.98774904,-2.85338007],[-78.98775935,-2.85339736],[-78.98776267,-2.85340279],[-78.98776589,-2.85340895],[-78.987771,-2.85341926],[-78.98777502,-2.85343355],[-78.98777796,-2.85345372],[-78.98778025,-2.85348085],[-78.98778022,-2.85349785],[-78.98778012,-2.85350427],[-78.98777726,-2.85354459],[-78.98777351,-2.85358147],[-78.98777205,-2.85359087],[-78.98776933,-2.85360587],[-78.98776623,-2.853631],[-78.98776541,-2.85363805],[-78.9877614,-2.85366363],[-78.98775427,-2.85368324],[-78.98774272,-2.85370375],[-78.98773568,-2.85372109],[-78.98773467,-2.85373393],[-78.98773375,-2.85374342],[-78.98773048,-2.85375978],[-78.98772505,-2.85377939],[-78.98772026,-2.85379367],[-78.98771799,-2.85380614],[-78.98771713,-2.8538358],[-78.98771622,-2.8538433],[-78.98771405,-2.85385143],[-78.98770936,-2.85386137],[-78.98770287,-2.85387049],[-78.98768943,-2.85389126],[-78.98768258,-2.85390138],[-78.98767789,-2.85390869],[-78.98767113,-2.85392025],[-78.98766752,-2.85392495],[-78.98766058,-2.85393533],[-78.98765661,-2.85394021],[-78.98765463,-2.85394246],[-78.98764805,-2.85395023],[-78.98764274,-2.85395619],[-78.98763481,-2.85396413],[-78.98762581,-2.85397225],[-78.98761941,-2.85397775],[-78.98760825,-2.85398352],[-78.98759629,-2.8539854],[-78.98755888,-2.85398316],[-78.98754548,-2.85398386],[-78.98753982,-2.85398449],[-78.98749754,-2.85399201],[-78.98747559,-2.85399757],[-78.98745643,-2.85400206],[-78.98744851,-2.85400413],[-78.98743943,-2.85400637],[-78.9874298,-2.85400979],[-78.98740164,-2.85401941],[-78.98737609,-2.85402434],[-78.98736449,-2.8540264],[-78.98735792,-2.85402729],[-78.98733994,-2.85402808],[-78.98733193,-2.85402779],[-78.98731009,-2.8540264],[-78.98730154,-2.85402575],[-78.98727331,-2.85402362],[-78.98724346,-2.85402158],[-78.98723249,-2.85402102],[-78.98720669,-2.85401907],[-78.98718727,-2.85401687],[-78.98716228,-2.8540133],[-78.98715248,-2.85401229],[-78.98711849,-2.8540087],[-78.98710725,-2.85400769],[-78.98710024,-2.85400758],[-78.9870935,-2.85400757],[-78.98708082,-2.85400845],[-78.98706894,-2.85401196],[-78.98705814,-2.8540189],[-78.98704544,-2.85403118],[-78.98704264,-2.85403379],[-78.98702833,-2.85404362],[-78.98699791,-2.85405885],[-78.98698963,-2.85406272],[-78.9869845,-2.8540647],[-78.98697361,-2.85407011],[-78.98696902,-2.85407236],[-78.98695345,-2.85408083],[-78.98693824,-2.85408885],[-78.9869314,-2.85409246],[-78.98692375,-2.85409579],[-78.98691511,-2.85409975],[-78.98690044,-2.85410795],[-78.9868918,-2.85411246],[-78.98688001,-2.85411877],[-78.9868675,-2.85412435],[-78.98685931,-2.85412813],[-78.98684599,-2.85413462],[-78.98683762,-2.85413886],[-78.9868216,-2.85414678],[-78.98680657,-2.85415661],[-78.98679342,-2.85416753],[-78.98678711,-2.85417267],[-78.98677612,-2.85418386],[-78.98676838,-2.85419199],[-78.98676135,-2.85419912],[-78.9867464,-2.8542141],[-78.98674378,-2.8542178],[-78.9867391,-2.8542243],[-78.98673648,-2.85422954],[-78.98673159,-2.85424608],[-78.98672823,-2.85426624],[-78.98672621,-2.85429173],[-78.98672529,-2.8543061],[-78.98672284,-2.85431794],[-78.98671886,-2.85433051],[-78.98671092,-2.85434505],[-78.98670749,-2.85435146],[-78.98670118,-2.85436022],[-78.98669082,-2.85437358],[-78.98668541,-2.85438036],[-78.9866728,-2.85439417],[-78.98667037,-2.85439715],[-78.98666217,-2.85440608],[-78.98665487,-2.8544143],[-78.98664667,-2.85442323],[-78.98664117,-2.85442937],[-78.98663604,-2.8544347],[-78.98663,-2.85444065],[-78.98661163,-2.85445771],[-78.98660109,-2.85446782],[-78.98659668,-2.85447206],[-78.98658794,-2.85448009],[-78.98657317,-2.85449263],[-78.9865639,-2.85450021],[-78.98655625,-2.85450282],[-78.98654852,-2.85450353],[-78.98654016,-2.85450216],[-78.98652901,-2.85449744],[-78.98651895,-2.85449362],[-78.98651131,-2.85449126],[-78.9865034,-2.85449061],[-78.98649593,-2.85449141],[-78.9864837,-2.85449519],[-78.98647938,-2.85449762],[-78.98647569,-2.85449979],[-78.98647235,-2.85450276],[-78.98645614,-2.85451657],[-78.98645128,-2.85452054],[-78.9864339,-2.85453615],[-78.98641913,-2.85454959],[-78.9864131,-2.85455383],[-78.98640221,-2.85455779],[-78.9863951,-2.8545595],[-78.98638629,-2.85456012],[-78.98636309,-2.85455971],[-78.98635176,-2.85455788],[-78.98633972,-2.85455416],[-78.98632391,-2.85454681],[-78.98630047,-2.85452968],[-78.98627299,-2.85450522],[-78.98626006,-2.85449443],[-78.98624749,-2.85448582],[-78.98623572,-2.8544802],[-78.98621883,-2.8544723],[-78.98620454,-2.85446739],[-78.98620085,-2.85446612],[-78.98619177,-2.85446366],[-78.98617146,-2.85445865],[-78.98615456,-2.85445465],[-78.9861249,-2.85444989],[-78.98609991,-2.8544456],[-78.9860563,-2.85443992],[-78.98603797,-2.85443681],[-78.98602969,-2.85443562],[-78.9860029,-2.85443367],[-78.98598204,-2.85443545],[-78.98596414,-2.85443831],[-78.98593121,-2.85444729],[-78.98591358,-2.85445214],[-78.98589801,-2.85445618],[-78.98588092,-2.85445896],[-78.98583299,-2.85446159],[-78.98570763,-2.85451742],[-78.98554965,-2.85471723],[-78.98531421,-2.85488824],[-78.98515655,-2.85490098],[-78.98494985,-2.85488507],[-78.9848541,-2.85492387],[-78.98478679,-2.85500431],[-78.98470903,-2.85514703],[-78.98462877,-2.85523007],[-78.98453049,-2.85527664],[-78.98433403,-2.85531788],[-78.98426171,-2.85532815],[-78.9842434,-2.85541383],[-78.98418392,-2.85548913],[-78.98414756,-2.85555914],[-78.98411129,-2.85562671],[-78.98398183,-2.85576933],[-78.98387039,-2.85593803],[-78.98382102,-2.85609382],[-78.98383471,-2.85639266],[-78.98381622,-2.85662906],[-78.9837746,-2.85677708],[-78.9836761,-2.85695358],[-78.98343302,-2.85706752],[-78.98314095,-2.85712153],[-78.98302203,-2.85714736],[-78.98272596,-2.85722215],[-78.98246217,-2.85735676],[-78.98238711,-2.85744497],[-78.98233505,-2.8576502],[-78.9823193,-2.85780867],[-78.98233184,-2.85799314],[-78.98235601,-2.85820882],[-78.98235322,-2.85836469],[-78.98232449,-2.85849456],[-78.98227778,-2.85861925],[-78.98216379,-2.85881127],[-78.98206021,-2.85890729],[-78.98198389,-2.85899286],[-78.9818413,-2.85923682],[-78.98179718,-2.85932255],[-78.98176847,-2.8594913],[-78.98178609,-2.8597538],[-78.98176764,-2.8599694],[-78.98177108,-2.86020846],[-78.98177087,-2.86033315],[-78.98175259,-2.86044749],[-78.98173697,-2.86053842],[-78.98166697,-2.86066297],[-78.98153237,-2.86080821],[-78.98137187,-2.86095865],[-78.98114524,-2.86122849],[-78.9810829,-2.86144664],[-78.98102496,-2.86203369],[-78.98097136,-2.86239742],[-78.98096355,-2.8624389],[-78.98092339,-2.86252464],[-78.98068231,-2.86293207],[-78.98056576,-2.86309298],[-78.98029411,-2.86329774],[-78.97999251,-2.86360642],[-78.9798083,-2.86399324],[-78.97971597,-2.86434126],[-78.97964831,-2.86461917],[-78.97955987,-2.86495155],[-78.97948062,-2.86517491],[-78.97937095,-2.86581901],[-78.97929124,-2.86635674],[-78.97915881,-2.86669944],[-78.97892164,-2.86713816],[-78.97879472,-2.86731198],[-78.9786182,-2.86777423],[-78.97855974,-2.86793262],[-78.97829572,-2.86819715],[-78.97793363,-2.86838358],[-78.9777318,-2.86851314],[-78.97750134,-2.86876219],[-78.97727223,-2.86900861],[-78.97699734,-2.86957194],[-78.97693485,-2.86982119],[-78.97678536,-2.87035617],[-78.97617754,-2.8706851],[-78.9756862,-2.87088684],[-78.97550378,-2.87102169],[-78.97536619,-2.87133319],[-78.97532442,-2.87161638],[-78.97535264,-2.87172556],[-78.97539186,-2.8721777],[-78.97539141,-2.87243492],[-78.97516853,-2.87282168],[-78.97486439,-2.87309129],[-78.97448624,-2.87356095],[-78.974403,-2.87390636],[-78.97435751,-2.87405438],[-78.97444477,-2.8743897],[-78.9745991,-2.87478752],[-78.97461196,-2.87483691],[-78.97460926,-2.87488627],[-78.97457148,-2.87509668],[-78.97454538,-2.87521354],[-78.97451941,-2.87530445],[-78.97433056,-2.87541324],[-78.974041,-2.87547249],[-78.97396334,-2.87555029],[-78.97389336,-2.87566707],[-78.97380024,-2.87574746],[-78.97372381,-2.87584343],[-78.97357868,-2.87609778],[-78.97353154,-2.87646667],[-78.9733862,-2.87678603],[-78.9730821,-2.87707906],[-78.97291111,-2.87731256],[-78.97277895,-2.87749939],[-78.97263888,-2.87778756],[-78.97251328,-2.87797964],[-78.97220798,-2.87818958],[-78.9719854,-2.87835021],[-78.97185597,-2.8784695],[-78.97177316,-2.87856556],[-78.97170059,-2.87866931],[-78.97163057,-2.87880688],[-78.97158503,-2.87898085],[-78.9715511,-2.87920167],[-78.97150412,-2.87947961],[-78.97148568,-2.87963291],[-78.97140784,-2.87981722],[-78.97131564,-2.88008983],[-78.97124041,-2.88027161],[-78.97106687,-2.88047138],[-78.97084428,-2.88069177],[-78.97074067,-2.88080072],[-78.97038248,-2.88096897],[-78.97018062,-2.88116091],[-78.96972269,-2.88144065],[-78.96924527,-2.88180877],[-78.9689012,-2.88202126],[-78.96866334,-2.88208059],[-78.9682821,-2.882163],[-78.96795114,-2.88223781],[-78.96796641,-2.88239886],[-78.96799964,-2.88257821],[-78.9681053,-2.88272912],[-78.96835578,-2.88285425],[-78.96974629,-2.88273721],[-78.97009515,-2.88271189],[-78.97107598,-2.88263833],[-78.97225327,-2.88253131],[-78.97246002,-2.88251866],[-78.97342272,-2.88243205],[-78.97368645,-2.88239093],[-78.97424339,-2.88236335],[-78.97442455,-2.88217923],[-78.9745566,-2.8820547],[-78.97476102,-2.88188879],[-78.97505087,-2.88166843],[-78.97563162,-2.88129796],[-78.97619036,-2.88096641],[-78.97638185,-2.88084198],[-78.97754985,-2.88013739],[-78.97781636,-2.87994556],[-78.97836085,-2.87963993],[-78.97879012,-2.87944848],[-78.97913663,-2.87932432],[-78.97974293,-2.87915389],[-78.98017724,-2.87906117],[-78.98046411,-2.87905129],[-78.98054161,-2.8790592],[-78.98100791,-2.87913543],[-78.98144944,-2.87933884],[-78.98178756,-2.87958889],[-78.98254493,-2.88018778],[-78.98262265,-2.88006848],[-78.98269012,-2.87995161],[-78.98279882,-2.87980895],[-78.9828636,-2.87973628],[-78.98298263,-2.8796534],[-78.98306538,-2.87959116],[-78.98313277,-2.8795185],[-78.98320518,-2.87945371],[-78.98329192,-2.8793733],[-78.98335143,-2.8793292],[-78.98343683,-2.87924364],[-78.9835041,-2.87919177],[-78.98359459,-2.87917638],[-78.98366705,-2.87913229],[-78.98372662,-2.87905708],[-78.98374738,-2.87901291],[-78.98374753,-2.87892982],[-78.98371141,-2.87885959],[-78.98355674,-2.87865661],[-78.98347681,-2.87854734],[-78.98343821,-2.87846156],[-78.98343832,-2.87839402],[-78.9834656,-2.87832391],[-78.98353816,-2.87822793],[-78.98364164,-2.87813715],[-78.98372964,-2.87805675],[-78.98377099,-2.87806722],[-78.9837993,-2.87812441],[-78.98386878,-2.87829867],[-78.98390993,-2.87841827],[-78.98396925,-2.87848592],[-78.98404147,-2.87853279],[-78.98413458,-2.87850954],[-78.98420954,-2.8784811],[-78.98432355,-2.87833321],[-78.98447641,-2.87808402],[-78.98456452,-2.8779387],[-78.98470151,-2.87791562],[-78.98480493,-2.87791056],[-78.98502579,-2.8779577],[-78.9851498,-2.87795792],[-78.98528945,-2.87790627],[-78.98539034,-2.87785961],[-78.98547305,-2.87786762],[-78.98555817,-2.87794309],[-78.98559673,-2.87805491],[-78.98560939,-2.87821596],[-78.98559102,-2.87833545],[-78.98559087,-2.87842379],[-78.98562172,-2.87852004],[-78.98565792,-2.87854343],[-78.98569667,-2.87854613],[-78.98586207,-2.87853087],[-78.98615681,-2.87844297],[-78.98620855,-2.87842751],[-78.98636491,-2.87838366],[-78.98644511,-2.87834221],[-78.98649431,-2.87828254],[-78.98655648,-2.87820986],[-78.98656168,-2.87816828],[-78.98653857,-2.87811634],[-78.98655414,-2.87805914],[-78.98660068,-2.87802812],[-78.98671445,-2.87802045],[-78.98690555,-2.87806763],[-78.98708135,-2.87806794],[-78.98716142,-2.87804729],[-78.98726499,-2.87795651],[-78.98743877,-2.87756967],[-78.98748045,-2.87739045],[-78.98752598,-2.87721901],[-78.98758295,-2.87713865],[-78.98777178,-2.8770454],[-78.98808965,-2.87705121],[-78.98829885,-2.87707753],[-78.98846673,-2.87713497],[-78.98865005,-2.87725744],[-78.98870148,-2.87736404],[-78.98873364,-2.87748625],[-78.98887306,-2.87751769],[-78.98923494,-2.87750269],[-78.98951668,-2.87744342],[-78.9898579,-2.87736347],[-78.99009588,-2.87723658],[-78.99023161,-2.87722127],[-78.99035318,-2.87717212],[-78.99038173,-2.87709423],[-78.99036641,-2.87695904],[-78.99028643,-2.87687581],[-78.99024785,-2.876777],[-78.99028192,-2.87652761],[-78.99034429,-2.87634328],[-78.99051508,-2.87617206],[-78.99080461,-2.87613361],[-78.99100095,-2.87616768],[-78.9912488,-2.87630844],[-78.99136226,-2.87642817],[-78.99145646,-2.87650365],[-78.9916939,-2.87668598],[-78.991779,-2.87676669],[-78.9918358,-2.87678497],[-78.99192113,-2.87679036],[-78.99201159,-2.87679567],[-78.99211242,-2.87672831],[-78.99225971,-2.87672857],[-78.99240175,-2.87680676],[-78.99269493,-2.87689046],[-78.99308004,-2.87685995],[-78.99318736,-2.87678473],[-78.99340458,-2.87670202],[-78.99370698,-2.87666097],[-78.99382591,-2.87662998],[-78.99390885,-2.87651322],[-78.99391932,-2.87643531],[-78.99387304,-2.8763157],[-78.99382156,-2.87618568],[-78.99380365,-2.87609216],[-78.99390338,-2.87593384],[-78.99390878,-2.87578051],[-78.99391933,-2.87565837],[-78.99395043,-2.87561431],[-78.99406161,-2.87559371],[-78.99422179,-2.87563558],[-78.99438704,-2.87570341],[-78.99444651,-2.87568787],[-78.99446981,-2.87562562],[-78.99443132,-2.87547483],[-78.99440059,-2.87536049],[-78.99438,-2.87530585],[-78.99439044,-2.8752461],[-78.99446549,-2.8751683],[-78.99456113,-2.87513727],[-78.99464124,-2.87514519],[-78.99472648,-2.87515058],[-78.99478353,-2.8750779],[-78.99483275,-2.87500529],[-78.99491286,-2.87501583],[-78.99499543,-2.87505232],[-78.99507815,-2.87506025],[-78.99516087,-2.87501365],[-78.99526841,-2.87486574],[-78.99528931,-2.87473847],[-78.99529741,-2.874528],[-78.99530552,-2.87431491],[-78.99536518,-2.87418771],[-78.99542733,-2.87412552],[-78.99550763,-2.87402431],[-78.99554133,-2.87393341],[-78.99556345,-2.87388408],[-78.99561262,-2.87384258],[-78.99566948,-2.87382451],[-78.99572891,-2.87383501],[-78.99576765,-2.87384023],[-78.9958738,-2.87371574],[-78.99596699,-2.87364836],[-78.9960161,-2.87364067],[-78.99609361,-2.87364334],[-78.99616337,-2.87365386],[-78.99620727,-2.87364616],[-78.99628752,-2.87357614],[-78.99632138,-2.87344374],[-78.99625946,-2.87336823],[-78.99610963,-2.87332637],[-78.99602962,-2.87326132],[-78.9960324,-2.87316521],[-78.99607897,-2.87311855],[-78.99630643,-2.87309291],[-78.99644602,-2.87308013],[-78.99647974,-2.87302567],[-78.99649026,-2.87292434],[-78.99648001,-2.8728698],[-78.99639886,-2.87268774],[-78.99638354,-2.87260462],[-78.9963914,-2.87252923],[-78.99651566,-2.87243849],[-78.99658554,-2.87238147],[-78.9966244,-2.87231916],[-78.99659859,-2.87226721],[-78.996591,-2.87218664],[-78.99667632,-2.87214782],[-78.99675399,-2.872057],[-78.99674401,-2.87190111],[-78.99673274,-2.87166203],[-78.99675889,-2.8715166],[-78.99678245,-2.87130616],[-78.99680866,-2.87112953],[-78.99690442,-2.87103097],[-78.99706478,-2.87096371],[-78.99716564,-2.87087772],[-78.99717101,-2.87084545],[-78.99717137,-2.87084356],[-78.99718612,-2.87079286],[-78.99719795,-2.87076024],[-78.99719858,-2.87075934],[-78.997197,-2.87073745],[-78.99719173,-2.87071701],[-78.99717837,-2.87069384],[-78.99717066,-2.87068099],[-78.99716008,-2.87066497],[-78.99714797,-2.87064641],[-78.99710784,-2.87060909],[-78.99706115,-2.8705695],[-78.99702507,-2.87053119],[-78.99701761,-2.87052494],[-78.99697432,-2.87049701],[-78.99691735,-2.87047241],[-78.99689587,-2.8704636],[-78.99685508,-2.87044816],[-78.99683549,-2.87044035],[-78.99678814,-2.87041486],[-78.99678096,-2.87040852],[-78.99677163,-2.87039376],[-78.99676886,-2.87038318],[-78.99676917,-2.87036311],[-78.99676867,-2.87034114],[-78.99677528,-2.87031484],[-78.99677997,-2.87030264],[-78.99680369,-2.87026697],[-78.99683091,-2.87022651],[-78.99686398,-2.87019149],[-78.99690049,-2.87013423],[-78.99690428,-2.87012673],[-78.99692081,-2.87008725],[-78.99692365,-2.87005687],[-78.99692531,-2.87003527],[-78.99692444,-2.87001863],[-78.99692347,-2.87000326],[-78.99692349,-2.86999575],[-78.99691459,-2.86993742],[-78.99690219,-2.86988378],[-78.99689449,-2.86986569],[-78.99688605,-2.86985564],[-78.99681662,-2.86980786],[-78.99680602,-2.86980088],[-78.99679363,-2.86979399],[-78.99679111,-2.86979182],[-78.99678178,-2.86978086],[-78.99677775,-2.86977145],[-78.99677274,-2.86975381],[-78.99677116,-2.86973247],[-78.99676994,-2.86971113],[-78.99676781,-2.86969829],[-78.99676756,-2.86968545],[-78.99676758,-2.86967161],[-78.9967695,-2.86965281],[-78.99677601,-2.86963465],[-78.99679198,-2.86960303],[-78.99681262,-2.8695764],[-78.99684099,-2.8695533],[-78.99687312,-2.86953735],[-78.99690209,-2.8695252],[-78.99693169,-2.86951838],[-78.99697846,-2.86951123],[-78.99699061,-2.86950655],[-78.99699998,-2.86949816],[-78.99700746,-2.8694856],[-78.99701252,-2.86947277],[-78.99701788,-2.86944177],[-78.99701734,-2.86938842],[-78.99701893,-2.86935398],[-78.99702018,-2.86930823],[-78.99702306,-2.86925561],[-78.99702181,-2.86925091],[-78.99702409,-2.86923301],[-78.99702817,-2.86921014],[-78.99702971,-2.86920544],[-78.99703352,-2.86918854],[-78.99703658,-2.86918412],[-78.99704317,-2.86916849],[-78.99704597,-2.86916442],[-78.99705571,-2.86914943],[-78.99705976,-2.86914628],[-78.99707623,-2.8691369],[-78.99707938,-2.86913474],[-78.99709379,-2.86912536],[-78.99709874,-2.86912067],[-78.99711,-2.86910993],[-78.99711684,-2.8691084],[-78.99713249,-2.86910563],[-78.99713654,-2.86910247],[-78.99715211,-2.86909436],[-78.99715553,-2.86909156],[-78.99716743,-2.86907838],[-78.99717022,-2.86907369],[-78.99717681,-2.86905806],[-78.99717961,-2.86905182],[-78.99718432,-2.86903547],[-78.99718558,-2.86903077],[-78.99718804,-2.86901486],[-78.99719249,-2.86898937],[-78.99719468,-2.86896812],[-78.99719536,-2.86894082],[-78.99719539,-2.86892355],[-78.99719642,-2.86890194],[-78.99719583,-2.86887753],[-78.99719584,-2.86887437],[-78.99719488,-2.86885556],[-78.99719429,-2.86883332],[-78.9971943,-2.86882771],[-78.99719307,-2.86880953],[-78.99719281,-2.8688061],[-78.99719122,-2.86878846],[-78.9971906,-2.86878259],[-78.9971891,-2.86876531],[-78.99718911,-2.86875998],[-78.99718572,-2.86874334],[-78.99718235,-2.86872073],[-78.99718048,-2.86870789],[-78.99717924,-2.86869821],[-78.99717862,-2.86869224],[-78.99717622,-2.8686765],[-78.99717398,-2.86867153],[-78.99716906,-2.86865461],[-78.99716817,-2.86864955],[-78.99717036,-2.86863237],[-78.997171,-2.86862632],[-78.99717535,-2.86860914],[-78.99717598,-2.86860444],[-78.99718168,-2.86858809],[-78.9971842,-2.86858222],[-78.99718855,-2.86856586],[-78.99718946,-2.86856215],[-78.99719452,-2.86854426],[-78.99719516,-2.86854019],[-78.99719951,-2.8685223],[-78.9972014,-2.86851724],[-78.99720674,-2.86850097],[-78.99720738,-2.86849564],[-78.99720956,-2.86847837],[-78.99720984,-2.86847367],[-78.99721212,-2.8684555],[-78.99721114,-2.86845017],[-78.99721153,-2.86843326],[-78.99720965,-2.86842892],[-78.997205,-2.86841164],[-78.99720312,-2.8684063],[-78.99719569,-2.86839246],[-78.99719291,-2.86838712],[-78.99718043,-2.86837489],[-78.99717639,-2.86837117],[-78.99716391,-2.86835985],[-78.99716032,-2.86835559],[-78.99714658,-2.86834309],[-78.99714416,-2.86833902],[-78.99712889,-2.8683314],[-78.99712422,-2.86832895],[-78.99710867,-2.86832015],[-78.99710302,-2.86831662],[-78.99709063,-2.86830412],[-78.99708713,-2.86830095],[-78.99707942,-2.86828556],[-78.99707691,-2.86828022],[-78.99706794,-2.86826547],[-78.9970648,-2.86826112],[-78.99706079,-2.86824421],[-78.99705864,-2.86824014],[-78.99705768,-2.8682225],[-78.9970558,-2.8682169],[-78.99705907,-2.868199],[-78.99705809,-2.86819466],[-78.99706594,-2.86817713],[-78.99706846,-2.86817361],[-78.99707407,-2.86815671],[-78.99707569,-2.86815237],[-78.9970813,-2.86813602],[-78.99708347,-2.86813042],[-78.99708853,-2.86811478],[-78.9970907,-2.86810909],[-78.99709612,-2.86809319],[-78.99709793,-2.86808786],[-78.99710641,-2.8680725],[-78.9971083,-2.86806807],[-78.99711517,-2.86805208],[-78.99711832,-2.86804621],[-78.99712518,-2.86803275],[-78.99712834,-2.86802643],[-78.99713421,-2.8680108],[-78.99713647,-2.8680061],[-78.99714297,-2.86799011],[-78.9971446,-2.86798568],[-78.99715146,-2.86796879],[-78.99715336,-2.86796219],[-78.99715869,-2.86794692],[-78.99715897,-2.86794249],[-78.99716134,-2.86792531],[-78.99716135,-2.86791962],[-78.99716201,-2.86790271],[-78.99716228,-2.86789738],[-78.9971642,-2.86787921],[-78.99716547,-2.86787451],[-78.99716208,-2.86785823],[-78.99716083,-2.86785253],[-78.99715709,-2.86783534],[-78.99715494,-2.86783],[-78.99715587,-2.8678121],[-78.99715624,-2.8678027],[-78.99715691,-2.86778453],[-78.99715655,-2.86777956],[-78.99715757,-2.86776229],[-78.99715785,-2.86775659],[-78.99715878,-2.86774005],[-78.99715915,-2.86773499],[-78.99715918,-2.86771654],[-78.99715883,-2.86771184],[-78.99715886,-2.86769457],[-78.9971586,-2.86768887],[-78.99715827,-2.86767133],[-78.99715738,-2.86766636],[-78.99715894,-2.86764945],[-78.99715832,-2.86764348],[-78.99716024,-2.86762685],[-78.99716025,-2.86762215],[-78.99716279,-2.86760461],[-78.99716379,-2.86759901],[-78.99716598,-2.86758138],[-78.99716662,-2.86757578],[-78.99716845,-2.86755915],[-78.99716909,-2.86755417],[-78.99717352,-2.86753791],[-78.99717506,-2.86753131],[-78.99717914,-2.86751405],[-78.99718166,-2.86751025],[-78.99718789,-2.86749435],[-78.99718952,-2.86748739],[-78.99719333,-2.86747122],[-78.99719361,-2.86746615],[-78.99719643,-2.86744925],[-78.99719742,-2.86744328],[-78.99719808,-2.86742764],[-78.99719836,-2.86742168],[-78.9972028,-2.86740505],[-78.9972028,-2.86740035],[-78.99720499,-2.86738281],[-78.99720653,-2.86737775],[-78.99721061,-2.86736022],[-78.9972134,-2.86735525],[-78.99721883,-2.86733962],[-78.99722099,-2.86733429],[-78.99722165,-2.86731738],[-78.99722292,-2.86731205],[-78.99722421,-2.86729578],[-78.99722665,-2.86728981],[-78.9972345,-2.86727382],[-78.99723577,-2.86726912],[-78.99724263,-2.86725313],[-78.99724362,-2.86724943],[-78.99725103,-2.86723271],[-78.99725328,-2.86722802],[-78.9972614,-2.86721392],[-78.99726384,-2.86720733],[-78.9972751,-2.86719451],[-78.9972779,-2.86719108],[-78.99728889,-2.86717699],[-78.99729295,-2.86717139],[-78.99730232,-2.86715921],[-78.99730638,-2.86715352],[-78.99731638,-2.8671416],[-78.99732043,-2.8671369],[-78.99733134,-2.86712408],[-78.99733512,-2.86712002],[-78.99734602,-2.86710784],[-78.99735007,-2.86710468],[-78.99736134,-2.86709096],[-78.99736665,-2.86708662],[-78.99737728,-2.86707408],[-78.99737972,-2.86707028],[-78.99739008,-2.86705656],[-78.99739351,-2.8670525],[-78.99740594,-2.86703995],[-78.99740945,-2.86703616],[-78.9974244,-2.86702497],[-78.99742809,-2.86702091],[-78.99743999,-2.86700836],[-78.99744314,-2.86700521],[-78.99745378,-2.86698985],[-78.99745657,-2.86698615],[-78.99746469,-2.8669726],[-78.99746874,-2.86696827],[-78.99747317,-2.86695255],[-78.99747471,-2.86694604],[-78.99748158,-2.86692969],[-78.99748437,-2.86692472],[-78.99749069,-2.86691062],[-78.99749196,-2.86690466],[-78.99749972,-2.86688867],[-78.99750162,-2.8668837],[-78.99750884,-2.86686807],[-78.99751137,-2.86686247],[-78.99751796,-2.86684774],[-78.9975204,-2.86684241],[-78.99752762,-2.86682733],[-78.99752978,-2.86682236],[-78.99753512,-2.86680636],[-78.99753728,-2.86679977],[-78.99754262,-2.86678441],[-78.99754487,-2.86677971],[-78.99755174,-2.86676218],[-78.99755363,-2.86675875],[-78.99756076,-2.86674249],[-78.99756392,-2.86673716],[-78.99757114,-2.86672306],[-78.99757394,-2.86671773],[-78.99758116,-2.86670265],[-78.99758395,-2.86669705],[-78.99759207,-2.86668296],[-78.9975946,-2.86667736],[-78.99760299,-2.86666327],[-78.99760704,-2.86665821],[-78.99761606,-2.86664448],[-78.99762823,-2.86662443],[-78.99763887,-2.86660781],[-78.99765267,-2.86658533],[-78.997657,-2.866579],[-78.99767889,-2.86655336],[-78.99768322,-2.86654777],[-78.99769573,-2.86653839],[-78.9977008,-2.86652393],[-78.99770705,-2.866497],[-78.99770707,-2.86648633],[-78.99770708,-2.86647692],[-78.99771397,-2.86644619],[-78.9977184,-2.86643119],[-78.99773213,-2.86639785],[-78.99774532,-2.86636343],[-78.9977547,-2.8663478],[-78.99775966,-2.86633588],[-78.99776463,-2.86632205],[-78.99777468,-2.86628328],[-78.9977791,-2.86627389],[-78.99778227,-2.86626259],[-78.99779283,-2.86624001],[-78.99780411,-2.86621688],[-78.99780854,-2.86620188],[-78.99781162,-2.86618868],[-78.99781227,-2.86617738],[-78.99781233,-2.86614673],[-78.9978136,-2.86613607],[-78.99781425,-2.86612476],[-78.99781553,-2.866116],[-78.99781682,-2.86609403],[-78.99781683,-2.86608906],[-78.99781804,-2.86606582],[-78.99781808,-2.86604638],[-78.99781808,-2.86604132],[-78.99781561,-2.86601754],[-78.99781186,-2.86599809],[-78.99780948,-2.86597114],[-78.99780511,-2.86595169],[-78.99779959,-2.86592221],[-78.99779964,-2.865894],[-78.99779901,-2.86588966],[-78.99779908,-2.86585458],[-78.99779911,-2.86583198],[-78.9977985,-2.86582257],[-78.997796,-2.86581126],[-78.99779288,-2.86579688],[-78.99779173,-2.86578748],[-78.99778986,-2.86577427],[-78.99778862,-2.86576487],[-78.99778801,-2.86575546],[-78.99778994,-2.86573232],[-78.99778994,-2.86572726],[-78.99779059,-2.86571849],[-78.99779249,-2.86571099],[-78.99779376,-2.86570475],[-78.99779873,-2.86569156],[-78.99780064,-2.86568026],[-78.99780814,-2.86565839],[-78.99781385,-2.86563273],[-78.9978182,-2.8656151],[-78.99782137,-2.86560137],[-78.99782265,-2.8655869],[-78.99782205,-2.86556936],[-78.9978183,-2.86555245],[-78.99781644,-2.8655406],[-78.99781467,-2.86552296],[-78.99781405,-2.86551419],[-78.99780715,-2.86550107],[-78.99780035,-2.86548415],[-78.99779038,-2.86547473],[-78.99778044,-2.86545274],[-78.99777301,-2.86543266],[-78.99775751,-2.86539945],[-78.99775303,-2.86539383],[-78.99774558,-2.86538442],[-78.99773751,-2.86537247],[-78.99772819,-2.86535301],[-78.99772138,-2.86533736],[-78.997717,-2.86532234],[-78.99771707,-2.86528473],[-78.99771897,-2.86527596],[-78.99771965,-2.86524902],[-78.99771966,-2.86523962],[-78.99771601,-2.86521701],[-78.99771165,-2.86519132],[-78.99770916,-2.86517631],[-78.9977117,-2.86516311],[-78.99771111,-2.86513997],[-78.99771175,-2.86513237],[-78.99771862,-2.86511358],[-78.99773434,-2.86507355],[-78.9977412,-2.86505729],[-78.99774742,-2.86504591],[-78.99775743,-2.86503028],[-78.99776744,-2.86501403],[-78.99777999,-2.86498774],[-78.99779191,-2.86495702],[-78.99780499,-2.86493136],[-78.99781377,-2.86490001],[-78.99781568,-2.86488807],[-78.99782889,-2.86483991],[-78.99783133,-2.86483358],[-78.99783198,-2.864823],[-78.997832,-2.8648136],[-78.99783328,-2.8648004],[-78.9978333,-2.86478783],[-78.99783333,-2.86477156],[-78.9978327,-2.86476839],[-78.99783219,-2.86475402],[-78.99782969,-2.86474334],[-78.99782346,-2.86470825],[-78.99782347,-2.86470201],[-78.99782411,-2.86469505],[-78.99782853,-2.86468566],[-78.99782791,-2.86467942],[-78.9978354,-2.86466632],[-78.99784225,-2.86465377],[-78.9978473,-2.86464627],[-78.99785163,-2.86463995],[-78.99785352,-2.86463688],[-78.99785417,-2.86462494],[-78.99785421,-2.8646018],[-78.99784496,-2.86454536],[-78.99783879,-2.86452338],[-78.99783316,-2.8645033],[-78.99783201,-2.86449389],[-78.99783266,-2.86448205],[-78.99783637,-2.86447202],[-78.99784449,-2.86445504],[-78.99785766,-2.86443002],[-78.99786388,-2.86442126],[-78.99787892,-2.86441061],[-78.9978864,-2.86439933],[-78.99789262,-2.86439057],[-78.99789704,-2.86438244],[-78.99790138,-2.86436744],[-78.99790267,-2.86434926],[-78.99790268,-2.8643442],[-78.99790649,-2.86432667],[-78.9979065,-2.8643198],[-78.99791147,-2.86430543],[-78.99791655,-2.86427967],[-78.99792089,-2.8642653],[-78.99793218,-2.86424028],[-78.99793967,-2.86422275],[-78.99794347,-2.86420766],[-78.99794348,-2.86420268],[-78.99794162,-2.86418821],[-78.99792363,-2.86413872],[-78.99791987,-2.86412624],[-78.99791864,-2.86411114],[-78.99791867,-2.8640955],[-78.99792059,-2.86407859],[-78.99792314,-2.86405663],[-78.99792686,-2.86403846],[-78.99793446,-2.86401406],[-78.99794132,-2.8639978],[-78.99795135,-2.86397142],[-78.99796138,-2.86394142],[-78.99796636,-2.86392199],[-78.99797829,-2.86388693],[-78.99798201,-2.86386559],[-78.99798961,-2.86384364],[-78.9979908,-2.86383179],[-78.99799092,-2.86381172],[-78.99798844,-2.86379101],[-78.99798594,-2.8637779],[-78.99798353,-2.86376723],[-78.99797424,-2.86373583],[-78.99796923,-2.86371648],[-78.99796494,-2.86370137],[-78.9979637,-2.86369007],[-78.9979631,-2.86367696],[-78.99796375,-2.86366692],[-78.99796376,-2.86365562],[-78.99796558,-2.86364495],[-78.99796686,-2.86363438],[-78.9979694,-2.86361991],[-78.99797005,-2.86361051],[-78.99797132,-2.86360238],[-78.99797567,-2.86358484],[-78.99798632,-2.86356163],[-78.99799697,-2.86354103],[-78.9980113,-2.86351782],[-78.99802068,-2.86350346],[-78.9980351,-2.86348468],[-78.99805258,-2.863464],[-78.99806565,-2.86344902],[-78.99807503,-2.86343023],[-78.9980844,-2.86341894],[-78.99810566,-2.86339574],[-78.99811315,-2.86338455],[-78.99812884,-2.86335944],[-78.99814634,-2.86332819],[-78.99815446,-2.86330876],[-78.99815387,-2.86328552],[-78.9981539,-2.86327305],[-78.99815204,-2.86325731],[-78.99814954,-2.86324293],[-78.99814221,-2.86322095],[-78.99813908,-2.86320973],[-78.99813722,-2.86319209],[-78.99813661,-2.86317898],[-78.9981373,-2.86314571],[-78.99813674,-2.86310629],[-78.99813742,-2.86307492],[-78.99813807,-2.86306552],[-78.99813872,-2.86305304],[-78.99813937,-2.86304111],[-78.99814003,-2.86302601],[-78.9981432,-2.86301227],[-78.99814564,-2.86300224],[-78.99815009,-2.86298091],[-78.99817061,-2.8629663],[-78.99817746,-2.8629588],[-78.99818432,-2.86294381],[-78.99818434,-2.86293377],[-78.99818185,-2.8629193],[-78.99818125,-2.86289986],[-78.99818128,-2.86288549],[-78.99818318,-2.86287925],[-78.99818571,-2.86287229],[-78.99818697,-2.86286985],[-78.99819319,-2.86285856],[-78.99819825,-2.86284537],[-78.99819826,-2.86283787],[-78.99820198,-2.86282223],[-78.99820514,-2.86281401],[-78.99820947,-2.86280525],[-78.99821452,-2.86279838],[-78.99824071,-2.86278523],[-78.99825322,-2.86277711],[-78.99825944,-2.86276835],[-78.99826451,-2.86275272],[-78.99826885,-2.8627389],[-78.99827201,-2.86272823],[-78.9982732,-2.86271449],[-78.99827322,-2.86270762],[-78.9982726,-2.86269939],[-78.99827144,-2.86269252],[-78.99827146,-2.86268565],[-78.99827517,-2.86267119],[-78.99827771,-2.86265745],[-78.99828088,-2.86264678],[-78.99828458,-2.86263802],[-78.99829207,-2.86262239],[-78.99829523,-2.86261173],[-78.99830086,-2.8625829],[-78.99830656,-2.86256473],[-78.9983091,-2.86254964],[-78.9983141,-2.86251954],[-78.998316,-2.86251014],[-78.99832098,-2.86249451],[-78.99833418,-2.86245131],[-78.99833916,-2.86243251],[-78.99834295,-2.86242492],[-78.99834676,-2.86240685],[-78.99835301,-2.86237992],[-78.99835682,-2.86235605],[-78.99835927,-2.86234602],[-78.99836677,-2.86232352],[-78.99837933,-2.86228774],[-78.99838249,-2.86228087],[-78.99838998,-2.86227022],[-78.99840748,-2.86223833],[-78.9984156,-2.86222135],[-78.99842373,-2.86219822],[-78.99842815,-2.86218882],[-78.99843312,-2.86217689],[-78.99844943,-2.86215812],[-78.99848686,-2.86214381],[-78.99851862,-2.86213563],[-78.99852861,-2.86213258],[-78.99853986,-2.8621269],[-78.99854796,-2.86212004],[-78.99855544,-2.86211255],[-78.99855797,-2.86210632],[-78.99856167,-2.86209692],[-78.99856232,-2.86208372],[-78.99856238,-2.86205045],[-78.99856241,-2.86203544],[-78.99856054,-2.8620216],[-78.99855752,-2.86199845],[-78.99855505,-2.86197214],[-78.99855382,-2.86195523],[-78.99855384,-2.86194637],[-78.99855638,-2.86193263],[-78.9985626,-2.8619226],[-78.9985745,-2.86190879],[-78.99858692,-2.86190004],[-78.99861627,-2.86188129],[-78.99863067,-2.86187064],[-78.99864562,-2.86186072],[-78.99865003,-2.8618563],[-78.99865815,-2.86184438],[-78.99866311,-2.86183128],[-78.99866754,-2.86182188],[-78.99867376,-2.86181312],[-78.99868934,-2.86179995],[-78.99870808,-2.86177494],[-78.99872684,-2.86174613],[-78.99873685,-2.86172797],[-78.99874316,-2.86171732],[-78.99875002,-2.86170476],[-78.99876434,-2.86168914],[-78.99877749,-2.86167976],[-78.9988,-2.8616647],[-78.99881431,-2.86165288],[-78.99883178,-2.86163908],[-78.99885177,-2.86162537],[-78.99887113,-2.86160904],[-78.99888176,-2.86159839],[-78.9989005,-2.86157718],[-78.99891988,-2.86154963],[-78.99893232,-2.86153646],[-78.99894483,-2.86152762],[-78.99896292,-2.8615158],[-78.99899721,-2.86149896],[-78.99901593,-2.86149013],[-78.99903402,-2.86148266],[-78.99905967,-2.86147086],[-78.99907965,-2.86146393],[-78.99910709,-2.86145584],[-78.99911455,-2.86145332],[-78.9991239,-2.86145397],[-78.99912768,-2.86145461],[-78.99914449,-2.86145527],[-78.99915573,-2.86145909],[-78.99917685,-2.86146537],[-78.99919249,-2.86146666],[-78.99922055,-2.86146544],[-78.99925168,-2.86145673],[-78.99926976,-2.86145179],[-78.99928102,-2.86144304],[-78.99929544,-2.8614267],[-78.99931916,-2.86138478],[-78.99933359,-2.86136157],[-78.99934854,-2.86134469],[-78.99937294,-2.86132846],[-78.99937978,-2.86132467],[-78.99938978,-2.86131466],[-78.9994004,-2.86130717],[-78.99941041,-2.86129525],[-78.99942537,-2.8612715],[-78.99943602,-2.86125145],[-78.99944112,-2.86121565],[-78.99944114,-2.86120064],[-78.99944547,-2.86119188],[-78.99945674,-2.86117689],[-78.99947294,-2.86116688],[-78.99951037,-2.86115628],[-78.9995316,-2.86115189],[-78.99955282,-2.86115256],[-78.99956406,-2.86115068],[-78.99957712,-2.86114256],[-78.99958334,-2.86113507],[-78.9995978,-2.86109061],[-78.99960224,-2.86107308],[-78.99961161,-2.86106053],[-78.99963906,-2.86104737],[-78.99964896,-2.86104296],[-78.99966398,-2.86104055],[-78.99967828,-2.86103931],[-78.99970328,-2.86103682],[-78.99971201,-2.8610343],[-78.99972326,-2.86102682],[-78.99973011,-2.86101806],[-78.99974256,-2.86099801],[-78.99975448,-2.86096982],[-78.99976133,-2.8609579],[-78.99977763,-2.86094545],[-78.99980444,-2.86093736],[-78.99981812,-2.86093232],[-78.99983125,-2.86093171],[-78.99983746,-2.86092864],[-78.99986059,-2.86091675],[-78.99987805,-2.86090864],[-78.99989244,-2.8609055],[-78.99990611,-2.86090426],[-78.99992491,-2.86090176],[-78.99993732,-2.86089871],[-78.99994236,-2.86089619],[-78.99995173,-2.86088743],[-78.99995605,-2.86088491],[-78.99996542,-2.86087489],[-78.99997543,-2.8608599],[-78.99998859,-2.86083985],[-78.99999986,-2.8608236],[-79.00000733,-2.86081728],[-79.00003417,-2.86079662],[-79.00004038,-2.86078976],[-79.00004794,-2.86078598],[-79.00005856,-2.86078229],[-79.00007035,-2.86077914],[-79.00008663,-2.86077483],[-79.00011154,-2.86077614],[-79.0001377,-2.860778],[-79.00016638,-2.86078058],[-79.00018634,-2.86078251],[-79.00021124,-2.86078943],[-79.00023685,-2.86079761],[-79.00025052,-2.86080016],[-79.00028234,-2.86080275],[-79.00029296,-2.86080277],[-79.00031355,-2.86079901],[-79.00035971,-2.86078345],[-79.00040336,-2.86076472],[-79.00043333,-2.86075094],[-79.00047266,-2.86072913],[-79.00053073,-2.86069035],[-79.00056934,-2.86066718],[-79.00058492,-2.86065853],[-79.00061119,-2.86064854],[-79.00062929,-2.86063663],[-79.00064172,-2.86062409],[-79.00064361,-2.86062228],[-79.00066676,-2.86059972],[-79.00068549,-2.86058348],[-79.00069171,-2.86057535],[-79.00070792,-2.86056091],[-79.00072359,-2.86054837],[-79.00074231,-2.86053593],[-79.00074916,-2.86052961],[-79.00075663,-2.86052528],[-79.00076104,-2.86052023],[-79.00077285,-2.86050777],[-79.00079097,-2.8604796],[-79.00080034,-2.86046831],[-79.00081033,-2.86046272],[-79.00081656,-2.86045143],[-79.00082341,-2.86043951],[-79.00082594,-2.86043391],[-79.00083216,-2.86042641],[-79.00084341,-2.86041703],[-79.0008472,-2.86041134],[-79.00086089,-2.86040133],[-79.00087835,-2.86039259],[-79.00088339,-2.86039016],[-79.00088645,-2.86038763],[-79.00089149,-2.86038511],[-79.00089707,-2.86038014],[-79.00090086,-2.86037445],[-79.00091581,-2.860362],[-79.00093642,-2.86034884],[-79.00094327,-2.86034324],[-79.00095208,-2.86033946],[-79.00097259,-2.8603395],[-79.00098194,-2.86033888],[-79.00099822,-2.86033394],[-79.00100822,-2.86032582],[-79.00101571,-2.86031326],[-79.00102066,-2.86030577],[-79.00102634,-2.86029818],[-79.0010313,-2.86029195],[-79.0010412,-2.8602851],[-79.00105371,-2.86028078],[-79.00106369,-2.8602789],[-79.00107484,-2.86028082],[-79.00108734,-2.86028328],[-79.00110415,-2.86028458],[-79.00112969,-2.86028272],[-79.00114094,-2.86027967],[-79.00116531,-2.86028034],[-79.00118707,-2.86027975],[-79.00120829,-2.86027789],[-79.00122701,-2.86027222],[-79.00124446,-2.86026728],[-79.00126318,-2.86025728],[-79.00127947,-2.86024727],[-79.00129937,-2.86023664],[-79.00130818,-2.86023358],[-79.001325,-2.86023107],[-79.00133184,-2.86023172],[-79.00133804,-2.86023173],[-79.00134991,-2.86023238],[-79.00136178,-2.86023548],[-79.00137175,-2.86024056],[-79.00138477,-2.86024935],[-79.00140534,-2.86026313],[-79.00141783,-2.86026885],[-79.00144524,-2.8602783],[-79.00145648,-2.86027895],[-79.00146772,-2.86027771],[-79.00149579,-2.86027088],[-79.00150821,-2.86026648],[-79.00152693,-2.86025647],[-79.00153755,-2.86024899],[-79.00154197,-2.86024212],[-79.00155007,-2.86023517],[-79.0015625,-2.86022399],[-79.00157997,-2.86020901],[-79.00159501,-2.8601971],[-79.00160123,-2.86019078],[-79.0016337,-2.86018523],[-79.00165609,-2.860184],[-79.00168415,-2.86018532],[-79.00170284,-2.86018978],[-79.00171408,-2.86019351],[-79.00172963,-2.86019354],[-79.00174276,-2.86019356],[-79.00176022,-2.86018672],[-79.00176958,-2.8601823],[-79.00177768,-2.86017988],[-79.00179396,-2.86017737],[-79.00180079,-2.86017612],[-79.00181762,-2.86016738],[-79.00183886,-2.86015928],[-79.00186441,-2.86015299],[-79.00188374,-2.86015493],[-79.00188994,-2.86015684],[-79.00190494,-2.86016753],[-79.00191426,-2.86018446],[-79.00193481,-2.8602108],[-79.00196714,-2.86023283],[-79.00198295,-2.86024533],[-79.00199975,-2.86025043],[-79.00201225,-2.86025108],[-79.0020359,-2.86025302],[-79.00206648,-2.86025181],[-79.00207709,-2.86024866],[-79.00208772,-2.86024055],[-79.00210014,-2.86023116],[-79.00211139,-2.86022494],[-79.00213011,-2.86021802],[-79.00215072,-2.86020865],[-79.00216197,-2.86020243],[-79.00217564,-2.86019866],[-79.00219183,-2.86019805],[-79.00220559,-2.86019871],[-79.00221745,-2.86020189],[-79.0022374,-2.86021133],[-79.00226356,-2.86021391],[-79.00228037,-2.86021638],[-79.00229413,-2.86021523],[-79.00230034,-2.86021334],[-79.00231717,-2.8602065],[-79.00232401,-2.86020588],[-79.00233789,-2.8602059],[-79.00234256,-2.86018828],[-79.00234501,-2.86017445],[-79.00235133,-2.86015819],[-79.00235881,-2.8601488],[-79.00238503,-2.86012307],[-79.00240944,-2.86009997],[-79.00241628,-2.86009184],[-79.00241863,-2.86008624],[-79.00242846,-2.86007206],[-79.00243116,-2.86006809],[-79.00244377,-2.86005582],[-79.00244782,-2.86005275],[-79.00246268,-2.86004229],[-79.00246637,-2.86003958],[-79.0024823,-2.86003156],[-79.00248653,-2.86002976],[-79.00250291,-2.86002337],[-79.00250741,-2.86002157],[-79.00252405,-2.86001536],[-79.00252846,-2.86001347],[-79.00254511,-2.8600078],[-79.00254961,-2.86000618],[-79.00256581,-2.85999844],[-79.00256977,-2.85999591],[-79.00258579,-2.85998798],[-79.00258993,-2.85998528],[-79.00260658,-2.85997916],[-79.00261161,-2.85997989],[-79.00262915,-2.85997513],[-79.00263302,-2.85997297],[-79.0026494,-2.85996712],[-79.0026539,-2.8599655],[-79.00267135,-2.85996074],[-79.00267729,-2.8599602],[-79.00269393,-2.85995842],[-79.00269887,-2.85996006],[-79.00271623,-2.85995991],[-79.00272108,-2.85995938],[-79.0027299,-2.85995559],[-79.00273782,-2.85995226],[-79.00274142,-2.85994938],[-79.0027561,-2.85994],[-79.00275997,-2.85993567],[-79.00277455,-2.85992665],[-79.00278031,-2.85992648],[-79.00279325,-2.85993111],[-79.00279747,-2.8599332],[-79.00280269,-2.85993221],[-79.00281977,-2.85993396],[-79.00282535,-2.85993298],[-79.00284128,-2.85992713],[-79.00284533,-2.85992478],[-79.00286108,-2.85991631],[-79.00286522,-2.85991397],[-79.00288079,-2.85990514],[-79.00288457,-2.85990297],[-79.00290113,-2.85989468],[-79.00290536,-2.8598927],[-79.00292075,-2.85988495],[-79.00292534,-2.85988288],[-79.00293812,-2.85987558],[-79.00294064,-2.85987414],[-79.00294478,-2.8598717],[-79.00296072,-2.85986305],[-79.00296486,-2.85986089],[-79.00298078,-2.85985359],[-79.00298519,-2.85985152],[-79.00300157,-2.85984359],[-79.00300598,-2.85984125],[-79.00300958,-2.85983945],[-79.00302164,-2.85983314],[-79.00302525,-2.85983107],[-79.003041,-2.85982287],[-79.00304559,-2.85982079],[-79.00306098,-2.85981277],[-79.00306575,-2.85981043],[-79.00308168,-2.8598025],[-79.00308555,-2.85980088],[-79.00309608,-2.85979566],[-79.00310274,-2.85979268],[-79.0031066,-2.85979152],[-79.00312137,-2.85978241],[-79.00312605,-2.85977971],[-79.00314063,-2.85977006],[-79.00314495,-2.85976871],[-79.0031616,-2.85976078],[-79.00316457,-2.85975708],[-79.0031779,-2.85974535],[-79.00318177,-2.85974264],[-79.00319833,-2.85973571],[-79.00510425,-2.85833552],[-79.00508132,-2.85833458],[-79.00504267,-2.85832312],[-79.0050105,-2.85831257],[-79.00499917,-2.85830849],[-79.00499028,-2.85830196],[-79.00497905,-2.85829706],[-79.00497016,-2.85828818],[-79.00493641,-2.85825648],[-79.00491792,-2.85823294],[-79.00489945,-2.85820054],[-79.0048842,-2.85818026],[-79.00487209,-2.85816731],[-79.00486086,-2.8581559],[-79.00484874,-2.85814457],[-79.00484075,-2.85813968],[-79.00483107,-2.85812185],[-79.00481822,-2.85811369],[-79.00479729,-2.85810072],[-79.00477474,-2.85809092],[-79.00476423,-2.85808683],[-79.00475218,-2.85808202],[-79.00474087,-2.85807386],[-79.00472561,-2.85806009],[-79.00471761,-2.85805275],[-79.00470064,-2.85803979],[-79.00469346,-2.85803246],[-79.00468053,-2.85802186],[-79.00467497,-2.85801054],[-79.00466529,-2.85799353],[-79.00464923,-2.85797162],[-79.00464117,-2.85795452],[-79.00463641,-2.85794972],[-79.00463239,-2.85793669],[-79.00462432,-2.85792375],[-79.00461391,-2.8579099],[-79.00460423,-2.8578937],[-79.00459858,-2.85788157],[-79.0045906,-2.85787179],[-79.00458173,-2.8578499],[-79.00457051,-2.85783776],[-79.00456486,-2.85783043],[-79.00455283,-2.85782073],[-79.0045399,-2.85780606],[-79.00451898,-2.85778903],[-79.00448198,-2.85776301],[-79.00443687,-2.85774024],[-79.00440551,-2.85773051],[-79.00436037,-2.85772962],[-79.00433051,-2.85773201],[-79.00430469,-2.85773838],[-79.00427978,-2.85774078],[-79.00422663,-2.85774313],[-79.00420649,-2.85774228],[-79.00417988,-2.85773816],[-79.00416054,-2.85773813],[-79.00411378,-2.85773968],[-79.00408393,-2.857738],[-79.00405093,-2.85773631],[-79.00402594,-2.85773139],[-79.00400501,-2.85772167],[-79.00399622,-2.85770466],[-79.00395921,-2.85763245],[-79.00394639,-2.85760647],[-79.00393996,-2.8575854],[-79.00392956,-2.85756675],[-79.00387967,-2.85750184],[-79.00386362,-2.8574783],[-79.00384442,-2.8574497],[-79.00383071,-2.85742535],[-79.00382112,-2.85740581],[-79.00381387,-2.85738717],[-79.00380582,-2.85735804],[-79.00379947,-2.85734175],[-79.00378343,-2.85730529],[-79.00377214,-2.85728176],[-79.00376013,-2.85725986],[-79.00375371,-2.85722983],[-79.00373765,-2.85720874],[-79.00371836,-2.85718601],[-79.00368454,-2.85713821],[-79.00367494,-2.85712599],[-79.00363786,-2.85709111],[-79.00362663,-2.85708214],[-79.00360409,-2.8570651],[-79.00357911,-2.8570553],[-79.00355656,-2.85704233],[-79.00351632,-2.85701956],[-79.00349054,-2.8570008],[-79.00345919,-2.85698375],[-79.0034149,-2.85695456],[-79.00335607,-2.85691874],[-79.00332391,-2.85689762],[-79.00328286,-2.8568716],[-79.00326355,-2.85685863],[-79.00322569,-2.85680911],[-79.00319681,-2.85676205],[-79.00317673,-2.8567272],[-79.00316867,-2.85670937],[-79.00315422,-2.85669145],[-79.00314374,-2.85666873],[-79.00314054,-2.85664929],[-79.00314066,-2.85662741],[-79.00313745,-2.8566161],[-79.00313665,-2.85660878],[-79.0031214,-2.85658931],[-79.00311091,-2.85656985],[-79.00310537,-2.85654634],[-79.00309975,-2.85652526],[-79.00309736,-2.85650338],[-79.00309577,-2.85648231],[-79.00309257,-2.85646449],[-79.00308935,-2.8564539],[-79.00307733,-2.85643363],[-79.00305803,-2.8564166],[-79.0030274,-2.85639385],[-79.00300728,-2.8563808],[-79.00298798,-2.85636458],[-79.00297029,-2.85634755],[-79.00295001,-2.85632382],[-79.00291304,-2.85628027],[-79.00287393,-2.85622433],[-79.00283084,-2.85613203],[-79.00279695,-2.85607302],[-79.00276832,-2.85603707],[-79.00275058,-2.8560554],[-79.00271716,-2.85608454],[-79.00267361,-2.85610228],[-79.00263924,-2.85611307],[-79.00261612,-2.85611728],[-79.00259085,-2.85611832],[-79.00256721,-2.85611773],[-79.00255004,-2.856114],[-79.00251518,-2.85609766],[-79.00248561,-2.85608414],[-79.0024486,-2.8560668],[-79.00243297,-2.85605593],[-79.00240458,-2.85603915],[-79.00239703,-2.85603534],[-79.0023804,-2.85603368],[-79.00237078,-2.85603367],[-79.00235145,-2.85603418],[-79.00233687,-2.85603686],[-79.00228955,-2.85604926],[-79.00226751,-2.85605672],[-79.00224762,-2.85606537],[-79.00223583,-2.85606915],[-79.00221271,-2.85607932],[-79.0021912,-2.85608959],[-79.00215619,-2.85610788],[-79.002139,-2.8561159],[-79.00211641,-2.85612563],[-79.00209113,-2.85613318],[-79.00207034,-2.85614128],[-79.00205262,-2.85614722],[-79.00202139,-2.856159],[-79.00200205,-2.85616548],[-79.00198432,-2.85617087],[-79.00195472,-2.85618213],[-79.00193052,-2.85619022],[-79.00189831,-2.85619722],[-79.00184345,-2.85620463],[-79.00180261,-2.85621052],[-79.00176771,-2.8562186],[-79.00172947,-2.85622929],[-79.00171175,-2.85623523],[-79.00167845,-2.8562481],[-79.00165478,-2.85625891],[-79.00162203,-2.85627341],[-79.00158279,-2.85629278],[-79.00155641,-2.85630729],[-79.00152302,-2.85632775],[-79.00151014,-2.8563375],[-79.00149024,-2.85635256],[-79.00146926,-2.85637196],[-79.00145629,-2.85638387],[-79.00142946,-2.85640164],[-79.00140309,-2.85641398],[-79.00134819,-2.85644038],[-79.00127458,-2.85647054],[-79.00122672,-2.85648718],[-79.00122294,-2.85648934],[-79.00117938,-2.85651033],[-79.00114176,-2.85652483],[-79.00111431,-2.85653825],[-79.00108641,-2.85655719],[-79.00103691,-2.85657979],[-79.00101648,-2.85658889],[-79.00099444,-2.85659699],[-79.00097617,-2.8566013],[-79.00093921,-2.85660666],[-79.00092195,-2.85660392],[-79.00088869,-2.85659735],[-79.00086719,-2.85659677],[-79.00081127,-2.85659125],[-79.00077209,-2.85657933],[-79.00073992,-2.85656635],[-79.00070874,-2.85655327],[-79.00069158,-2.85654194],[-79.00068565,-2.85653922],[-79.0006674,-2.85653756],[-79.000662,-2.85653701],[-79.00064214,-2.85653046],[-79.00061581,-2.85651911],[-79.00059866,-2.85650715],[-79.00056273,-2.85648656],[-79.00052248,-2.85646326],[-79.00050316,-2.85645463],[-79.00048654,-2.85644592],[-79.00046506,-2.85643838],[-79.00043711,-2.85643074],[-79.00041562,-2.85642799],[-79.00039306,-2.85642578],[-79.00037157,-2.85642574],[-79.00035861,-2.85642843],[-79.00034683,-2.85643167],[-79.00033764,-2.85643707],[-79.00032585,-2.85644456],[-79.00031297,-2.85645864],[-79.00029297,-2.85648021],[-79.00028545,-2.85650986],[-79.0002854,-2.85654286],[-79.0002886,-2.8565623],[-79.00029762,-2.85659794],[-79.00030082,-2.85661847],[-79.00029913,-2.85666332],[-79.00030068,-2.8567022],[-79.00030225,-2.85672815],[-79.00030488,-2.85676595],[-79.00030754,-2.85679081],[-79.00031715,-2.85684915],[-79.00032407,-2.85690486],[-79.00032662,-2.85693777],[-79.00033036,-2.8569583],[-79.00033893,-2.85699566],[-79.00034161,-2.85700534],[-79.00034423,-2.85704965],[-79.00034525,-2.85708581],[-79.00034734,-2.85712524],[-79.00034994,-2.85717714],[-79.00034827,-2.85720797],[-79.00034556,-2.85721438],[-79.00033746,-2.85722251],[-79.00032783,-2.85722683],[-79.00031919,-2.85722736],[-79.00031057,-2.85722138],[-79.00023441,-2.85716663],[-79.00020486,-2.85714768],[-79.00018932,-2.85713473],[-79.00018124,-2.8571282],[-79.0001657,-2.85712176],[-79.00014584,-2.85711521],[-79.00013029,-2.8571103],[-79.00011789,-2.85710648],[-79.00010881,-2.85710213],[-79.00007873,-2.85707676],[-79.00007191,-2.85706752],[-79.00004996,-2.85702318],[-79.00003553,-2.85699504],[-79.000028,-2.85698155],[-79.00001624,-2.85696851],[-78.999999,-2.85695447],[-78.99999586,-2.85695284],[-78.99998938,-2.85695174],[-78.99997752,-2.85695063],[-78.99991736,-2.85694782],[-78.99990504,-2.85694888],[-78.99989965,-2.85694833],[-78.99989695,-2.85694615],[-78.99989264,-2.85694298],[-78.99987875,-2.85691647],[-78.99986638,-2.85689375],[-78.99984656,-2.85686505],[-78.99983319,-2.85684505],[-78.99982836,-2.85683374],[-78.99982785,-2.85681475],[-78.9998295,-2.85679423],[-78.99985158,-2.8567657],[-78.99987303,-2.85674132],[-78.99988762,-2.85672516],[-78.99989402,-2.85671921],[-78.99992418,-2.85669928],[-78.99993705,-2.856688],[-78.99994246,-2.85668096],[-78.99994898,-2.85665502],[-78.99996568,-2.85661563],[-78.99997165,-2.85659945],[-78.99998672,-2.85656919],[-78.99999864,-2.85654064],[-79.00000831,-2.8565082],[-79.00001537,-2.85648606],[-79.00002079,-2.8564688],[-79.0000283,-2.85644069],[-79.00002886,-2.85643364],[-79.00003752,-2.85641259],[-79.00003863,-2.85639803],[-79.00003811,-2.85638773],[-79.00002896,-2.85637261],[-79.00002089,-2.8563575],[-79.00001563,-2.85633154],[-79.00000705,-2.85630503],[-79.0000049,-2.8562996],[-78.99999423,-2.85628123],[-78.99997917,-2.85625634],[-78.99997594,-2.856252],[-78.99996686,-2.85624719],[-78.99995716,-2.85624066],[-78.99993625,-2.85621739],[-78.9999261,-2.85620761],[-78.99991317,-2.85620171],[-78.99990355,-2.85619898],[-78.9998906,-2.85619841],[-78.99988152,-2.85619731],[-78.99986533,-2.85619837],[-78.99985247,-2.85619997],[-78.99983367,-2.85620265],[-78.9998138,-2.85620479],[-78.99979922,-2.85620793],[-78.99978311,-2.85621495],[-78.99977024,-2.85622632],[-78.99974763,-2.85624626],[-78.99973791,-2.85625266],[-78.99972495,-2.85625599],[-78.99971686,-2.85625814],[-78.99969276,-2.85625756],[-78.99967927,-2.85625862],[-78.99966263,-2.85626284],[-78.9996449,-2.85626661],[-78.99961531,-2.85627415],[-78.99959921,-2.85627683],[-78.99957933,-2.85627843],[-78.99955245,-2.85627621],[-78.99952179,-2.85627073],[-78.99948692,-2.85626045],[-78.99946652,-2.85625499],[-78.999423,-2.85624949],[-78.99939181,-2.85624564],[-78.999358,-2.85624558],[-78.99932355,-2.85624878],[-78.99927093,-2.85625727],[-78.99925753,-2.85625888],[-78.99923918,-2.85626318],[-78.99921453,-2.85627128],[-78.99919032,-2.85627829],[-78.99915641,-2.85628519],[-78.99913491,-2.85628949],[-78.99909786,-2.85629323],[-78.99905163,-2.85629857],[-78.99899525,-2.85629467],[-78.99898501,-2.85628977],[-78.99897486,-2.8562827],[-78.99896894,-2.85627248],[-78.99896464,-2.85626433],[-78.9989652,-2.85625412],[-78.99896685,-2.85623622],[-78.99896797,-2.85620982],[-78.99897456,-2.85614554],[-78.99897511,-2.85613795],[-78.99897882,-2.85612611],[-78.99898586,-2.85611256],[-78.99899929,-2.85609423],[-78.99901333,-2.85608341],[-78.9990408,-2.85606085],[-78.99904783,-2.8560511],[-78.99905433,-2.85603375],[-78.99905442,-2.8559852],[-78.99905282,-2.85597272],[-78.99905339,-2.85595762],[-78.9990534,-2.85595002],[-78.99905235,-2.85593167],[-78.999054,-2.85591277],[-78.9990561,-2.85589876],[-78.99906098,-2.85588467],[-78.9990648,-2.85585556],[-78.99906698,-2.85584472],[-78.99907026,-2.85582203],[-78.9990741,-2.85578641],[-78.99907633,-2.85574211],[-78.99907844,-2.85572051],[-78.99907846,-2.85570486],[-78.99907579,-2.85568867],[-78.99907214,-2.85566814],[-78.99907054,-2.85566],[-78.99906141,-2.85563567],[-78.99905658,-2.85562164],[-78.9990486,-2.85560328],[-78.99903789,-2.85555895],[-78.9990363,-2.85554159],[-78.99903254,-2.85553191],[-78.99902995,-2.85552377],[-78.9990085,-2.85550049],[-78.99899019,-2.85547777],[-78.99898114,-2.85545886],[-78.99897199,-2.85544482],[-78.99895012,-2.85540636],[-78.99892922,-2.85537613],[-78.99892276,-2.8553696],[-78.99890936,-2.85536741],[-78.99889749,-2.85536576],[-78.99887763,-2.85536085],[-78.99886694,-2.85535278],[-78.99886049,-2.85534138],[-78.99885673,-2.8553317],[-78.99885138,-2.85530411],[-78.99884978,-2.85529597],[-78.99884557,-2.85528683],[-78.99882035,-2.85525758],[-78.99880959,-2.85523867],[-78.99879837,-2.85522626],[-78.99877907,-2.85520724],[-78.99874735,-2.85519534],[-78.99871571,-2.85518498],[-78.99869369,-2.85518015],[-78.9986813,-2.85517253],[-78.99866035,-2.85516761],[-78.9986244,-2.85515462],[-78.99860832,-2.85514591],[-78.99860302,-2.85514265],[-78.99858154,-2.85513727],[-78.99854927,-2.85513396],[-78.99853587,-2.85513231],[-78.99850575,-2.85512738],[-78.99849928,-2.85512628],[-78.99847832,-2.85513004],[-78.99845413,-2.85513],[-78.99839019,-2.85513694],[-78.99834989,-2.85514546],[-78.99832624,-2.8551465],[-78.99824887,-2.85516309],[-78.99822576,-2.85516251],[-78.99819996,-2.85516039],[-78.99818279,-2.85515764],[-78.99816787,-2.85515111],[-78.99816096,-2.85514296],[-78.99815342,-2.85513598],[-78.99814589,-2.85512404],[-78.99814168,-2.85511327],[-78.99813954,-2.85510404],[-78.9981347,-2.85509328],[-78.9981261,-2.85507708],[-78.99812081,-2.85506567],[-78.99811597,-2.85505491],[-78.99811328,-2.8550511],[-78.99810845,-2.85503645],[-78.99810577,-2.85503002],[-78.99809563,-2.85501373],[-78.99809134,-2.85500134],[-78.99808812,-2.85499319],[-78.9980822,-2.8549808],[-78.99806939,-2.85495157],[-78.99806348,-2.85493863],[-78.99805442,-2.85492569],[-78.99804312,-2.85490885],[-78.99803828,-2.85489862],[-78.99802708,-2.85487754],[-78.9980174,-2.85485971],[-78.99800942,-2.85484776],[-78.99798905,-2.85481915],[-78.99797515,-2.85479589],[-78.9979617,-2.85477589],[-78.99795265,-2.85475643],[-78.99793757,-2.85473959],[-78.99792312,-2.85472718],[-78.99790489,-2.85470988],[-78.99787751,-2.85468496],[-78.99786952,-2.85467627],[-78.99785984,-2.8546617],[-78.997855,-2.85465039],[-78.99784854,-2.85464115],[-78.99784055,-2.85463192],[-78.9978234,-2.85462004],[-78.9978003,-2.85461295],[-78.99778305,-2.85460324],[-78.9977675,-2.85459942],[-78.99772399,-2.85459609],[-78.99770681,-2.85459931],[-78.99769338,-2.85461276],[-78.99768311,-2.85462848],[-78.99765998,-2.85463703],[-78.9976428,-2.85464079],[-78.99761537,-2.85463966],[-78.99759928,-2.85463855],[-78.99758193,-2.85463526],[-78.99756693,-2.85462393],[-78.99753736,-2.85461791],[-78.99750733,-2.85461352],[-78.99746706,-2.85460531],[-78.9974079,-2.85459933],[-78.99738854,-2.85461874],[-78.9973858,-2.85463817],[-78.99736751,-2.85466192],[-78.99734003,-2.85469099],[-78.99733471,-2.85469911],[-78.99732767,-2.85471637],[-78.9973228,-2.8547245],[-78.99731207,-2.85474229],[-78.99730611,-2.85475521],[-78.99730716,-2.8547742],[-78.99729741,-2.85479525],[-78.99726302,-2.85481888],[-78.99725921,-2.85483623],[-78.99725812,-2.85484102],[-78.99724738,-2.8548637],[-78.99723333,-2.85487886],[-78.99722585,-2.85488527],[-78.99719894,-2.85490312],[-78.99715483,-2.85492891],[-78.99712413,-2.85494775],[-78.99710964,-2.85495695],[-78.99705907,-2.85497521],[-78.99703434,-2.85497788],[-78.99700861,-2.85498597],[-78.99699079,-2.85499128],[-78.99690421,-2.85503597],[-78.99684562,-2.85506706],[-78.99680044,-2.85508913],[-78.99678487,-2.8550967],[-78.99674778,-2.85511933],[-78.9967026,-2.85514303],[-78.99666334,-2.85517542],[-78.99660843,-2.85520778],[-78.99653103,-2.85524707],[-78.99648963,-2.85526589],[-78.9964638,-2.85527778],[-78.9964181,-2.85529108],[-78.99633968,-2.85529411],[-78.99632141,-2.85530357],[-78.99632296,-2.85528875],[-78.99632787,-2.85525738],[-78.99633061,-2.85523632],[-78.99633062,-2.85522872],[-78.99633117,-2.85522176],[-78.99632528,-2.85519797],[-78.9963157,-2.85517364],[-78.99631194,-2.85516061],[-78.99630873,-2.85514605],[-78.99630612,-2.85509957],[-78.99630505,-2.85509089],[-78.99630938,-2.85508122],[-78.99632064,-2.85507039],[-78.99633145,-2.85506282],[-78.99633417,-2.85504609],[-78.99633419,-2.85503642],[-78.99632777,-2.85500612],[-78.99632188,-2.85498179],[-78.99632037,-2.8549694],[-78.99632625,-2.85494617],[-78.99632846,-2.85492077],[-78.9963274,-2.85490883],[-78.99632312,-2.85488396],[-78.99631464,-2.85485103],[-78.99631145,-2.85482237],[-78.99630285,-2.85480183],[-78.99629112,-2.85477477],[-78.99628252,-2.85475631],[-78.99627445,-2.85474174],[-78.99625409,-2.85471033],[-78.99624342,-2.8546925],[-78.99623859,-2.85468228],[-78.99623321,-2.85467033],[-78.99622741,-2.85464763],[-78.9962237,-2.85460603],[-78.99622538,-2.85457141],[-78.9962313,-2.85453037],[-78.99625128,-2.85446874],[-78.9962632,-2.85443585],[-78.99630147,-2.85435319],[-78.9963516,-2.85427769],[-78.99638018,-2.85423452],[-78.99640334,-2.85420482],[-78.99641524,-2.85419082],[-78.99641947,-2.85418486],[-78.99645071,-2.85416222],[-78.9964674,-2.85413196],[-78.99647392,-2.85410602],[-78.996481,-2.85406824],[-78.99648268,-2.8540347],[-78.99648108,-2.85402123],[-78.99647736,-2.85399202],[-78.99647199,-2.85397528],[-78.99644528,-2.85392496],[-78.99643559,-2.85391356],[-78.99638247,-2.85384592],[-78.99637236,-2.8538167],[-78.99636914,-2.85380539],[-78.99636013,-2.8537637],[-78.99635752,-2.85371288],[-78.99636344,-2.85366967],[-78.99637918,-2.8536178],[-78.99639533,-2.8535832],[-78.99642719,-2.85351843],[-78.99643684,-2.85350389],[-78.99645731,-2.85347101],[-78.99648155,-2.8534386],[-78.99650101,-2.85341594],[-78.99653163,-2.85339004],[-78.99653649,-2.85338679],[-78.99658168,-2.85335984],[-78.99674631,-2.85326402],[-78.99676027,-2.85325581],[-78.99675374,-2.85323627],[-78.99675546,-2.85322497],[-78.99675493,-2.85321964],[-78.99675334,-2.85320336],[-78.99675336,-2.85319586],[-78.99674799,-2.8531812],[-78.996748,-2.85317587],[-78.99674587,-2.8531585],[-78.9967448,-2.85315262],[-78.99674645,-2.85313472],[-78.99674646,-2.85313047],[-78.9967481,-2.85311366],[-78.99674811,-2.85310778],[-78.99675354,-2.85309043],[-78.99675409,-2.85308347],[-78.99675897,-2.85306775],[-78.9967644,-2.85304832],[-78.99676873,-2.85303929],[-78.9967748,-2.85301434],[-78.99682026,-2.85288305],[-78.99683319,-2.85284437],[-78.99687334,-2.85281352],[-78.99692125,-2.85277672],[-78.99694604,-2.85273897],[-78.99696066,-2.85270979],[-78.99696925,-2.8526806],[-78.9969813,-2.8526308],[-78.99698819,-2.85259474],[-78.99699758,-2.85257242],[-78.9970079,-2.85253465],[-78.99700283,-2.85250109],[-78.99700118,-2.85247189],[-78.99699784,-2.85242378],[-78.99699963,-2.8523783],[-78.99699369,-2.85233101],[-78.99696479,-2.85224335],[-78.99688611,-2.85208561],[-78.99684529,-2.85198256],[-78.99680447,-2.85187426],[-78.99677217,-2.85178144],[-78.99669542,-2.85170228],[-78.99666139,-2.85167474],[-78.99663246,-2.85160941],[-78.99661201,-2.85157511],[-78.99654724,-2.85148566],[-78.99651319,-2.85141861],[-78.99646379,-2.85133091],[-78.99643825,-2.85128105],[-78.99638368,-2.85122254],[-78.99636502,-2.85119511],[-78.9963573,-2.85118895],[-78.99635192,-2.85118207],[-78.99634905,-2.85117845],[-78.99633504,-2.85116541],[-78.99633073,-2.85116187],[-78.99631924,-2.85114992],[-78.99631457,-2.85114557],[-78.99630353,-2.85113434],[-78.99629958,-2.85112963],[-78.99628702,-2.85111803],[-78.99628379,-2.85111369],[-78.99627014,-2.85110101],[-78.99626619,-2.85109666],[-78.99625434,-2.85108624],[-78.99625003,-2.85108153],[-78.99623791,-2.8510703],[-78.99623252,-2.8510674],[-78.99622067,-2.85105689],[-78.99621555,-2.85105317],[-78.99620235,-2.85104158],[-78.99619948,-2.8510394],[-78.99618583,-2.85102898],[-78.99618188,-2.85102427],[-78.99616714,-2.85101629],[-78.99616319,-2.85101411],[-78.99614558,-2.85100468],[-78.99614028,-2.85100214],[-78.99612519,-2.85099307],[-78.99612088,-2.85099017],[-78.99610543,-2.85098182],[-78.99610112,-2.85097928],[-78.99608495,-2.85096841],[-78.99608136,-2.85096623],[-78.99606707,-2.85095789],[-78.99606384,-2.85095436],[-78.99604623,-2.85094673],[-78.99604228,-2.85094419],[-78.99602682,-2.85093838],[-78.99602143,-2.85093439],[-78.99600778,-2.85092569],[-78.9960032,-2.85092423],[-78.99599207,-2.85090938],[-78.9959892,-2.85090504],[-78.99597879,-2.85089236],[-78.99597556,-2.85088729],[-78.9959684,-2.85087182],[-78.99596625,-2.85086567],[-78.99596016,-2.85085083],[-78.99595936,-2.85084649],[-78.99595363,-2.85082885],[-78.99595112,-2.8508245],[-78.99594756,-2.8508075],[-78.99594756,-2.85080244],[-78.99594436,-2.85078507],[-78.99594293,-2.85078037],[-78.99594044,-2.85076309],[-78.99594009,-2.85075803],[-78.99593796,-2.85073994],[-78.99593797,-2.85073596],[-78.99593269,-2.85071787],[-78.99593198,-2.85071245],[-78.99592878,-2.85069517],[-78.99592734,-2.85069119],[-78.9959209,-2.85067454],[-78.99591866,-2.85066902],[-78.99591293,-2.85065247],[-78.9959115,-2.85064813],[-78.99590506,-2.85063256],[-78.9959029,-2.85062822],[-78.99589826,-2.85061194],[-78.99589611,-2.85060687],[-78.99589254,-2.85058878],[-78.99589183,-2.85058344],[-78.99588826,-2.8505668],[-78.99588755,-2.85056174],[-78.99588543,-2.85054437],[-78.99588507,-2.85053895],[-78.99588259,-2.85052159],[-78.99588224,-2.85051616],[-78.99588011,-2.85049997],[-78.99588012,-2.85049419],[-78.99587771,-2.8504808],[-78.99587736,-2.85047673],[-78.99587593,-2.8504713],[-78.99587416,-2.85045439],[-78.99587237,-2.8504486],[-78.99587132,-2.85043088],[-78.99587133,-2.85042618],[-78.99587064,-2.85040773],[-78.99586993,-2.85040375],[-78.99586744,-2.85038639],[-78.99586745,-2.85038105],[-78.99586604,-2.85036442],[-78.99586356,-2.85034208],[-78.99586249,-2.85033665],[-78.99586001,-2.85031929],[-78.99585894,-2.85031386],[-78.99585789,-2.85029722],[-78.99585682,-2.8502918],[-78.99585469,-2.85027479],[-78.99585398,-2.85026982],[-78.99585077,-2.85025246],[-78.99585006,-2.85024775],[-78.99584757,-2.85023003],[-78.99584686,-2.85022424],[-78.99584365,-2.85020724],[-78.9958433,-2.85020217],[-78.99583902,-2.85018598],[-78.99583651,-2.85018055],[-78.99583365,-2.85017078],[-78.99583114,-2.85016391],[-78.99582827,-2.85015956],[-78.99582002,-2.85014372],[-78.99581787,-2.85013938],[-78.99581035,-2.85012345],[-78.99580892,-2.85011911],[-78.99580139,-2.85010318],[-78.99580032,-2.85009776],[-78.99579603,-2.85008148],[-78.99579352,-2.85007641],[-78.99578645,-2.85006094],[-78.99578502,-2.85005587],[-78.99577929,-2.85003814],[-78.9957775,-2.85003379],[-78.99577214,-2.85001715],[-78.99577143,-2.85001172],[-78.9957675,-2.84999155],[-78.99576715,-2.84998902],[-78.99576214,-2.84997382],[-78.99576143,-2.84996876],[-78.99575606,-2.84995067],[-78.99575499,-2.8499456],[-78.99575178,-2.84992932],[-78.99574999,-2.84992498],[-78.99574859,-2.84990771],[-78.99574823,-2.84990337],[-78.99574826,-2.84988492],[-78.99574827,-2.84987913],[-78.99575082,-2.84986214],[-78.99575155,-2.84985599],[-78.9957541,-2.84983972],[-78.99575627,-2.84983403],[-78.99576025,-2.84981776],[-78.99576134,-2.84981379],[-78.99576281,-2.84979607],[-78.99576392,-2.84977292],[-78.99576396,-2.8497505],[-78.99576291,-2.84973676],[-78.99576319,-2.84972898],[-78.99540674,-2.84972836],[-78.99537401,-2.8497283]]]}},{"type":"Feature","properties":{"fid":"10","DESCRIP":"Machángara","CODIGO":"14","AREA":"14251850.519999999552965","SHAPE_LENG":"40778.559885799993936","SHAPE_AREA":"14251850.521199999377131","name":"Machángara"},"geometry":{"type":"Polygon","coordinates":[[[-78.96051556,-2.89542408],[-78.96134786,-2.89428268],[-78.96143417,-2.89414134],[-78.96250612,-2.8922409],[-78.96332837,-2.8929551],[-78.96375021,-2.89315504],[-78.9640773,-2.89323384],[-78.96416894,-2.89302515],[-78.96427966,-2.89285935],[-78.96442061,-2.89259036],[-78.9644557,-2.89252668],[-78.96448219,-2.89239816],[-78.96452173,-2.8922608],[-78.96457494,-2.89216967],[-78.96460013,-2.89211701],[-78.96464301,-2.89201926],[-78.96468251,-2.89190722],[-78.96476087,-2.89178864],[-78.96481898,-2.89172392],[-78.96492183,-2.89163505],[-78.96498762,-2.89155606],[-78.96507812,-2.8913848],[-78.96518334,-2.89122668],[-78.96523484,-2.8911378],[-78.96526113,-2.89111913],[-78.96537642,-2.89111609],[-78.96547589,-2.8911074],[-78.96557425,-2.89111644],[-78.96588576,-2.89116203],[-78.96593442,-2.8911566],[-78.96605253,-2.89113159],[-78.96616736,-2.89108451],[-78.96627243,-2.89100884],[-78.96640489,-2.89090908],[-78.966492,-2.89076964],[-78.96651504,-2.89070703],[-78.96655795,-2.89059942],[-78.96656788,-2.89052801],[-78.96657969,-2.89035544],[-78.96657004,-2.89022134],[-78.96655918,-2.88990478],[-78.96655927,-2.88985867],[-78.96656394,-2.88965859],[-78.96658058,-2.88955646],[-78.96661077,-2.88946637],[-78.96664705,-2.8893423],[-78.96671061,-2.88925227],[-78.96679178,-2.88911725],[-78.96685635,-2.88906348],[-78.96690939,-2.88902289],[-78.96703967,-2.88893298],[-78.9672114,-2.88884098],[-78.96732956,-2.88879282],[-78.96742424,-2.88874579],[-78.96750305,-2.88867559],[-78.96753915,-2.88865251],[-78.96758511,-2.88864934],[-78.96768346,-2.8886638],[-78.96786262,-2.88869486],[-78.96792396,-2.88863892],[-78.96796456,-2.88856205],[-78.96798165,-2.88845991],[-78.96799174,-2.88834782],[-78.96808384,-2.88818316],[-78.96816437,-2.88805356],[-78.96833957,-2.88788906],[-78.96849561,-2.88772008],[-78.96858112,-2.88762458],[-78.96860957,-2.88760709],[-78.96877253,-2.88754364],[-78.96892676,-2.88748669],[-78.96897761,-2.88746264],[-78.96910789,-2.88737499],[-78.9692775,-2.88726427],[-78.96938919,-2.88715895],[-78.96952977,-2.88709103],[-78.96961842,-2.88704725],[-78.96973209,-2.88704529],[-78.96989047,-2.887084],[-78.96996366,-2.88714018],[-78.97000176,-2.88720399],[-78.97007092,-2.88735032],[-78.97014174,-2.88747684],[-78.97024455,-2.88746274],[-78.97045889,-2.88743347],[-78.97062956,-2.88733477],[-78.97065501,-2.88717768],[-78.97067971,-2.88709201],[-78.97070935,-2.88701069],[-78.97078069,-2.88684491],[-78.97085476,-2.88670879],[-78.97089653,-2.88657695],[-78.97093275,-2.88648796],[-78.97103902,-2.88634855],[-78.97109987,-2.88626295],[-78.97114812,-2.88618501],[-78.97120613,-2.88612463],[-78.97130244,-2.88607209],[-78.9714523,-2.88599542],[-78.97156066,-2.8859429],[-78.97160819,-2.88591658],[-78.97175805,-2.88589045],[-78.97197338,-2.88586227],[-78.97211935,-2.88584499],[-78.97217737,-2.88583406],[-78.97222112,-2.88580665],[-78.97226381,-2.88577048],[-78.97231962,-2.88573866],[-78.97241912,-2.88571253],[-78.97246173,-2.88572029],[-78.97257705,-2.88575232],[-78.97268949,-2.88583281],[-78.97278456,-2.88581869],[-78.97289832,-2.88581998],[-78.97291363,-2.88580464],[-78.9729848,-2.88573216],[-78.97306525,-2.88564877],[-78.9731256,-2.88553902],[-78.97314991,-2.88536981],[-78.97315386,-2.88532036],[-78.97317014,-2.88506868],[-78.97318464,-2.88489837],[-78.97317238,-2.88471481],[-78.97316665,-2.88459825],[-78.97315723,-2.88433342],[-78.97313756,-2.8843191],[-78.97309937,-2.88430474],[-78.97306227,-2.88428262],[-78.97305243,-2.8842552],[-78.97306622,-2.88418262],[-78.97315607,-2.88407293],[-78.97337838,-2.88385896],[-78.97343907,-2.88381296],[-78.97358028,-2.88369233],[-78.9737237,-2.88359476],[-78.97381009,-2.88355974],[-78.97388515,-2.88347525],[-78.97394418,-2.88345221],[-78.97400541,-2.88345458],[-78.97412984,-2.88357234],[-78.97435407,-2.88379479],[-78.97441614,-2.88393559],[-78.97445217,-2.88395437],[-78.97453302,-2.883949],[-78.9746906,-2.88387785],[-78.97472178,-2.88384382],[-78.97485211,-2.883722],[-78.97494626,-2.88361783],[-78.97509147,-2.88342569],[-78.97530272,-2.88326124],[-78.97550207,-2.88306269],[-78.97559012,-2.88300787],[-78.97569407,-2.88295417],[-78.97613223,-2.88271979],[-78.97625365,-2.88271006],[-78.97655483,-2.88269631],[-78.97665216,-2.88267894],[-78.97681281,-2.88270337],[-78.97692851,-2.8827685],[-78.97701703,-2.88280265],[-78.97721162,-2.88280083],[-78.97733301,-2.88275819],[-78.97744791,-2.88266499],[-78.97759402,-2.88254125],[-78.97751384,-2.88230147],[-78.97744581,-2.88217459],[-78.97731224,-2.88198963],[-78.97719418,-2.881934],[-78.97704989,-2.88191259],[-78.97687139,-2.88191227],[-78.97642488,-2.88204085],[-78.97606634,-2.88215106],[-78.9758378,-2.8822219],[-78.97536778,-2.88227124],[-78.97448164,-2.88233828],[-78.97424339,-2.88236335],[-78.97368645,-2.88239093],[-78.97342272,-2.88243205],[-78.97246002,-2.88251866],[-78.97225327,-2.88253131],[-78.97107598,-2.88263833],[-78.97009515,-2.88271189],[-78.96974629,-2.88273721],[-78.96835578,-2.88285425],[-78.9681053,-2.88272912],[-78.96799964,-2.88257821],[-78.96796641,-2.88239886],[-78.96795114,-2.88223781],[-78.9682821,-2.882163],[-78.96866334,-2.88208059],[-78.9689012,-2.88202126],[-78.96924527,-2.88180877],[-78.96972269,-2.88144065],[-78.97018062,-2.88116091],[-78.97038248,-2.88096897],[-78.97074067,-2.88080072],[-78.97084428,-2.88069177],[-78.97106687,-2.88047138],[-78.97124041,-2.88027161],[-78.97131564,-2.88008983],[-78.97140784,-2.87981722],[-78.97148568,-2.87963291],[-78.97150412,-2.87947961],[-78.9715511,-2.87920167],[-78.97158503,-2.87898085],[-78.97163057,-2.87880688],[-78.97170059,-2.87866931],[-78.97177316,-2.87856556],[-78.97185597,-2.8784695],[-78.9719854,-2.87835021],[-78.97220798,-2.87818958],[-78.97251328,-2.87797964],[-78.97263888,-2.87778756],[-78.97277895,-2.87749939],[-78.97291111,-2.87731256],[-78.9730821,-2.87707906],[-78.9733862,-2.87678603],[-78.97353154,-2.87646667],[-78.97357868,-2.87609778],[-78.97372381,-2.87584343],[-78.97380024,-2.87574746],[-78.97389336,-2.87566707],[-78.97396334,-2.87555029],[-78.974041,-2.87547249],[-78.97433056,-2.87541324],[-78.97451941,-2.87530445],[-78.97454538,-2.87521354],[-78.97457148,-2.87509668],[-78.97460926,-2.87488627],[-78.97461196,-2.87483691],[-78.9745991,-2.87478752],[-78.97444477,-2.8743897],[-78.97435751,-2.87405438],[-78.974403,-2.87390636],[-78.97448624,-2.87356095],[-78.97486439,-2.87309129],[-78.97516853,-2.87282168],[-78.97539141,-2.87243492],[-78.97539186,-2.8721777],[-78.97535264,-2.87172556],[-78.97532442,-2.87161638],[-78.97536619,-2.87133319],[-78.97550378,-2.87102169],[-78.9756862,-2.87088684],[-78.97617754,-2.8706851],[-78.97678536,-2.87035617],[-78.97693485,-2.86982119],[-78.97699734,-2.86957194],[-78.97727223,-2.86900861],[-78.97750134,-2.86876219],[-78.9777318,-2.86851314],[-78.97793363,-2.86838358],[-78.97829572,-2.86819715],[-78.97855974,-2.86793262],[-78.9786182,-2.86777423],[-78.97879472,-2.86731198],[-78.97892164,-2.86713816],[-78.97915881,-2.86669944],[-78.97929124,-2.86635674],[-78.97937095,-2.86581901],[-78.97948062,-2.86517491],[-78.97955987,-2.86495155],[-78.97964831,-2.86461917],[-78.97971597,-2.86434126],[-78.9798083,-2.86399324],[-78.97999251,-2.86360642],[-78.98029411,-2.86329774],[-78.98056576,-2.86309298],[-78.98068231,-2.86293207],[-78.98092339,-2.86252464],[-78.98096355,-2.8624389],[-78.98097136,-2.86239742],[-78.98102496,-2.86203369],[-78.9810829,-2.86144664],[-78.98114524,-2.86122849],[-78.98137187,-2.86095865],[-78.98153237,-2.86080821],[-78.98166697,-2.86066297],[-78.98173697,-2.86053842],[-78.98175259,-2.86044749],[-78.98177087,-2.86033315],[-78.98177108,-2.86020846],[-78.98176764,-2.8599694],[-78.98178609,-2.8597538],[-78.98176847,-2.8594913],[-78.98179718,-2.85932255],[-78.9818413,-2.85923682],[-78.98198389,-2.85899286],[-78.98206021,-2.85890729],[-78.98216379,-2.85881127],[-78.98227778,-2.85861925],[-78.98232449,-2.85849456],[-78.98235322,-2.85836469],[-78.98235601,-2.85820882],[-78.98233184,-2.85799314],[-78.9823193,-2.85780867],[-78.98233505,-2.8576502],[-78.98238711,-2.85744497],[-78.98246217,-2.85735676],[-78.98272596,-2.85722215],[-78.98302203,-2.85714736],[-78.98314095,-2.85712153],[-78.98343302,-2.85706752],[-78.9836761,-2.85695358],[-78.9837746,-2.85677708],[-78.98381622,-2.85662906],[-78.98383471,-2.85639266],[-78.98382102,-2.85609382],[-78.98387039,-2.85593803],[-78.98398183,-2.85576933],[-78.98411129,-2.85562671],[-78.98414756,-2.85555914],[-78.98418392,-2.85548913],[-78.9842434,-2.85541383],[-78.98426171,-2.85532815],[-78.98433403,-2.85531788],[-78.98453049,-2.85527664],[-78.98462877,-2.85523007],[-78.98470903,-2.85514703],[-78.98478679,-2.85500431],[-78.9848541,-2.85492387],[-78.98494985,-2.85488507],[-78.98515655,-2.85490098],[-78.98531421,-2.85488824],[-78.98554965,-2.85471723],[-78.98570763,-2.85451742],[-78.98583299,-2.85446159],[-78.98583907,-2.85442977],[-78.98584057,-2.8543956],[-78.98585396,-2.85434652],[-78.98592679,-2.85414738],[-78.98594614,-2.8540834],[-78.98596852,-2.85398832],[-78.98597597,-2.85394223],[-78.98597906,-2.85387225],[-78.98597769,-2.85383364],[-78.98596889,-2.85377413],[-78.98595712,-2.85371462],[-78.98593798,-2.85365953],[-78.98591303,-2.85357919],[-78.98588939,-2.85351812],[-78.98586446,-2.85342884],[-78.98585125,-2.85337529],[-78.98583803,-2.85332319],[-78.98582623,-2.85328303],[-78.98580859,-2.85323688],[-78.98579535,-2.85319816],[-78.98577915,-2.85315347],[-78.98576735,-2.85311783],[-78.98575413,-2.85306572],[-78.98574386,-2.85302258],[-78.98573064,-2.85297048],[-78.98571746,-2.85290056],[-78.98570721,-2.85284702],[-78.98570136,-2.85279936],[-78.98568819,-2.8527205],[-78.98568092,-2.85265955],[-78.9856765,-2.85261487],[-78.98566923,-2.85255392],[-78.98566493,-2.85249442],[-78.98566205,-2.85244378],[-78.98565765,-2.85238727],[-78.98565635,-2.85230996],[-78.98565347,-2.85225643],[-78.98565373,-2.85211213],[-78.98565526,-2.85205861],[-78.98565534,-2.85200798],[-78.9856644,-2.85192174],[-78.98567347,-2.8518251],[-78.98567653,-2.8517686],[-78.98569001,-2.85166889],[-78.98569751,-2.85160055],[-78.98571688,-2.85152473],[-78.98574212,-2.85143852],[-78.9857689,-2.85134634],[-78.98579865,-2.85125119],[-78.98586409,-2.85105348],[-78.98590576,-2.85093303],[-78.98593252,-2.85084981],[-78.98599044,-2.8506878],[-78.98600833,-2.85064018],[-78.98611537,-2.85036225],[-78.9861495,-2.85028049],[-78.98617777,-2.85020766],[-78.98618815,-2.85018544],[-78.9862506,-2.85000707],[-78.98625955,-2.84997734],[-78.98628475,-2.84991193],[-78.98632054,-2.84980629],[-78.98634288,-2.849735],[-78.98637552,-2.84963388],[-78.98641278,-2.84950755],[-78.98642762,-2.84945848],[-78.98643358,-2.84944068],[-78.9864693,-2.84932619],[-78.98648272,-2.8492593],[-78.98649614,-2.84919685],[-78.98650667,-2.84908674],[-78.98651581,-2.84895295],[-78.98651901,-2.84881607],[-78.98652077,-2.84863018],[-78.98651973,-2.84840251],[-78.98652148,-2.84822114],[-78.98652014,-2.84816454],[-78.98651873,-2.84809917],[-78.9865188,-2.84805451],[-78.98651606,-2.8479772],[-78.98651771,-2.84785677],[-78.98652231,-2.84779575],[-78.98652539,-2.84773029],[-78.98653287,-2.84766783],[-78.98653591,-2.84763067],[-78.98654934,-2.84755638],[-78.9865568,-2.84750585],[-78.98656729,-2.84742404],[-78.98657781,-2.84737054],[-78.98658674,-2.84730509],[-78.9865972,-2.84723667],[-78.98660923,-2.84714447],[-78.98661675,-2.84705976],[-78.98661834,-2.84702405],[-78.98662598,-2.84686638],[-78.98663056,-2.84676829],[-78.98663226,-2.84666712],[-78.98663843,-2.84653476],[-78.98664005,-2.84643061],[-78.98664167,-2.846377],[-78.98664475,-2.84631163],[-78.98664634,-2.84622384],[-78.98664645,-2.84615992],[-78.98664806,-2.8461168],[-78.98665108,-2.84608109],[-78.98665259,-2.84604393],[-78.98665263,-2.84601708],[-78.9866572,-2.84592785],[-78.98665874,-2.84586836],[-78.98666488,-2.8457464],[-78.98666499,-2.84568691],[-78.98666663,-2.84562299],[-78.98667113,-2.84556947],[-78.98667263,-2.84552933],[-78.98667427,-2.8454683],[-78.98667876,-2.84541777],[-78.9866804,-2.84535376],[-78.98668207,-2.84527193],[-78.98668665,-2.84517384],[-78.98668832,-2.84509202],[-78.98669286,-2.84501319],[-78.98669736,-2.84496112],[-78.98670199,-2.84488527],[-78.98670652,-2.8448124],[-78.98671104,-2.84474397],[-78.98671415,-2.84466522],[-78.98671872,-2.84461758],[-78.98672477,-2.84450448],[-78.98672932,-2.84441679],[-78.98673846,-2.8442829],[-78.98674457,-2.84418328],[-78.98674627,-2.84402858],[-78.98675241,-2.84391404],[-78.98675251,-2.84385454],[-78.98675851,-2.84381739],[-78.98676149,-2.84380845],[-78.98676306,-2.84373259],[-78.9867797,-2.84352295],[-78.98678436,-2.84343074],[-78.98679782,-2.84329098],[-78.98680396,-2.84317201],[-78.98681008,-2.84306488],[-78.98681316,-2.84299644],[-78.98681773,-2.84290576],[-78.98681938,-2.84283289],[-78.98682242,-2.8427942],[-78.98682855,-2.84267974],[-78.98683771,-2.84253248],[-78.98684383,-2.84242092],[-78.98685587,-2.84227519],[-78.986859,-2.84223207],[-78.98687258,-2.84207142],[-78.98687569,-2.84199413],[-78.9868787,-2.84196737],[-78.98688171,-2.84194206],[-78.98689969,-2.84178893],[-78.98690727,-2.84166842],[-78.98690899,-2.84155839],[-78.98690611,-2.84150929],[-78.98689294,-2.84143042],[-78.98688857,-2.84140519],[-78.98686511,-2.84129801],[-78.98683123,-2.84118493],[-78.98680921,-2.84112242],[-78.98678274,-2.84104208],[-78.98677242,-2.84097507],[-78.98675338,-2.84085759],[-78.98672556,-2.84067309],[-78.98672428,-2.84057788],[-78.98672591,-2.84052282],[-78.98673344,-2.84042917],[-78.98674249,-2.84034293],[-78.98675745,-2.84022243],[-78.98677692,-2.84009155],[-78.98680084,-2.83993544],[-78.98681723,-2.83987001],[-78.98683959,-2.83978081],[-78.98685596,-2.83972433],[-78.98687231,-2.83968123],[-78.9868931,-2.83962024],[-78.98695987,-2.83948799],[-78.98705336,-2.83934837],[-78.98714233,-2.83922358],[-78.98718832,-2.83914482],[-78.98721954,-2.83908529],[-78.98725067,-2.83902585],[-78.98728488,-2.83894861],[-78.98729538,-2.8388564],[-78.98728976,-2.83867493],[-78.98728541,-2.83863921],[-78.9872693,-2.83854696],[-78.9872546,-2.83846366],[-78.98721639,-2.83830899],[-78.98717964,-2.83818542],[-78.98712361,-2.83803659],[-78.98705443,-2.83784316],[-78.98696612,-2.8375931],[-78.98692485,-2.83748444],[-78.98689537,-2.83742191],[-78.9868718,-2.8373773],[-78.98683342,-2.8373162],[-78.98679063,-2.83725962],[-78.98674342,-2.83720601],[-78.98668436,-2.83714497],[-78.98658248,-2.83703919],[-78.98650421,-2.83695722],[-78.9864289,-2.83688124],[-78.98637128,-2.8368202],[-78.98634328,-2.83678886],[-78.98631519,-2.83675464],[-78.98628568,-2.83671291],[-78.98626065,-2.83667724],[-78.98623259,-2.83662809],[-78.98619872,-2.83656267],[-78.98618393,-2.83653136],[-78.98616336,-2.83646884],[-78.98614128,-2.83639295],[-78.98612071,-2.83632601],[-78.98610604,-2.8362843],[-78.98602308,-2.83631245],[-78.98600977,-2.83631388],[-78.98598471,-2.83629901],[-78.9859566,-2.83627961],[-78.98592563,-2.83624981],[-78.98586066,-2.83617384],[-78.98580897,-2.83611425],[-78.98577506,-2.83606808],[-78.98574555,-2.8360249],[-78.98571748,-2.83598173],[-78.98569389,-2.83594597],[-78.98566735,-2.83590135],[-78.98564665,-2.83585819],[-78.98562604,-2.83581946],[-78.98562465,-2.83578971],[-78.98561727,-2.83574358],[-78.98561731,-2.8357198],[-78.98561892,-2.83566917],[-78.98562499,-2.83559486],[-78.98562793,-2.83555771],[-78.98562954,-2.83551006],[-78.98562958,-2.83548773],[-78.98562811,-2.83545355],[-78.98561787,-2.83539703],[-78.98559588,-2.8353167],[-78.98555916,-2.83517975],[-78.98554299,-2.83512023],[-78.98553711,-2.83508604],[-78.98552682,-2.83506071],[-78.98550031,-2.83499972],[-78.98546194,-2.83493121],[-78.98543388,-2.83487908],[-78.98541034,-2.83481955],[-78.98540444,-2.8347973],[-78.98540009,-2.83476456],[-78.98539863,-2.83472586],[-78.98540462,-2.83469169],[-78.98541958,-2.83462328],[-78.98544183,-2.83454746],[-78.98544924,-2.83452514],[-78.98533688,-2.83450415],[-78.98533095,-2.83450115],[-78.9853325,-2.83448922],[-78.98535181,-2.83444911],[-78.9853801,-2.83431535],[-78.98539056,-2.83424249],[-78.98539664,-2.83416068],[-78.98540563,-2.83411015],[-78.9854175,-2.83405656],[-78.98542941,-2.83403135],[-78.98543848,-2.83393463],[-78.98545625,-2.83390645],[-78.98546663,-2.83388413],[-78.98547258,-2.83387519],[-78.98548749,-2.83383209],[-78.98548599,-2.83381419],[-78.985486,-2.83380533],[-78.98547577,-2.83374582],[-78.98549061,-2.83369078],[-78.98549661,-2.83365209],[-78.98549819,-2.8336209],[-78.98550119,-2.83360156],[-78.98550122,-2.83358519],[-78.98551906,-2.8335138],[-78.98552806,-2.83345884],[-78.9855355,-2.83342016],[-78.98554445,-2.83339341],[-78.98555033,-2.83337109],[-78.98558155,-2.8333102],[-78.98558156,-2.83330125],[-78.98556235,-2.83328485],[-78.98555499,-2.83327291],[-78.98555206,-2.83325364],[-78.98555211,-2.83322236],[-78.98555522,-2.83314199],[-78.98554791,-2.83310481],[-78.98553769,-2.83303337],[-78.98553623,-2.83299765],[-78.98553626,-2.8329784],[-78.98554084,-2.83292777],[-78.98554235,-2.83288618],[-78.98554845,-2.83279542],[-78.98557373,-2.83267946],[-78.98559009,-2.8326304],[-78.98561249,-2.8325204],[-78.98561862,-2.83245938],[-78.98562752,-2.83241184],[-78.98564537,-2.83238655],[-78.98567645,-2.83235243],[-78.98568538,-2.83233455],[-78.98569437,-2.83228402],[-78.98570024,-2.83227065],[-78.98570779,-2.83221858],[-78.98571521,-2.83219328],[-78.98571672,-2.83215314],[-78.9857509,-2.83209226],[-78.9857629,-2.83196434],[-78.98576447,-2.83194057],[-78.98576006,-2.83189002],[-78.98575571,-2.83186027],[-78.98575874,-2.83182157],[-78.98575884,-2.83176353],[-78.98575003,-2.83171152],[-78.98575304,-2.83168766],[-78.985765,-2.83163416],[-78.98577092,-2.83158959],[-78.98577095,-2.83157024],[-78.98576223,-2.83152113],[-78.98576675,-2.8314527],[-78.98576823,-2.83142892],[-78.98576831,-2.83138579],[-78.98576835,-2.83135903],[-78.9857581,-2.83130549],[-78.98576113,-2.83127276],[-78.98576575,-2.83119691],[-78.98576586,-2.83113742],[-78.98576144,-2.83108977],[-78.9857601,-2.8310347],[-78.98575579,-2.83098117],[-78.98575438,-2.83091128],[-78.98574862,-2.83085774],[-78.9857516,-2.8307997],[-78.9857591,-2.8307819],[-78.98578877,-2.83072843],[-78.98581102,-2.83070613],[-78.98582724,-2.83068835],[-78.98585981,-2.83067349],[-78.98587174,-2.83064078],[-78.98594292,-2.83055763],[-78.9859592,-2.83050115],[-78.98596814,-2.83047884],[-78.98597853,-2.83045064],[-78.9859889,-2.8304343],[-78.98604227,-2.8303541],[-78.98608975,-2.83030509],[-78.98618768,-2.83014315],[-78.98619806,-2.83012084],[-78.98623807,-2.83006738],[-78.98627813,-2.82999006],[-78.98628854,-2.82995291],[-78.98631075,-2.82989789],[-78.98632569,-2.82983996],[-78.98633176,-2.82975815],[-78.98633619,-2.82974622],[-78.98632592,-2.82970461],[-78.98632603,-2.8296406],[-78.98632614,-2.82957821],[-78.98631731,-2.82953652],[-78.9863144,-2.8295008],[-78.986313,-2.82947846],[-78.98631748,-2.82943688],[-78.98631903,-2.8294235],[-78.98631755,-2.8293952],[-78.98631178,-2.82930297],[-78.98630317,-2.8291855],[-78.9863048,-2.8290724],[-78.98630505,-2.82892819],[-78.9863081,-2.82888353],[-78.98630381,-2.82881508],[-78.98630688,-2.82875414],[-78.98630835,-2.82873778],[-78.98631732,-2.82869467],[-78.98633666,-2.82864262],[-78.98637675,-2.82854604],[-78.98640647,-2.82846725],[-78.98641985,-2.82842415],[-78.9864481,-2.8283647],[-78.98647031,-2.82830823],[-78.9864808,-2.82827552],[-78.98650308,-2.82818035],[-78.98651802,-2.82812387],[-78.98652563,-2.82803772],[-78.98653166,-2.82797969],[-78.98653175,-2.82793213],[-78.98653478,-2.82789642],[-78.98654817,-2.82784581],[-78.98655709,-2.82778335],[-78.98656017,-2.82771943],[-78.98656472,-2.82768671],[-78.98658256,-2.8276154],[-78.986593,-2.82755738],[-78.98660042,-2.82753063],[-78.98660936,-2.82750686],[-78.98661385,-2.82745778],[-78.9866139,-2.82742803],[-78.98661244,-2.82738933],[-78.98661247,-2.82736998],[-78.98662743,-2.82730156],[-78.98663493,-2.82723024],[-78.98662614,-2.82721531],[-78.98660536,-2.82721681],[-78.98659801,-2.82720486],[-78.98660107,-2.82715134],[-78.98660109,-2.82714094],[-78.98659083,-2.82709328],[-78.98655246,-2.82702775],[-78.98654365,-2.82697123],[-78.98654372,-2.82693262],[-78.98653795,-2.8268865],[-78.9865484,-2.82682404],[-78.98654761,-2.8268131],[-78.98654607,-2.82676635],[-78.98654694,-2.82673521],[-78.9865512,-2.82671274],[-78.98656566,-2.82667109],[-78.98657678,-2.82663775],[-78.98660177,-2.82658978],[-78.98671213,-2.82636113],[-78.98674761,-2.8262819],[-78.98678647,-2.82622221],[-78.98682249,-2.82619297],[-78.98687453,-2.82609786],[-78.9869127,-2.82601926],[-78.98694675,-2.82593732],[-78.98697872,-2.825856],[-78.9869863,-2.82584073],[-78.98701127,-2.82580253],[-78.98701828,-2.82575517],[-78.98702667,-2.82573502],[-78.98706615,-2.82568292],[-78.98707517,-2.82566693],[-78.98708081,-2.8256287],[-78.98709201,-2.82554463],[-78.98712529,-2.82548628],[-78.98712738,-2.82547516],[-78.98716145,-2.8253792],[-78.98717536,-2.82534035],[-78.98718169,-2.82526803],[-78.98724889,-2.82519717],[-78.98730931,-2.82509411],[-78.98647714,-2.82445072],[-78.98644179,-2.82440166],[-78.98626932,-2.82424774],[-78.98618308,-2.82420302],[-78.98614994,-2.82417403],[-78.98610569,-2.82412721],[-78.98606817,-2.82409369],[-78.98601059,-2.82405797],[-78.98596419,-2.82400888],[-78.98590891,-2.8239398],[-78.98585588,-2.82387515],[-78.98578298,-2.82380821],[-78.9857189,-2.82373911],[-78.9856702,-2.82371669],[-78.98558838,-2.82366095],[-78.98550871,-2.8236118],[-78.98538927,-2.82352254],[-78.98534283,-2.82349352],[-78.98527429,-2.82345109],[-78.98521016,-2.82340867],[-78.98513716,-2.82334841],[-78.98502876,-2.82327255],[-78.98495802,-2.82320787],[-78.98484136,-2.82312349],[-78.98401533,-2.82246203],[-78.9839466,-2.82258053],[-78.98392727,-2.82263276],[-78.98389846,-2.8227073],[-78.98386162,-2.82279684],[-78.98382982,-2.8228824],[-78.98379801,-2.82297394],[-78.98376811,-2.82305399],[-78.98376215,-2.82306546],[-78.98374727,-2.82309374],[-78.98372444,-2.823139],[-78.98369213,-2.82321064],[-78.98364092,-2.82334047],[-78.98357628,-2.82348918],[-78.98351216,-2.82364684],[-78.98345806,-2.8237368],[-78.98341965,-2.82384623],[-78.98336244,-2.82401583],[-78.98334755,-2.82404709],[-78.98331525,-2.82411376],[-78.98327456,-2.82419181],[-78.98320862,-2.82425833],[-78.98319322,-2.82427277],[-78.98316154,-2.82429061],[-78.98313824,-2.82429844],[-78.98311089,-2.82430653],[-78.98307554,-2.82431153],[-78.98305333,-2.8243105],[-78.9830402,-2.82430939],[-78.98301899,-2.82430528],[-78.98298662,-2.82430224],[-78.98295031,-2.82429603],[-78.98293314,-2.82429302],[-78.98290689,-2.8242889],[-78.98288873,-2.82428887],[-78.98287047,-2.82428984],[-78.98285535,-2.82429695],[-78.98284014,-2.82430497],[-78.98282097,-2.82431714],[-78.98280782,-2.82432933],[-78.98279664,-2.8243435],[-78.9827896,-2.82435877],[-78.98278148,-2.82437702],[-78.98277936,-2.8244055],[-78.98277834,-2.82442575],[-78.98278334,-2.82444511],[-78.98278941,-2.82446844],[-78.9827964,-2.82448274],[-78.98283569,-2.82453868],[-78.98287204,-2.82458034],[-78.9829073,-2.82462308],[-78.98292641,-2.82464752],[-78.98294561,-2.82467395],[-78.98295268,-2.82469124],[-78.98296672,-2.82474099],[-78.9829657,-2.82475627],[-78.98296459,-2.82477552],[-78.98295852,-2.82479902],[-78.98294732,-2.82482739],[-78.98289771,-2.82492188],[-78.98287238,-2.82495637],[-78.98286732,-2.82496956],[-78.98286226,-2.82498275],[-78.98284803,-2.824999],[-78.98282983,-2.82502031],[-78.98281064,-2.82503962],[-78.98279137,-2.82505587],[-78.98275796,-2.8250842],[-78.98270943,-2.82512172],[-78.98268008,-2.82514509],[-78.98265784,-2.82515925],[-78.98263758,-2.82517748],[-78.9826137,-2.8252042],[-78.9825965,-2.82521836],[-78.98257415,-2.8252478],[-78.98254081,-2.82529041],[-78.98252655,-2.82531986],[-78.9825215,-2.82532799],[-78.98250427,-2.82536051],[-78.98249922,-2.82537162],[-78.98244755,-2.8254549],[-78.98243745,-2.82547016],[-78.98242319,-2.8255016],[-78.98239793,-2.82554929],[-78.98239178,-2.8255717],[-78.98238166,-2.82560008],[-78.98237046,-2.82562447],[-78.98236341,-2.82564579],[-78.98235528,-2.82567218],[-78.98234713,-2.82570273],[-78.98234098,-2.82572505],[-78.9823351,-2.82574348],[-78.98233101,-2.82576988],[-78.98232996,-2.82580649],[-78.98232685,-2.82583596],[-78.98232483,-2.82586136],[-78.98232173,-2.8258827],[-78.98231863,-2.8259081],[-78.9823186,-2.82592636],[-78.98231659,-2.82594363],[-78.9823135,-2.82596089],[-78.98231041,-2.8259843],[-78.98230741,-2.82600157],[-78.98230027,-2.82602497],[-78.98229619,-2.82604015],[-78.98228609,-2.8260574],[-78.98227491,-2.82607574],[-78.98225671,-2.82609804],[-78.98223852,-2.82611428],[-78.98222429,-2.82612845],[-78.9822061,-2.82613963],[-78.98217073,-2.82615883],[-78.98208379,-2.82620542],[-78.98204095,-2.82622623],[-78.98201466,-2.82624517],[-78.98197253,-2.82627439],[-78.98195917,-2.82630231],[-78.9819378,-2.82638934],[-78.98193083,-2.82641763],[-78.98193026,-2.82643553],[-78.98192877,-2.8264669],[-78.98192717,-2.82650623],[-78.98192658,-2.82658434],[-78.9819259,-2.82666951],[-78.98192485,-2.82670332],[-78.98192022,-2.82678189],[-78.98191012,-2.82690438],[-78.98190004,-2.82700933],[-78.9818637,-2.82712174],[-78.98183398,-2.82715053],[-78.98177306,-2.82717276],[-78.98167995,-2.82719999],[-78.98159773,-2.82722173],[-78.98164423,-2.82736774],[-78.98168262,-2.82742667],[-78.98170323,-2.82746404],[-78.98172353,-2.82753234],[-78.98172171,-2.82754346],[-78.98170951,-2.82757716],[-78.98167764,-2.82760342],[-78.98160435,-2.82765862],[-78.98157857,-2.82769049],[-78.98156879,-2.82773469],[-78.98156556,-2.82778314],[-78.98157579,-2.8278432],[-78.98157753,-2.82787982],[-78.98157963,-2.82790957],[-78.98157743,-2.82793804],[-78.9815664,-2.82807374],[-78.98156773,-2.82813802],[-78.98156876,-2.82816867],[-78.98157083,-2.82821497],[-78.98157287,-2.82828396],[-78.98157558,-2.82832854],[-78.98157664,-2.82834075],[-78.98158294,-2.82843985],[-78.98160455,-2.82852867],[-78.98161121,-2.82857932],[-78.98161795,-2.82863105],[-78.98162886,-2.82871759],[-78.98162838,-2.82879119],[-78.98162788,-2.8288731],[-78.98162839,-2.82898874],[-78.98163193,-2.829025],[-78.98163678,-2.82908143],[-78.98164349,-2.8291507],[-78.98165011,-2.82922368],[-78.98165151,-2.82924493],[-78.98165462,-2.82932178],[-78.98165495,-2.82933507],[-78.98164544,-2.82943026],[-78.98164224,-2.82945865],[-78.9816396,-2.82952935],[-78.98163702,-2.82956424],[-78.98163004,-2.82964822],[-78.98163285,-2.82969136],[-78.98163835,-2.82978223],[-78.98164273,-2.82979888],[-78.98165861,-2.82987431],[-78.98167036,-2.82988798],[-78.98174566,-2.82997039],[-78.98175742,-2.82998226],[-78.98179908,-2.83001967],[-78.98181979,-2.83005668],[-78.98184002,-2.83010663],[-78.98186673,-2.8301574],[-78.98188887,-2.83019939],[-78.98191559,-2.8302422],[-78.98195505,-2.83030375],[-78.98199602,-2.83037389],[-78.98201447,-2.83046696],[-78.98201042,-2.8305259],[-78.98201025,-2.83062247],[-78.98202235,-2.83064301],[-78.98203025,-2.83065378],[-78.98205054,-2.83067244],[-78.98209445,-2.83070742],[-78.98212471,-2.83073008],[-78.9821829,-2.83077584],[-78.98223991,-2.8308244],[-78.98227881,-2.83084707],[-78.98229742,-2.83085063],[-78.98231701,-2.83085428],[-78.98235594,-2.83086149],[-78.9823838,-2.83086733],[-78.98240663,-2.83087379],[-78.98244914,-2.83088607],[-78.9825187,-2.83091033],[-78.98255867,-2.830933],[-78.98257115,-2.83094595],[-78.98259296,-2.83096606],[-78.98261172,-2.83098807],[-78.98264564,-2.83102764],[-78.98268449,-2.83107797],[-78.9827429,-2.8311542],[-78.98277825,-2.83119956],[-78.98283564,-2.83123737],[-78.98284498,-2.83124199],[-78.98287419,-2.83125461],[-78.98291848,-2.83127594],[-78.98296233,-2.83129536],[-78.9830369,-2.83132967],[-78.9830519,-2.83134009],[-78.98308513,-2.83136429],[-78.9831179,-2.83139238],[-78.98313362,-2.83140316],[-78.98317035,-2.83142764],[-78.98320646,-2.83145103],[-78.98323781,-2.83147161],[-78.98328877,-2.83153345],[-78.9833162,-2.83158811],[-78.98334538,-2.83166393],[-78.9833735,-2.83172754],[-78.98339554,-2.8317764],[-78.98341941,-2.83180447],[-78.98345191,-2.83183292],[-78.98349788,-2.83187106],[-78.98351646,-2.83189261],[-78.98353459,-2.83191317],[-78.9835581,-2.83194015],[-78.98358736,-2.83197393],[-78.98361087,-2.83200127],[-78.98363833,-2.83203441],[-78.9836604,-2.83206067],[-78.98368149,-2.83208295],[-78.98369289,-2.8320959],[-78.98371283,-2.83211139],[-78.98373312,-2.83212689],[-78.98375629,-2.83214773],[-78.98379803,-2.83218984],[-78.98381758,-2.8322161],[-78.98383257,-2.83223511],[-78.98386505,-2.83227685],[-78.98391072,-2.83233443],[-78.98395561,-2.8323751],[-78.98399017,-2.8324078],[-78.98402159,-2.83243661],[-78.98406971,-2.83248127],[-78.98409467,-2.83250536],[-78.98413174,-2.83254277],[-78.98418667,-2.83259964],[-78.98424404,-2.83265074],[-78.98449113,-2.83286654],[-78.98450082,-2.83313789],[-78.98450228,-2.83317867],[-78.9845037,-2.83324404],[-78.98450208,-2.83329403],[-78.98449804,-2.83339249],[-78.98449644,-2.83343624],[-78.98449486,-2.83346707],[-78.98448031,-2.83356234],[-78.98446713,-2.83363999],[-78.98445311,-2.83379303],[-78.98443981,-2.83394292],[-78.98443204,-2.83401822],[-78.98442581,-2.83408439],[-78.98441876,-2.83416051],[-78.98441711,-2.83422895],[-78.98441616,-2.83430887],[-78.98441541,-2.83432967],[-78.98441293,-2.83441275],[-78.9844128,-2.83448734],[-78.98440584,-2.8345565],[-78.98438714,-2.83471487],[-78.98436945,-2.8348048],[-78.98434793,-2.83487248],[-78.98432878,-2.83491929],[-78.9842543,-2.83509221],[-78.98421738,-2.83517288],[-78.98415826,-2.83530587],[-78.98412757,-2.83536956],[-78.98407233,-2.83549251],[-78.98400778,-2.83564014],[-78.98397401,-2.83572317],[-78.98393941,-2.83581153],[-78.98388639,-2.83594986],[-78.98385025,-2.83604899],[-78.98381031,-2.83616193],[-78.98379719,-2.8362073],[-78.9837849,-2.83624344],[-78.98374493,-2.83637565],[-78.98373183,-2.83641251],[-78.98372261,-2.83643637],[-78.98367193,-2.8365747],[-78.98365576,-2.83661699],[-78.98362658,-2.8366946],[-78.98360202,-2.83675532],[-78.98358052,-2.83681143],[-78.98355671,-2.83685442],[-78.98351829,-2.83691593],[-78.98345852,-2.83700425],[-78.98339947,-2.83709185],[-78.98335728,-2.83715407],[-78.98333653,-2.83719553],[-78.9832989,-2.83727087],[-78.98323821,-2.83742456],[-78.98320517,-2.83750063],[-78.9831852,-2.8375552],[-78.98316596,-2.83760743],[-78.98313595,-2.83769888],[-78.98311682,-2.83773573],[-78.9830753,-2.83782644],[-78.98304542,-2.83789022],[-78.98302314,-2.83793403],[-78.98298402,-2.83798857],[-78.98293112,-2.83805231],[-78.98287141,-2.83810826],[-78.98283621,-2.83813442],[-78.98278561,-2.83817122],[-78.98274958,-2.83820271],[-78.98270978,-2.83823872],[-78.98265618,-2.83829016],[-78.98262016,-2.83832237],[-78.98252588,-2.83840222],[-78.98225085,-2.83863944],[-78.98222716,-2.83866092],[-78.98214593,-2.83873157],[-78.98210684,-2.83876604],[-78.98203643,-2.8388236],[-78.9820257,-2.83883741],[-78.98199507,-2.83887434],[-78.98196208,-2.83891886],[-78.98191916,-2.83898415],[-78.98189002,-2.83904097],[-78.98186925,-2.83908939],[-78.98184774,-2.83915473],[-78.98183623,-2.83920778],[-78.98182835,-2.83929312],[-78.9818222,-2.83936462],[-78.98181135,-2.83945068],[-78.98179741,-2.83955291],[-78.981795,-2.83959522],[-78.98179264,-2.83965905],[-78.98178949,-2.83971212],[-78.98178473,-2.83981518],[-78.9817831,-2.83987205],[-78.98178144,-2.83995125],[-78.98178048,-2.84003434],[-78.98178191,-2.84009039],[-78.98178411,-2.84017041],[-78.98178859,-2.84023344],[-78.98179691,-2.84030814],[-78.98180517,-2.84036963],[-78.98183184,-2.84044355],[-78.98184928,-2.84049656],[-78.98187675,-2.84057509],[-78.98191173,-2.84067822],[-78.98192082,-2.84072354],[-78.98194971,-2.8408659],[-78.98195951,-2.8409151],[-78.98198083,-2.8410174],[-78.98199064,-2.84106434],[-78.98200207,-2.84111201],[-78.98201188,-2.84115587],[-78.98202483,-2.84120662],[-78.98205288,-2.84131128],[-78.98206351,-2.84135207],[-78.98209388,-2.84152283],[-78.98211347,-2.84168823],[-78.98211872,-2.8417197],[-78.98213236,-2.84178356],[-78.98213768,-2.84182823],[-78.98214215,-2.84189433],[-78.98215416,-2.84202355],[-78.98216401,-2.84210042],[-78.98216853,-2.84213506],[-78.98218891,-2.84225743],[-78.98221399,-2.84236895],[-78.98223217,-2.84246283],[-78.98223436,-2.84249204],[-78.98223509,-2.84254132],[-78.98223804,-2.84260127],[-78.98223798,-2.84263436],[-78.98223163,-2.8427697],[-78.9822269,-2.84285423],[-78.98221976,-2.84297962],[-78.98221582,-2.84307111],[-78.98221189,-2.8431126],[-78.98220943,-2.84323104],[-78.98221007,-2.84327561],[-78.98220989,-2.84337941],[-78.98220974,-2.84346783],[-78.98220967,-2.84351015],[-78.98220731,-2.84357244],[-78.98220636,-2.84365318],[-78.98220708,-2.84370245],[-78.98220996,-2.84380779],[-78.98220604,-2.84383934],[-78.98219675,-2.84390849],[-78.98218289,-2.84396389],[-78.98217139,-2.84401305],[-78.98214139,-2.84409374],[-78.98210301,-2.84418906],[-78.98204847,-2.84431817],[-78.98201389,-2.84440264],[-78.98197777,-2.84448721],[-78.98196016,-2.84453329],[-78.98193703,-2.84459626],[-78.98191165,-2.84466005],[-78.98187174,-2.84475229],[-78.98182487,-2.84486984],[-78.98178956,-2.84495594],[-78.98174354,-2.84504736],[-78.9817235,-2.84509443],[-78.98170047,-2.84515135],[-78.98167282,-2.84522969],[-78.98163498,-2.84542881],[-78.98162341,-2.84551567],[-78.98161172,-2.84561719],[-78.98160088,-2.84569945],[-78.98159929,-2.84573254],[-78.98159773,-2.84574863],[-78.98159697,-2.84577096],[-78.9815946,-2.84579093],[-78.98159298,-2.84584482],[-78.98158743,-2.84593242],[-78.98158112,-2.84604696],[-78.98157252,-2.8461823],[-78.98156694,-2.84628997],[-78.98156376,-2.84636157],[-78.98155745,-2.8464715],[-78.9815519,-2.84656146],[-78.98154793,-2.84666986],[-78.98154546,-2.84674833],[-78.98154309,-2.84681523],[-78.98153538,-2.84690826],[-78.98153299,-2.84693899],[-78.98152821,-2.84704748],[-78.98151887,-2.84714891],[-78.98151422,-2.84718272],[-78.98151262,-2.84722584],[-78.98150469,-2.84739038],[-78.98148977,-2.84758944],[-78.98148286,-2.84763482],[-78.98147051,-2.84770632],[-78.98145266,-2.84783549],[-78.98144337,-2.84790093],[-78.98143255,-2.84796854],[-78.98142092,-2.84803931],[-78.98140633,-2.8481061],[-78.98139468,-2.84818538],[-78.98138299,-2.84828987],[-78.98136983,-2.84841064],[-78.98136436,-2.84845521],[-78.9813573,-2.84853132],[-78.98135031,-2.84861974],[-78.98134397,-2.84874893],[-78.9813423,-2.84883427],[-78.98134368,-2.84891809],[-78.9813404,-2.84904729],[-78.98133562,-2.84915722],[-78.98133236,-2.84927575],[-78.98133074,-2.849328],[-78.9813267,-2.84942492],[-78.98132122,-2.84952636],[-78.98131497,-2.84960247],[-78.98130948,-2.84965861],[-78.98130322,-2.84973862],[-78.98129929,-2.84977857],[-78.98128771,-2.84987159],[-78.9812776,-2.84994309],[-78.9812614,-2.850053],[-78.98125593,-2.85009838],[-78.98124972,-2.85015524],[-78.98124036,-2.85025839],[-78.98123569,-2.85031136],[-78.98122792,-2.85037907],[-78.98120855,-2.85050896],[-78.98119537,-2.85058967],[-78.98116597,-2.8507935],[-78.9811482,-2.85092493],[-78.98113269,-2.85105339],[-78.98111634,-2.85119865],[-78.98109402,-2.85131326],[-78.98107932,-2.85139397],[-78.9810647,-2.85147089],[-78.98104621,-2.85155539],[-78.9810184,-2.85167152],[-78.98099534,-2.85174843],[-78.9809776,-2.85181223],[-78.98096839,-2.85183834],[-78.98089852,-2.85199047],[-78.9808138,-2.85236256],[-78.98069357,-2.85288069],[-78.98060805,-2.85324346],[-78.98057133,-2.85331491],[-78.98055678,-2.85335801],[-78.98051055,-2.85351399],[-78.98050214,-2.85354173],[-78.98049058,-2.85357471],[-78.98046061,-2.85363849],[-78.98044293,-2.85372462],[-78.98042443,-2.85381148],[-78.98041978,-2.8538499],[-78.98041884,-2.8539215],[-78.98042337,-2.85395758],[-78.98042258,-2.85399375],[-78.98042619,-2.85409375],[-78.98042537,-2.85414682],[-78.98042143,-2.85419058],[-78.98041526,-2.8542214],[-78.98041061,-2.85426054],[-78.98039909,-2.85431667],[-78.98038516,-2.85436131],[-78.98036377,-2.85441036],[-78.9803368,-2.8544576],[-78.98033202,-2.85446672],[-78.9803239,-2.85447928],[-78.98030704,-2.85450583],[-78.98028107,-2.85454882],[-78.98026493,-2.85457275],[-78.98024933,-2.85459705],[-78.98021373,-2.854644],[-78.98018678,-2.85468057],[-78.98017389,-2.85469772],[-78.98015226,-2.85472752],[-78.98013557,-2.85475706],[-78.98012195,-2.85478181],[-78.98011491,-2.85479445],[-78.98008235,-2.85485145],[-78.98007252,-2.85486734],[-78.98002743,-2.85494439],[-78.98000578,-2.85498133],[-78.97997225,-2.85502593],[-78.97996423,-2.85503659],[-78.97995288,-2.85505149],[-78.97994052,-2.8550709],[-78.97992835,-2.8550896],[-78.97991852,-2.85510522],[-78.97991554,-2.85511082],[-78.97990119,-2.8551409],[-78.9798716,-2.8552008],[-78.97986122,-2.85522221],[-78.97982611,-2.85529565],[-78.97981474,-2.85531941],[-78.97979308,-2.85536413],[-78.97978016,-2.85539927],[-78.9797779,-2.85540705],[-78.97974655,-2.85549243],[-78.97972965,-2.85553788],[-78.97971641,-2.85560332],[-78.97969789,-2.85570039],[-78.97969309,-2.85572316],[-78.97968689,-2.85577098],[-78.97968416,-2.85578815],[-78.97968134,-2.85580786],[-78.97967571,-2.85589148],[-78.97966871,-2.85598903],[-78.97966847,-2.85602293],[-78.97966893,-2.85606895],[-78.97966957,-2.85611045],[-78.97967353,-2.85616154],[-78.97968259,-2.85627512],[-78.97968972,-2.85636374],[-78.979697,-2.85647017],[-78.97970242,-2.8565567],[-78.97970799,-2.85666467],[-78.97970869,-2.85667525],[-78.97971525,-2.8567796],[-78.979717,-2.85680844],[-78.97972099,-2.85684353],[-78.97972885,-2.85692347],[-78.97973107,-2.85694192],[-78.97973204,-2.85694852],[-78.97972179,-2.85705438],[-78.97972028,-2.8570918],[-78.97972674,-2.85715474],[-78.97972516,-2.85717979],[-78.9797212,-2.85723312],[-78.9797154,-2.85726186],[-78.97970271,-2.85732025],[-78.97968881,-2.8573478],[-78.97967393,-2.85737427],[-78.97965329,-2.85740027],[-78.97962581,-2.8574344],[-78.97955301,-2.85751266],[-78.97949536,-2.85757331],[-78.97944824,-2.85762151],[-78.97944239,-2.85762783],[-78.97939274,-2.85768434],[-78.97935895,-2.85772289],[-78.97935472,-2.85772794],[-78.97932876,-2.85776379],[-78.97931163,-2.85778682],[-78.97930487,-2.85779539],[-78.97929982,-2.85780696],[-78.97927175,-2.85786613],[-78.97926218,-2.85788609],[-78.97923132,-2.85794951],[-78.9792139,-2.85798537],[-78.97918014,-2.8580581],[-78.97917409,-2.85807201],[-78.97915767,-2.85810236],[-78.97911104,-2.85818718],[-78.97909561,-2.85821491],[-78.9790856,-2.85823306],[-78.97903997,-2.85830549],[-78.97902455,-2.8583297],[-78.97897739,-2.85840502],[-78.97896801,-2.8584201],[-78.97895466,-2.8584472],[-78.97892669,-2.85850167],[-78.97890843,-2.85855399],[-78.97890084,-2.85857522],[-78.9788786,-2.85864543],[-78.9788586,-2.85871646],[-78.97885055,-2.85874574],[-78.97883276,-2.85883549],[-78.97880766,-2.85894892],[-78.97878719,-2.85903351],[-78.97877814,-2.85906432],[-78.97877226,-2.85908529],[-78.97875236,-2.85915379],[-78.97875009,-2.85916563],[-78.97874855,-2.8591725],[-78.97874123,-2.85919373],[-78.97872188,-2.8592503],[-78.97870742,-2.85929295],[-78.97870236,-2.85930641],[-78.97867824,-2.85937264],[-78.9786711,-2.85939207],[-78.97866812,-2.85939965],[-78.97866379,-2.85940995],[-78.97862668,-2.85949578],[-78.97861485,-2.85952388],[-78.97860528,-2.85954556],[-78.97857578,-2.85960111],[-78.97856261,-2.85962586],[-78.97852931,-2.85969054],[-78.97850658,-2.85973074],[-78.97848899,-2.85976208],[-78.97847309,-2.85980382],[-78.97846045,-2.85983562],[-78.97844347,-2.85987583],[-78.97842881,-2.85992933],[-78.97841368,-2.85999151],[-78.97840508,-2.86002919],[-78.97840381,-2.86003452],[-78.97839188,-2.86007013],[-78.97836458,-2.86014919],[-78.97835473,-2.86017648],[-78.97834289,-2.86021063],[-78.97830566,-2.86031545],[-78.97829653,-2.86034246],[-78.97825136,-2.86046218],[-78.97824748,-2.86047185],[-78.97820768,-2.86055496],[-78.97818846,-2.8605938],[-78.9781345,-2.86069687],[-78.97812819,-2.86070771],[-78.97810518,-2.86075043],[-78.97807993,-2.86079307],[-78.97807386,-2.8608181],[-78.97802808,-2.86087661],[-78.97799289,-2.8608958],[-78.97793618,-2.86092581],[-78.9779297,-2.86092806],[-78.97790856,-2.86093408],[-78.9778481,-2.86095196],[-78.97780044,-2.86095486],[-78.977659,-2.86095317],[-78.97752208,-2.86093041],[-78.97740001,-2.86090931],[-78.97727945,-2.86089264],[-78.97724826,-2.86088806],[-78.97722276,-2.86096731],[-78.97737299,-2.86103647],[-78.97746525,-2.86108456],[-78.97751134,-2.86110706],[-78.97756192,-2.86113708],[-78.97759911,-2.86115658],[-78.97761544,-2.86117759],[-78.97762582,-2.86120455],[-78.97765992,-2.86129737],[-78.97769248,-2.86139625],[-78.97770722,-2.86145016],[-78.97770119,-2.86150856],[-78.97766668,-2.8616462],[-78.97751558,-2.86207703],[-78.97744705,-2.86223639],[-78.97736475,-2.8623537],[-78.977308,-2.86245685],[-78.97719158,-2.86264967],[-78.97703913,-2.86292037],[-78.97700628,-2.8629921],[-78.97694498,-2.86312969],[-78.97681642,-2.86341988],[-78.97680449,-2.8634543],[-78.97670881,-2.86366371],[-78.9765968,-2.86390139],[-78.97656099,-2.86396426],[-78.97652507,-2.86403896],[-78.97649815,-2.86410781],[-78.97648467,-2.86415272],[-78.97647574,-2.86416763],[-78.9764608,-2.86422899],[-78.97640235,-2.86443394],[-78.97634542,-2.86464641],[-78.97631247,-2.86476605],[-78.97627931,-2.86495912],[-78.97627038,-2.86497556],[-78.97626585,-2.86499797],[-78.97625833,-2.86502789],[-78.97623595,-2.86507423],[-78.97621353,-2.86514155],[-78.97618956,-2.86521935],[-78.97617307,-2.86529265],[-78.97616401,-2.86533305],[-78.97615205,-2.86538094],[-78.97614003,-2.86541835],[-78.97605167,-2.86570707],[-78.97603074,-2.86579383],[-78.97600372,-2.86592407],[-78.97599313,-2.86601383],[-78.97598698,-2.86608416],[-78.97597657,-2.86612157],[-78.97595403,-2.86621131],[-78.97593611,-2.86627566],[-78.97592397,-2.86637744],[-78.97589991,-2.86650913],[-78.97587744,-2.8666033],[-78.9758668,-2.86667209],[-78.97585485,-2.86671546],[-78.97585185,-2.86673499],[-78.97579805,-2.86685306],[-78.97577859,-2.86692789],[-78.9757382,-2.86703559],[-78.97571722,-2.86710291],[-78.97567827,-2.86721505],[-78.97561835,-2.86743501],[-78.97558543,-2.86754417],[-78.97556146,-2.86762649],[-78.97553453,-2.86769832],[-78.97551358,-2.8677491],[-78.97545835,-2.86786129],[-78.97538069,-2.86799895],[-78.97536426,-2.86803327],[-78.97533575,-2.86813955],[-78.97531173,-2.86824574],[-78.97528929,-2.86832644],[-78.97527728,-2.8683549],[-78.97526238,-2.86839231],[-78.97523845,-2.86844913],[-78.97521606,-2.86849692],[-78.97519812,-2.86852239],[-78.97518017,-2.86855825],[-78.97513843,-2.86861658],[-78.97510111,-2.86866886],[-78.97508019,-2.86870174],[-78.9747636,-2.86919809],[-78.97370598,-2.87111252],[-78.97366081,-2.87112817],[-78.97359765,-2.87114768],[-78.97353591,-2.87117786],[-78.97351332,-2.8711884],[-78.9734441,-2.87122905],[-78.97338684,-2.87126674],[-78.97336425,-2.87128035],[-78.97331005,-2.87131651],[-78.97328601,-2.87133763],[-78.97324233,-2.87137236],[-78.9731956,-2.87140862],[-78.97313078,-2.87150073],[-78.97306761,-2.87152927],[-78.97301488,-2.87154437],[-78.97295925,-2.87153062],[-78.9729067,-2.87149879],[-78.9728959,-2.8715051],[-78.9724763,-2.87187423],[-78.97199407,-2.87282606],[-78.97154357,-2.8732823],[-78.97112232,-2.87361517],[-78.97089602,-2.87374713],[-78.97081898,-2.87378876],[-78.97060645,-2.87391216],[-78.97051554,-2.87396308],[-78.97025219,-2.87409877],[-78.97015048,-2.87414959],[-78.96991943,-2.87427756],[-78.96990556,-2.87428839],[-78.96983166,-2.87432695],[-78.96977307,-2.87436084],[-78.96968837,-2.87440716],[-78.96958359,-2.87446728],[-78.96945577,-2.87453975],[-78.96938951,-2.87458293],[-78.9693418,-2.8746107],[-78.96933397,-2.87461855],[-78.96930287,-2.87466054],[-78.96927832,-2.87471049],[-78.96926966,-2.87472503],[-78.96926164,-2.87473731],[-78.96924432,-2.8747663],[-78.96923639,-2.87477786],[-78.9692263,-2.87479014],[-78.96920747,-2.87480964],[-78.96919594,-2.87481911],[-78.96917064,-2.87483642],[-78.96913385,-2.87484576],[-78.96912593,-2.87484936],[-78.96910865,-2.87485738],[-78.96908336,-2.87486891],[-78.9690596,-2.87487899],[-78.96904295,-2.87488836],[-78.96902494,-2.87490144],[-78.96900837,-2.87491733],[-78.96898592,-2.87495065],[-78.96897653,-2.8749745],[-78.96896117,-2.87506724],[-78.96896114,-2.87508107],[-78.96895745,-2.87513332],[-78.96895239,-2.87514923],[-78.968943,-2.87516955],[-78.96892705,-2.87518833],[-78.9688787,-2.87522377],[-78.9687892,-2.87528808],[-78.9687531,-2.87531414],[-78.96864777,-2.87538348],[-78.96854234,-2.87545436],[-78.96848751,-2.87549052],[-78.96842477,-2.87552883],[-78.96833736,-2.87558012],[-78.96817857,-2.87567911],[-78.96803858,-2.87576873],[-78.9679743,-2.87580776],[-78.96787537,-2.87587214],[-78.96779022,-2.8759162],[-78.96772389,-2.875948],[-78.96761126,-2.87602754],[-78.96731607,-2.87621544],[-78.96713638,-2.87633256],[-78.96685991,-2.87651253],[-78.96639904,-2.87682363],[-78.96635304,-2.87680375],[-78.96634228,-2.87678565],[-78.96634052,-2.87676214],[-78.96632348,-2.87622677],[-78.9663065,-2.87565876],[-78.96629947,-2.87556653],[-78.96629593,-2.87548506],[-78.96629305,-2.87508001],[-78.96620221,-2.87509124],[-78.96599439,-2.87519511],[-78.96565411,-2.87535914],[-78.96556951,-2.87539697],[-78.96553893,-2.87540053],[-78.965503,-2.87537876],[-78.96544201,-2.87524114],[-78.96541876,-2.87516696],[-78.96538477,-2.87506744],[-78.96536331,-2.87499679],[-78.96532219,-2.87485748],[-78.96528107,-2.87472179],[-78.96523808,-2.87462587],[-78.96516461,-2.87447385],[-78.96509109,-2.87435247],[-78.96501757,-2.87423119],[-78.96491354,-2.87406998],[-78.96482386,-2.87393601],[-78.96470728,-2.87375307],[-78.96458718,-2.87353225],[-78.96449035,-2.87336933],[-78.96430555,-2.87307055],[-78.96425534,-2.87298366],[-78.96412987,-2.87274837],[-78.96400439,-2.87251849],[-78.96395598,-2.8724298],[-78.963852,-2.8722487],[-78.96377837,-2.87213465],[-78.96370841,-2.87203145],[-78.96365281,-2.87194636],[-78.96352892,-2.8717834],[-78.96332981,-2.87149182],[-78.96321041,-2.87132724],[-78.96317016,-2.87125827],[-78.9631377,-2.87131065],[-78.96305109,-2.87141899],[-78.96270324,-2.87179449],[-78.96235723,-2.87214114],[-78.96215184,-2.87234873],[-78.96183105,-2.87267373],[-78.96162801,-2.87287797],[-78.9615794,-2.87285754],[-78.96152668,-2.87281866],[-78.961466,-2.87276141],[-78.96138493,-2.87268378],[-78.96131006,-2.87261629],[-78.9612553,-2.87256321],[-78.96115205,-2.87247116],[-78.96110545,-2.87243238],[-78.96102238,-2.87237102],[-78.96097172,-2.87233829],[-78.96087239,-2.87227076],[-78.96080753,-2.87223394],[-78.96076496,-2.87220737],[-78.9607062,-2.87217661],[-78.96067987,-2.87216644],[-78.96062918,-2.87215206],[-78.96057237,-2.87214175],[-78.96047095,-2.87213343],[-78.9603965,-2.87213329],[-78.96036751,-2.87220521],[-78.96035839,-2.87222581],[-78.96034746,-2.87225309],[-78.9603396,-2.87227306],[-78.96033481,-2.87228824],[-78.96033235,-2.87230343],[-78.96032928,-2.87231011],[-78.96031838,-2.87232401],[-78.96028397,-2.87235424],[-78.96027434,-2.87236336],[-78.96027253,-2.87236814],[-78.96026162,-2.87238268],[-78.96025675,-2.87239361],[-78.96025259,-2.87240454],[-78.96024527,-2.87242334],[-78.96024283,-2.87243482],[-78.96023736,-2.87247305],[-78.96023059,-2.87253976],[-78.96022876,-2.87255667],[-78.96022271,-2.87257492],[-78.96021242,-2.87259606],[-78.9602034,-2.87260951],[-78.96016107,-2.87265003],[-78.96011883,-2.87268693],[-78.96007533,-2.87272085],[-78.96004995,-2.87273591],[-78.96003249,-2.87274564],[-78.959992,-2.87275705],[-78.95996368,-2.87275645],[-78.95988349,-2.87274474],[-78.95985032,-2.87273989],[-78.9598184,-2.87273676],[-78.95978279,-2.87273669],[-78.95976409,-2.87273666],[-78.95975087,-2.8727379],[-78.95972487,-2.87274445],[-78.95969229,-2.87275597],[-78.9596537,-2.87276801],[-78.95961322,-2.87277463],[-78.95959883,-2.87277641],[-78.95950225,-2.87277561],[-78.95944802,-2.87278401],[-78.95943047,-2.8727894],[-78.95940699,-2.87279605],[-78.95937856,-2.87280269],[-78.9593406,-2.87281176],[-78.9593092,-2.87282255],[-78.95928688,-2.87283227],[-78.95926392,-2.87284851],[-78.95924762,-2.87286358],[-78.95924338,-2.87287152],[-78.95923066,-2.87289637],[-78.9592173,-2.87292545],[-78.95920648,-2.87293999],[-78.95917686,-2.87295865],[-78.9591684,-2.87296352],[-78.95914787,-2.87297867],[-78.95913095,-2.87299012],[-78.95910987,-2.87300889],[-78.95908627,-2.87303317],[-78.95906148,-2.87306459],[-78.95905012,-2.8730822],[-78.95904163,-2.8731028],[-78.95903185,-2.8731422],[-78.95902814,-2.87320648],[-78.95902197,-2.87328901],[-78.95901453,-2.87337444],[-78.95901028,-2.87339261],[-78.95899999,-2.87341085],[-78.95898611,-2.87343144],[-78.95895954,-2.87345743],[-78.95894621,-2.87346771],[-78.95892749,-2.87347862],[-78.95890634,-2.87348464],[-78.95888467,-2.87348641],[-78.95886175,-2.87348275],[-78.95885088,-2.87347243],[-78.95884425,-2.87346147],[-78.95884132,-2.87344149],[-78.95883405,-2.8734299],[-78.95882265,-2.87341957],[-78.95880693,-2.87341168],[-78.95879012,-2.8734074],[-78.95876116,-2.87340861],[-78.95875028,-2.87340914],[-78.95873454,-2.87341218],[-78.95872248,-2.87341822],[-78.95870925,-2.87342787],[-78.95869653,-2.87344909],[-78.9586947,-2.87346428],[-78.95869341,-2.87348308],[-78.95869463,-2.8735037],[-78.95869875,-2.87356492],[-78.95870051,-2.8735849],[-78.95870756,-2.87366755],[-78.9587087,-2.87368211],[-78.95870688,-2.87369847],[-78.95869348,-2.87374998],[-78.95867958,-2.873776],[-78.95866625,-2.87379179],[-78.95864635,-2.87380568],[-78.95862763,-2.87381532],[-78.95859264,-2.87381833],[-78.95856199,-2.87381095],[-78.95854268,-2.87380125],[-78.95852884,-2.87379209],[-78.95851376,-2.8737794],[-78.95849877,-2.87376238],[-78.95847832,-2.87373748],[-78.95845901,-2.87372162],[-78.95842411,-2.87367735],[-78.95840607,-2.87365969],[-78.95839996,-2.87365362],[-78.95834579,-2.87362377],[-78.95831802,-2.87361712],[-78.95830894,-2.87361711],[-78.95829454,-2.87362133],[-78.95827996,-2.87362917],[-78.95826003,-2.87365879],[-78.95824793,-2.87369213],[-78.95823582,-2.87372493],[-78.9582055,-2.87378491],[-78.95819037,-2.87385034],[-78.95814373,-2.87393335],[-78.95811651,-2.87396548],[-78.95805672,-2.8740151],[-78.95797336,-2.87406468],[-78.95785878,-2.8740784],[-78.95780319,-2.87408797],[-78.95772717,-2.87410538],[-78.95766321,-2.8741247],[-78.95751101,-2.87420146],[-78.95747238,-2.87423231],[-78.95743969,-2.87425702],[-78.95738414,-2.87429517],[-78.95727908,-2.87436776],[-78.95711911,-2.87441359],[-78.95700814,-2.87442062],[-78.95694967,-2.87438173],[-78.95686172,-2.87433483],[-78.95680804,-2.87433175],[-78.95673077,-2.87434499],[-78.95668253,-2.87437212],[-78.95661294,-2.87446412],[-78.95658397,-2.87452419],[-78.95656273,-2.87458545],[-78.95655722,-2.87465334],[-78.95656785,-2.87474197],[-78.95658045,-2.87478801],[-78.95658588,-2.87481713],[-78.95659842,-2.87484202],[-78.95660504,-2.87486264],[-78.95661346,-2.87488147],[-78.95662362,-2.8749313],[-78.95662355,-2.8749737],[-78.95660178,-2.87502583],[-78.95648761,-2.87511053],[-78.95638741,-2.87518069],[-78.95631724,-2.87524484],[-78.95625626,-2.87530287],[-78.95624716,-2.87531262],[-78.9561982,-2.87538766],[-78.95617216,-2.87541619],[-78.95613353,-2.87544767],[-78.95611903,-2.8754603],[-78.95610094,-2.87546877],[-78.95608093,-2.87549359],[-78.95607484,-2.8755312],[-78.95608193,-2.87558889],[-78.95611554,-2.87570423],[-78.956136,-2.87572913],[-78.95614928,-2.87574552],[-78.95616785,-2.87581707],[-78.95616779,-2.87584989],[-78.95617442,-2.87586445],[-78.956178,-2.87587477],[-78.9561912,-2.87593419],[-78.95618875,-2.87594938],[-78.95616877,-2.87596146],[-78.95613377,-2.87596935],[-78.95612055,-2.87596987],[-78.95611263,-2.87597347],[-78.95609761,-2.87597896],[-78.9560807,-2.87598137],[-78.95595578,-2.8759872],[-78.95592861,-2.87599927],[-78.95590932,-2.87602166],[-78.95590084,-2.87603683],[-78.95587419,-2.87605496],[-78.95585494,-2.87606215],[-78.95583803,-2.87606339],[-78.95580122,-2.87608213],[-78.95578609,-2.87609241],[-78.95576555,-2.87611479],[-78.95575231,-2.87612996],[-78.95573835,-2.87614205],[-78.95569189,-2.87617533],[-78.95564417,-2.87620797],[-78.95562481,-2.87622132],[-78.95559888,-2.87624424],[-78.9555741,-2.87626969],[-78.95554331,-2.8762897],[-78.95551739,-2.87630665],[-78.95550587,-2.87631206],[-78.95549444,-2.87631385],[-78.95547635,-2.87632412],[-78.95546303,-2.8763326],[-78.95542737,-2.87636047],[-78.95540864,-2.87637192],[-78.95537542,-2.87639555],[-78.95535912,-2.87641007],[-78.95534589,-2.87641792],[-78.95532113,-2.87643306],[-78.95529151,-2.87645235],[-78.95528124,-2.87646508],[-78.95526788,-2.87649598],[-78.9552673,-2.87651849],[-78.95525936,-2.87658086],[-78.95526896,-2.87659417],[-78.95527252,-2.87661488],[-78.95526951,-2.87663974],[-78.95526702,-2.87667491],[-78.95525192,-2.87671981],[-78.95523315,-2.87675857],[-78.955189,-2.87680514],[-78.95511422,-2.87683593],[-78.95506413,-2.87683774],[-78.95504543,-2.8768377],[-78.9550002,-2.87683572],[-78.9549646,-2.87683331],[-78.95492774,-2.87682528],[-78.95490545,-2.87682045],[-78.95488011,-2.87681064],[-78.95484821,-2.87679974],[-78.9547975,-2.87679476],[-78.95465763,-2.87676603],[-78.95459013,-2.87675253],[-78.95454367,-2.87673554],[-78.95445264,-2.87669776],[-78.95440987,-2.87667942],[-78.95426631,-2.87665674],[-78.95421015,-2.87668277],[-78.9541818,-2.8766961],[-78.95410981,-2.87677445],[-78.95401537,-2.87684019],[-78.95389689,-2.87691972],[-78.95380602,-2.87694496],[-78.95374738,-2.87695299],[-78.95368527,-2.87694013],[-78.953606,-2.87691341],[-78.95355657,-2.87690175],[-78.95347958,-2.876912],[-78.95344619,-2.87692587],[-78.95341042,-2.87696857],[-78.95338959,-2.87704818],[-78.95335503,-2.87711521],[-78.95332383,-2.87716714],[-78.953287,-2.877196],[-78.95324214,-2.87723634],[-78.95317418,-2.87727554],[-78.95315124,-2.87728246],[-78.95307417,-2.87728468],[-78.95301101,-2.87725789],[-78.95298856,-2.87724031],[-78.95294417,-2.87722079],[-78.95289105,-2.87720885],[-78.95287065,-2.87720059],[-78.95285483,-2.87719595],[-78.95282366,-2.87717944],[-78.95279869,-2.87716556],[-78.95277667,-2.87715982],[-78.95274708,-2.87715923],[-78.95272198,-2.87716488],[-78.95269795,-2.87717867],[-78.95266779,-2.87720013],[-78.95263088,-2.87727411],[-78.95262527,-2.87729255],[-78.95262003,-2.87730592],[-78.95259592,-2.87736085],[-78.95257427,-2.87740303],[-78.95254254,-2.87744411],[-78.95250575,-2.87745327],[-78.95246387,-2.87743881],[-78.95244548,-2.87741518],[-78.95243447,-2.87738406],[-78.95242776,-2.87736615],[-78.95242031,-2.87735963],[-78.95241744,-2.87735447],[-78.95240468,-2.87735038],[-78.95239119,-2.87734863],[-78.95236888,-2.87735754],[-78.95236139,-2.8773701],[-78.95234241,-2.87737368],[-78.95232336,-2.87736813],[-78.9523008,-2.87736321],[-78.95228588,-2.87735866],[-78.95225802,-2.87734984],[-78.9522457,-2.87734864],[-78.95223014,-2.87735006],[-78.95221566,-2.87735437],[-78.9522027,-2.87736059],[-78.95217109,-2.87738449],[-78.95215957,-2.87739315],[-78.95214246,-2.87740352],[-78.9521187,-2.87741803],[-78.95207902,-2.87743242],[-78.95200257,-2.87743645],[-78.95192903,-2.87743143],[-78.95185783,-2.87742262],[-78.95178475,-2.87740414],[-78.95169104,-2.87735894],[-78.95163677,-2.8773357],[-78.95159448,-2.87730082],[-78.95155028,-2.87727605],[-78.95147531,-2.87726679],[-78.95144601,-2.87725417],[-78.95140028,-2.87723229],[-78.95136862,-2.87718486],[-78.95134425,-2.87713789],[-78.95133325,-2.87710261],[-78.95132456,-2.87708705],[-78.95129675,-2.8770474],[-78.95127709,-2.87702846],[-78.95125302,-2.87701197],[-78.95123864,-2.87701049],[-78.95122514,-2.87701436],[-78.95121551,-2.87702211],[-78.95120588,-2.87702644],[-78.95118707,-2.87703318],[-78.95115675,-2.87704226],[-78.95114334,-2.87704902],[-78.95108593,-2.87707333],[-78.95104357,-2.87707614],[-78.9509926,-2.87707026],[-78.95095029,-2.87704695],[-78.9509061,-2.87701695],[-78.95086966,-2.87697918],[-78.95076795,-2.87682909],[-78.95076123,-2.87681452],[-78.95073874,-2.87677018],[-78.95073355,-2.87671023],[-78.95073266,-2.87670028],[-78.95071665,-2.87665251],[-78.95070088,-2.87662346],[-78.9506727,-2.87659032],[-78.95066956,-2.87658688],[-78.95064792,-2.87656975],[-78.95063265,-2.87656005],[-78.95062402,-2.87655687],[-78.95056568,-2.87654682],[-78.9504745,-2.87654539],[-78.95045212,-2.87654472],[-78.9504021,-2.87655647],[-78.9503466,-2.87656632],[-78.95033941,-2.87656513],[-78.95029751,-2.87656189],[-78.95024383,-2.87656116],[-78.95018864,-2.87654578],[-78.95016852,-2.8765358],[-78.95013012,-2.87648709],[-78.95011583,-2.87648146],[-78.95005783,-2.87648162],[-78.95001692,-2.87647811],[-78.94999201,-2.8764787],[-78.94992248,-2.87649141],[-78.94991195,-2.87649601],[-78.94990232,-2.87650385],[-78.94989611,-2.87650728],[-78.94987595,-2.87651439],[-78.94986659,-2.87651871],[-78.94981069,-2.87655513],[-78.94979051,-2.87657634],[-78.94977681,-2.87659033],[-78.94976618,-2.87660342],[-78.94975932,-2.87661679],[-78.94975051,-2.87666424],[-78.94975237,-2.87668142],[-78.94975324,-2.87675014],[-78.94974367,-2.87677227],[-78.94972731,-2.87681808],[-78.94971602,-2.87684446],[-78.94969648,-2.8768126],[-78.94959255,-2.87664696],[-78.94956519,-2.87660849],[-78.94947334,-2.87648003],[-78.94935862,-2.87632042],[-78.94931404,-2.87625751],[-78.9491494,-2.87605333],[-78.94901822,-2.87589116],[-78.94897614,-2.87583874],[-78.94888041,-2.87572022],[-78.94875606,-2.87556376],[-78.94858666,-2.87535081],[-78.94843289,-2.87515714],[-78.94834146,-2.87504305],[-78.94826825,-2.87495124],[-78.94815125,-2.87480393],[-78.94800564,-2.8746195],[-78.94786442,-2.87443987],[-78.94774016,-2.8742816],[-78.94764049,-2.87415485],[-78.94759025,-2.87409056],[-78.94755427,-2.87404466],[-78.94752135,-2.87400229],[-78.94749228,-2.87396471],[-78.94743469,-2.87388342],[-78.94734204,-2.8737517],[-78.94731998,-2.87372029],[-78.94728005,-2.87366868],[-78.9471523,-2.87350219],[-78.94711283,-2.87345148],[-78.94707649,-2.87340422],[-78.94705657,-2.87337978],[-78.94701198,-2.87332644],[-78.94693741,-2.87323635],[-78.94680399,-2.87307599],[-78.94663413,-2.87287135],[-78.94648338,-2.87269261],[-78.94643305,-2.87263221],[-78.94627495,-2.8724398],[-78.94619598,-2.87234834],[-78.94615219,-2.87229718],[-78.94612662,-2.87226703],[-78.94608031,-2.87221369],[-78.94605259,-2.87218127],[-78.94602997,-2.87215547],[-78.94600924,-2.87213192],[-78.94599318,-2.87211263],[-78.94597847,-2.87209254],[-78.94596591,-2.87207633],[-78.9459538,-2.87206148],[-78.94593953,-2.87204229],[-78.94591226,-2.87200643],[-78.94588364,-2.87197058],[-78.94586112,-2.8719417],[-78.94585027,-2.87192776],[-78.94582775,-2.87189887],[-78.94580783,-2.87187352],[-78.94578792,-2.87184727],[-78.9457671,-2.87181965],[-78.94574548,-2.87179086],[-78.94573158,-2.87177113],[-78.94570862,-2.87173971],[-78.94570126,-2.87172921],[-78.94567963,-2.87170512],[-78.94565836,-2.87168158],[-78.94563719,-2.87165704],[-78.94557383,-2.87158577],[-78.94551971,-2.87152582],[-78.94548848,-2.87149132],[-78.9454612,-2.87146071],[-78.94544989,-2.87144884],[-78.94536453,-2.87136189],[-78.94531948,-2.87131507],[-78.94526877,-2.87126173],[-78.94523583,-2.87122632],[-78.9452011,-2.87118837],[-78.94518037,-2.87116564],[-78.94511621,-2.87109166],[-78.94509198,-2.87106332],[-78.945069,-2.87103877],[-78.94505509,-2.87102437],[-78.94503687,-2.87100553],[-78.94502125,-2.87098851],[-78.94500223,-2.8709684],[-78.94499397,-2.87095962],[-78.94498311,-2.8709483],[-78.94495843,-2.87092203],[-78.94494326,-2.87090275],[-78.94491769,-2.87087259],[-78.9448774,-2.87082406],[-78.94481504,-2.87075234],[-78.9447856,-2.87071911],[-78.94475482,-2.87068497],[-78.94472449,-2.87065092],[-78.94471013,-2.87063507],[-78.94469416,-2.87061542],[-78.94466383,-2.87057784],[-78.94464517,-2.87055638],[-78.94461358,-2.870517],[-78.94459842,-2.87049871],[-78.94456415,-2.87045281],[-78.94451652,-2.87038934],[-78.94447713,-2.87033774],[-78.94444116,-2.87029048],[-78.94440608,-2.87024548],[-78.94438832,-2.87022149],[-78.9443597,-2.87018346],[-78.94432984,-2.87013929],[-78.94430517,-2.8701048],[-78.94428051,-2.8700685],[-78.9442623,-2.87004188],[-78.94424454,-2.87001653],[-78.94423378,-2.8700025],[-78.9441865,-2.86993958],[-78.94415833,-2.86990373],[-78.94412631,-2.8698609],[-78.94408989,-2.8698093],[-78.94407132,-2.86978395],[-78.94401849,-2.86970963],[-78.94397643,-2.86964889],[-78.94394836,-2.86960689],[-78.94386342,-2.86948631],[-78.94382834,-2.86943823],[-78.94380404,-2.86940365],[-78.94378628,-2.86937921],[-78.94372564,-2.86929701],[-78.94367666,-2.86923056],[-78.94359529,-2.86912219],[-78.9435412,-2.86904922],[-78.94351824,-2.86901816],[-78.94340953,-2.86886219],[-78.9433593,-2.86879528],[-78.9433017,-2.86871797],[-78.94325273,-2.86864889],[-78.94322421,-2.86860825],[-78.943193,-2.86856407],[-78.94311065,-2.86845],[-78.94307648,-2.86839886],[-78.94304267,-2.86834862],[-78.94300142,-2.86828905],[-78.94295639,-2.86822614],[-78.94291262,-2.86816494],[-78.94288661,-2.86812602],[-78.94287369,-2.86810683],[-78.94282258,-2.86802862],[-78.94281828,-2.8680221],[-78.94274031,-2.86792242],[-78.94270559,-2.86787914],[-78.94264531,-2.86779784],[-78.94260719,-2.86774488],[-78.94259203,-2.86772523],[-78.94255266,-2.86766314],[-78.94253446,-2.86763309],[-78.94252011,-2.86761118],[-78.9425072,-2.86759109],[-78.94246945,-2.86753298],[-78.94245949,-2.86751894],[-78.94244353,-2.86749405],[-78.94243663,-2.8674831],[-78.94242102,-2.86745956],[-78.94241143,-2.86744336],[-78.94240892,-2.86743766],[-78.94235906,-2.86736036],[-78.94232795,-2.86731049],[-78.94230544,-2.8672751],[-78.94229029,-2.86725147],[-78.94227289,-2.8672245],[-78.94225209,-2.86719255],[-78.94221181,-2.86713705],[-78.94217503,-2.86708807],[-78.94214857,-2.86705222],[-78.94212955,-2.86702642],[-78.94209618,-2.86698269],[-78.94206371,-2.86693941],[-78.94202558,-2.86688998],[-78.94200306,-2.86686245],[-78.94197273,-2.86682795],[-78.94194239,-2.8667939],[-78.94190506,-2.86675415],[-78.9418626,-2.86670995],[-78.94180759,-2.86665226],[-78.94178811,-2.86663251],[-78.94174906,-2.86659365],[-78.9416979,-2.86654338],[-78.9416663,-2.86651277],[-78.94164503,-2.86649085],[-78.94162169,-2.8664673],[-78.94159656,-2.86644366],[-78.94156056,-2.86640951],[-78.94147079,-2.86632599],[-78.94145176,-2.86630805],[-78.94141881,-2.86627788],[-78.94139753,-2.86625777],[-78.94137195,-2.86623368],[-78.94134251,-2.86620614],[-78.94133074,-2.86619563],[-78.94131692,-2.86618204],[-78.94126315,-2.86613267],[-78.94123541,-2.86610686],[-78.94116395,-2.86604045],[-78.94112185,-2.8660015],[-78.94107983,-2.86596255],[-78.94105164,-2.86593673],[-78.94096492,-2.86585764],[-78.94093027,-2.86582567],[-78.94088089,-2.8657811],[-78.94084876,-2.86575129],[-78.94079588,-2.86570319],[-78.94077227,-2.86568199],[-78.94071221,-2.86562555],[-78.94074466,-2.8655824],[-78.94075268,-2.8655721],[-78.94075619,-2.86556949],[-78.94075926,-2.86556253],[-78.9407653,-2.86555341],[-78.94076666,-2.86554907],[-78.94076966,-2.8655329],[-78.94077102,-2.8655263],[-78.94077536,-2.86550976],[-78.94077627,-2.86550542],[-78.94078412,-2.86548835],[-78.94078674,-2.86548184],[-78.9407954,-2.86546658],[-78.94080235,-2.86545475],[-78.94080848,-2.86544337],[-78.94081146,-2.86543903],[-78.94082281,-2.86542549],[-78.94082669,-2.86541935],[-78.94083633,-2.86540716],[-78.94084021,-2.86540283],[-78.94085066,-2.86538838],[-78.94085454,-2.86538495],[-78.94086192,-2.86537755],[-78.94086679,-2.86537313],[-78.94087156,-2.8653679],[-78.94087543,-2.86536528],[-78.94088372,-2.86535743],[-78.94088678,-2.86535482],[-78.94089498,-2.86534787],[-78.9409011,-2.86534309],[-78.94091064,-2.86533877],[-78.94092198,-2.86533481],[-78.94092719,-2.86533265],[-78.94094195,-2.86532526],[-78.94094718,-2.8653222],[-78.94096194,-2.86531128],[-78.94096806,-2.86530695],[-78.94097761,-2.86529956],[-78.94098238,-2.86529604],[-78.94099453,-2.86528865],[-78.94100192,-2.86528297],[-78.94100624,-2.86527818],[-78.94101273,-2.86527123],[-78.94101885,-2.86526555],[-78.94102931,-2.86525291],[-78.94103976,-2.86524072],[-78.9410458,-2.86523422],[-78.94105328,-2.86522501],[-78.9410576,-2.86521933],[-78.94106066,-2.86521635],[-78.94106762,-2.86519882],[-78.94106979,-2.86519403],[-78.94107853,-2.86517967],[-78.94108115,-2.86517579],[-78.9410907,-2.86516179],[-78.94109413,-2.86515529],[-78.94110333,-2.86514039],[-78.9411055,-2.8651356],[-78.94111074,-2.86512078],[-78.94111812,-2.86511691],[-78.94112902,-2.86510689],[-78.94113244,-2.86510202],[-78.9411464,-2.86509119],[-78.94115072,-2.86508731],[-78.94116378,-2.8650773],[-78.94116901,-2.86507243],[-78.94118071,-2.86506241],[-78.94118333,-2.86505808],[-78.94120205,-2.86504853],[-78.94121204,-2.8650424],[-78.94121987,-2.86503852],[-78.94122293,-2.86503636],[-78.94123985,-2.86502762],[-78.94124336,-2.865025],[-78.94125894,-2.86501635],[-78.9412629,-2.86501455],[-78.94127811,-2.8650059],[-78.94128243,-2.86500374],[-78.94129854,-2.864995],[-78.9413034,-2.86499193],[-78.94131897,-2.86498373],[-78.94132293,-2.86498112],[-78.94133895,-2.86497238],[-78.94134291,-2.86497021],[-78.94135722,-2.86496328],[-78.94136425,-2.8649585],[-78.94137901,-2.86495066],[-78.94138162,-2.86494849],[-78.94139719,-2.86494066],[-78.94140115,-2.86493886],[-78.94141681,-2.8649293],[-78.94142113,-2.86492714],[-78.94143724,-2.8649184],[-78.94144111,-2.86491623],[-78.94145587,-2.86490803],[-78.94145983,-2.86490578],[-78.94147676,-2.86489668],[-78.94147982,-2.86489406],[-78.94149718,-2.8648893],[-78.94150195,-2.86488759],[-78.9415176,-2.86488274],[-78.94152282,-2.86488148],[-78.94153974,-2.86487627],[-78.9415445,-2.86487501],[-78.94156151,-2.8648698],[-78.94156583,-2.864868],[-78.94158535,-2.86486279],[-78.94158796,-2.86486198],[-78.94160712,-2.86485632],[-78.94161099,-2.86485497],[-78.94162664,-2.86485111],[-78.94163231,-2.8648494],[-78.94164752,-2.86484419],[-78.94165274,-2.86484239],[-78.9416692,-2.86483763],[-78.94167442,-2.86483547],[-78.94169133,-2.86483242],[-78.94169574,-2.86483162],[-78.94171391,-2.86482858],[-78.94171787,-2.86482723],[-78.94173694,-2.86482383],[-78.94174044,-2.86482248],[-78.94175736,-2.86481862],[-78.94176212,-2.86481727],[-78.94177957,-2.86481468],[-78.94178515,-2.86481342],[-78.94180215,-2.86480993],[-78.94180818,-2.86480822],[-78.94182383,-2.86480563],[-78.9418277,-2.86480392],[-78.94184336,-2.86479427],[-78.94184732,-2.86479301],[-78.94186568,-2.86478645],[-78.94186954,-2.86478953],[-78.94188608,-2.86479254],[-78.94189255,-2.86479391],[-78.94189992,-2.86479736],[-78.94190908,-2.86480045],[-78.9419125,-2.86480181],[-78.94192903,-2.86480925],[-78.94193469,-2.86481098],[-78.94194942,-2.86481978],[-78.94195374,-2.8648215],[-78.94196892,-2.86483111],[-78.94197242,-2.86483329],[-78.94199066,-2.86483947],[-78.94199453,-2.86484165],[-78.94201107,-2.86484168],[-78.94201665,-2.86484169],[-78.94203364,-2.86484082],[-78.94204362,-2.86484083],[-78.94205576,-2.86484086],[-78.94206053,-2.8648405],[-78.94207959,-2.86484054],[-78.942084,-2.86483874],[-78.9421009,-2.86484094],[-78.94210522,-2.8648414],[-78.94212391,-2.86484713],[-78.94214512,-2.86485413],[-78.94214898,-2.86485585],[-78.94216462,-2.86486248],[-78.9421816,-2.86486775],[-78.94219634,-2.86487474],[-78.94220155,-2.86487692],[-78.942218,-2.86488048],[-78.94222015,-2.86488527],[-78.94223668,-2.86489362],[-78.94224099,-2.86489616],[-78.94225923,-2.86490632],[-78.94226138,-2.86490804],[-78.94227485,-2.86492027],[-78.942277,-2.86492163],[-78.94229002,-2.86493558],[-78.94229216,-2.86494128],[-78.94231078,-2.86493778],[-78.94231169,-2.86493254],[-78.9423278,-2.86492606],[-78.94233517,-2.86492562],[-78.94236161,-2.86492748],[-78.94237851,-2.86492877],[-78.94239847,-2.86492971],[-78.94241843,-2.86493066],[-78.94242544,-2.86493148],[-78.94244405,-2.86493368],[-78.94244756,-2.8649346],[-78.94246401,-2.86493679],[-78.94247273,-2.86493771],[-78.94248577,-2.864939],[-78.94249053,-2.86493856],[-78.94250878,-2.8649395],[-78.94251265,-2.86493824],[-78.94253262,-2.8649352],[-78.94253649,-2.8649334],[-78.94228289,-2.86469733],[-78.94215774,-2.8645859],[-78.94207451,-2.86451251],[-78.94182242,-2.86428449],[-78.94142195,-2.86391571],[-78.94116059,-2.86368957],[-78.94069246,-2.86329136],[-78.93982243,-2.86266496],[-78.93929168,-2.86228409],[-78.93846656,-2.86168959],[-78.93797355,-2.86132516],[-78.93737846,-2.86092383],[-78.93687927,-2.8605961],[-78.93659534,-2.86042507],[-78.93645686,-2.86033016],[-78.93638404,-2.86026701],[-78.93626337,-2.8601696],[-78.93605028,-2.85995286],[-78.93578455,-2.85966144],[-78.93545367,-2.85929513],[-78.93503146,-2.858864],[-78.93502051,-2.85885296],[-78.93490572,-2.85883467],[-78.93485754,-2.8588268],[-78.93479731,-2.85881693],[-78.93474508,-2.85880734],[-78.93470993,-2.85880059],[-78.93470661,-2.85879968],[-78.93462006,-2.85877484],[-78.93456703,-2.85876055],[-78.93454708,-2.85875518],[-78.93448722,-2.85874033],[-78.93443302,-2.85872857],[-78.93440291,-2.85872156],[-78.93437855,-2.85871509],[-78.93436121,-2.8587109],[-78.934309,-2.85869246],[-78.93424979,-2.85866613],[-78.93421861,-2.85865161],[-78.934101,-2.85859977],[-78.93378115,-2.85845309],[-78.93372814,-2.85842632],[-78.93367843,-2.85836719],[-78.93365474,-2.85833994],[-78.93357685,-2.85825409],[-78.93353261,-2.8582013],[-78.93348792,-2.85815113],[-78.93343991,-2.85809815],[-78.93340339,-2.85805749],[-78.93336093,-2.85801628],[-78.93325867,-2.85792532],[-78.9332084,-2.85788129],[-78.93316207,-2.85784169],[-78.93314213,-2.85782782],[-78.93312721,-2.85782445],[-78.93311507,-2.85782443],[-78.93308735,-2.85783713],[-78.93298214,-2.85789372],[-78.93288583,-2.8579458],[-78.9328581,-2.8579641],[-78.93279609,-2.8579979],[-78.93270689,-2.85804674],[-78.93255631,-2.8581282],[-78.93244605,-2.85818758],[-78.93234749,-2.85824183],[-78.93229492,-2.85827347],[-78.93220348,-2.85832339],[-78.93217252,-2.85833934],[-78.93216145,-2.85834158],[-78.9321315,-2.85834432],[-78.9321298,-2.85834459],[-78.93206921,-2.85828174],[-78.93198018,-2.85818972],[-78.93192991,-2.85814243],[-78.93186914,-2.85808202],[-78.93181169,-2.8580246],[-78.93176125,-2.85797559],[-78.93162534,-2.8578475],[-78.93151249,-2.85774749],[-78.93131678,-2.85757372],[-78.93123732,-2.85750731],[-78.93118344,-2.85746427],[-78.93115983,-2.85744596],[-78.93088151,-2.8573027],[-78.9308227,-2.85725567],[-78.93073183,-2.8571839],[-78.9306371,-2.85710814],[-78.93057182,-2.85705758],[-78.93048597,-2.85699667],[-78.93038835,-2.85692687],[-78.93033537,-2.85688727],[-78.93017247,-2.85677034],[-78.93011751,-2.85672929],[-78.93003705,-2.85667074],[-78.92994033,-2.85660049],[-78.92986337,-2.85654502],[-78.92972839,-2.85644849],[-78.92965035,-2.85639302],[-78.92959396,-2.85635241],[-78.92949392,-2.85627963],[-78.92945216,-2.85624746],[-78.92940996,-2.85621429],[-78.92929961,-2.85612115],[-78.92923874,-2.85606878],[-78.92918731,-2.85601923],[-78.92915688,-2.85598808],[-78.92910878,-2.85593763],[-78.92907593,-2.85590294],[-78.9286883,-2.85549304],[-78.92864477,-2.85544776],[-78.92859397,-2.85539505],[-78.92855331,-2.85535284],[-78.92846213,-2.85525775],[-78.92843727,-2.85523166],[-78.92837363,-2.85516573],[-78.92830892,-2.85509871],[-78.92820571,-2.8549912],[-78.92813032,-2.85491187],[-78.92809056,-2.85487021],[-78.92807063,-2.85484901],[-78.92801597,-2.85479331],[-78.92797863,-2.85475563],[-78.92794507,-2.85472149],[-78.92791518,-2.85469124],[-78.92786409,-2.8546472],[-78.92782369,-2.85461187],[-78.92780052,-2.85459447],[-78.92777565,-2.85457589],[-78.9277224,-2.85453629],[-78.92770516,-2.85452369],[-78.9276642,-2.85449613],[-78.92764076,-2.85448053],[-78.92754754,-2.85441699],[-78.92746474,-2.85436124],[-78.92733263,-2.85427167],[-78.92727622,-2.85423387],[-78.92722189,-2.85419715],[-78.92717115,-2.85416261],[-78.9271495,-2.85414766],[-78.92712543,-2.85413179],[-78.9270984,-2.85411321],[-78.92706841,-2.85409254],[-78.92699117,-2.85404005],[-78.92694995,-2.85401159],[-78.9269125,-2.85398639],[-78.92688726,-2.85396925],[-78.92682574,-2.8539271],[-78.92678209,-2.85389773],[-78.92676961,-2.8538893],[-78.9267186,-2.85385422],[-78.92669004,-2.85383509],[-78.92661577,-2.85378469],[-78.92657122,-2.85375414],[-78.92654185,-2.85373437],[-78.92650503,-2.8537089],[-78.92647297,-2.85368706],[-78.92645806,-2.85367654],[-78.92638298,-2.85362469],[-78.92633907,-2.85359414],[-78.92630674,-2.8535722],[-78.92624019,-2.85352634],[-78.92618173,-2.85348582],[-78.92606704,-2.85340822],[-78.92600947,-2.8533696],[-78.92595514,-2.85333243],[-78.92590556,-2.8532997],[-78.92584817,-2.85326163],[-78.92578494,-2.85321947],[-78.92572997,-2.85318972],[-78.92566942,-2.85315733],[-78.92564229,-2.853143],[-78.92555738,-2.85310541],[-78.92550859,-2.85309041],[-78.9254721,-2.85307841],[-78.92541504,-2.85305561],[-78.92535798,-2.85303399],[-78.92532231,-2.85302081],[-78.92527864,-2.85300419],[-78.92518923,-2.85297058],[-78.92509236,-2.85293776],[-78.92496376,-2.85289449],[-78.92489268,-2.85287068],[-78.92486302,-2.85286077],[-78.9247418,-2.85281987],[-78.92467107,-2.85279551],[-78.92463306,-2.85278287],[-78.92449791,-2.85273724],[-78.92445118,-2.85272161],[-78.92441847,-2.85271052],[-78.92434244,-2.85268497],[-78.92427738,-2.8526627],[-78.92416945,-2.85262671],[-78.92412937,-2.85261316],[-78.92406099,-2.85258998],[-78.92388961,-2.8525329],[-78.92382959,-2.85251281],[-78.92378834,-2.85249926],[-78.92369623,-2.85246682],[-78.92363207,-2.85244401],[-78.92355901,-2.85241784],[-78.92350932,-2.85240039],[-78.92345738,-2.85238176],[-78.92342287,-2.85237003],[-78.92329625,-2.85232623],[-78.92323209,-2.85230432],[-78.92319318,-2.85229078],[-78.92310018,-2.85225716],[-78.92307996,-2.85224844],[-78.92305085,-2.85223673],[-78.92300062,-2.85221575],[-78.92296262,-2.85219444],[-78.92294062,-2.85218192],[-78.92289489,-2.85215607],[-78.92286373,-2.8521363],[-78.92281262,-2.85210339],[-78.92276215,-2.85207157],[-78.92266039,-2.85200538],[-78.9225968,-2.85196431],[-78.9225615,-2.85194128],[-78.92252791,-2.8519188],[-78.92245723,-2.85187148],[-78.92241125,-2.85183966],[-78.92237829,-2.85181627],[-78.92236159,-2.85180512],[-78.92230285,-2.85176858],[-78.9222565,-2.85174011],[-78.92218788,-2.8516984],[-78.92217423,-2.85168969],[-78.92210534,-2.85164418],[-78.92206618,-2.85161898],[-78.92204687,-2.85160583],[-78.92197763,-2.8515614],[-78.92186688,-2.8514905],[-78.92173917,-2.8514051],[-78.9216525,-2.85134898],[-78.92156844,-2.85129567],[-78.92154347,-2.8512798],[-78.92146668,-2.85123066],[-78.92141198,-2.85119648],[-78.92134695,-2.8511554],[-78.92132647,-2.85114189],[-78.92126971,-2.85110617],[-78.92123495,-2.85108432],[-78.92122489,-2.8510777],[-78.92118681,-2.85105168],[-78.92113248,-2.85101452],[-78.921112,-2.85099983],[-78.92106063,-2.85096683],[-78.92101491,-2.85093745],[-78.92096767,-2.85090808],[-78.92092519,-2.85088078],[-78.92089313,-2.85085921],[-78.92087624,-2.85084824],[-78.92081652,-2.85080871],[-78.92077763,-2.85078287],[-78.92076721,-2.85077752],[-78.92075355,-2.85076999],[-78.92067191,-2.85071813],[-78.9206508,-2.85070435],[-78.92062799,-2.85068966],[-78.92060742,-2.85068004],[-78.92055783,-2.85065608],[-78.92050824,-2.85063086],[-78.9204723,-2.85061343],[-78.92042243,-2.85059607],[-78.92037821,-2.85058099],[-78.92034254,-2.85056872],[-78.92026381,-2.85054796],[-78.92019901,-2.85053112],[-78.92013573,-2.85051572],[-78.92009915,-2.85050643],[-78.92005817,-2.8504965],[-78.92001178,-2.85049009],[-78.91991982,-2.85047736],[-78.91982858,-2.85046137],[-78.91977869,-2.85045233],[-78.91975011,-2.85044839],[-78.91972314,-2.85044472],[-78.91971001,-2.85044262],[-78.91966273,-2.85043657],[-78.91961194,-2.85042897],[-78.91957418,-2.85042203],[-78.91952664,-2.85041236],[-78.91943387,-2.8503952],[-78.91941752,-2.85038947],[-78.91938184,-2.85037928],[-78.91934949,-2.85036666],[-78.91930995,-2.85035248],[-78.91925704,-2.85032553],[-78.91921428,-2.85030394],[-78.91917062,-2.85028116],[-78.91915993,-2.85027391],[-78.91912104,-2.85024572],[-78.91909905,-2.85022634],[-78.91907032,-2.85020296],[-78.91903674,-2.85017424],[-78.91901304,-2.85015448],[-78.91899643,-2.8501389],[-78.91897803,-2.85012061],[-78.91893495,-2.85007786],[-78.91887382,-2.85001609],[-78.91882482,-2.84996582],[-78.91877617,-2.84991555],[-78.91872448,-2.84986185],[-78.91868974,-2.84982589],[-78.91864173,-2.84977535],[-78.9185579,-2.84968958],[-78.91849884,-2.84962854],[-78.91840658,-2.84953362],[-78.91837956,-2.84950663],[-78.9183608,-2.84948806],[-78.91831305,-2.84944223],[-78.91827149,-2.8494021],[-78.91823208,-2.84936379],[-78.91817481,-2.84930808],[-78.9181048,-2.84923806],[-78.9180742,-2.84920808],[-78.91796056,-2.84909523],[-78.91792592,-2.84905954],[-78.91785699,-2.84898944],[-78.91781839,-2.84895022],[-78.91778168,-2.84891254],[-78.91772999,-2.8488601],[-78.91769346,-2.8488236],[-78.91765343,-2.84878257],[-78.91756672,-2.84869517],[-78.91753235,-2.84866102],[-78.91746853,-2.84859753],[-78.91740354,-2.84853286],[-78.91736288,-2.8484921],[-78.91731576,-2.848446],[-78.91726819,-2.84839899],[-78.91715303,-2.84828341],[-78.9170683,-2.84819954],[-78.91704398,-2.84817436],[-78.91693062,-2.84805816],[-78.91691222,-2.84803842],[-78.91680919,-2.84793299],[-78.9166925,-2.84781588],[-78.91656226,-2.84768826],[-78.91652995,-2.84765719],[-78.91639216,-2.84752458],[-78.91632807,-2.84746316],[-78.91623991,-2.84738588],[-78.91617195,-2.84732627],[-78.91614197,-2.84730027],[-78.9161004,-2.84726366],[-78.91604088,-2.84721184],[-78.91601709,-2.84719119],[-78.91601179,-2.84718638],[-78.91597255,-2.84715856],[-78.915936,-2.84713272],[-78.91589855,-2.84710553],[-78.9158858,-2.84709647],[-78.91584924,-2.84707488],[-78.91575483,-2.84702119],[-78.91556077,-2.8469326],[-78.9153703,-2.84684709],[-78.91513315,-2.84676565],[-78.91469265,-2.84666259],[-78.91434537,-2.8465768],[-78.91407007,-2.84651238],[-78.9137143,-2.84644356],[-78.91358729,-2.84641774],[-78.91349831,-2.84639634],[-78.91325689,-2.84634048],[-78.91307059,-2.84628906],[-78.91290972,-2.84624184],[-78.91284617,-2.84622898],[-78.91269798,-2.84618612],[-78.91257931,-2.84617307],[-78.91244376,-2.84614733],[-78.91233225,-2.84610635],[-78.91195605,-2.84599564],[-78.9116666,-2.84589982],[-78.91119311,-2.84569246],[-78.91048274,-2.84541054],[-78.91010386,-2.84524042],[-78.90951456,-2.84498521],[-78.90885676,-2.84471405],[-78.90862534,-2.84460242],[-78.90854637,-2.84456521],[-78.90808321,-2.84441609],[-78.90786742,-2.84435748],[-78.90764637,-2.84432525],[-78.90754635,-2.84429334],[-78.90735152,-2.8442824],[-78.90714616,-2.84427678],[-78.9068514,-2.84423918],[-78.9066144,-2.84422284],[-78.90651445,-2.84420674],[-78.90624598,-2.84414279],[-78.90606701,-2.84411064],[-78.90576157,-2.84411008],[-78.90562463,-2.84410983],[-78.90553516,-2.84410967],[-78.90535077,-2.84414115],[-78.90505573,-2.84420408],[-78.90462908,-2.84430393],[-78.90432351,-2.84437218],[-78.90401796,-2.84442993],[-78.90359658,-2.84449797],[-78.90325429,-2.84453441],[-78.90290663,-2.84456027],[-78.90184804,-2.84461131],[-78.90165317,-2.84462153],[-78.90127404,-2.84464733],[-78.90098959,-2.84466797],[-78.90011534,-2.844767],[-78.89938847,-2.84485563],[-78.89907774,-2.84489746],[-78.89878803,-2.84489693],[-78.89846162,-2.84485393],[-78.89785104,-2.84473103],[-78.89771415,-2.84470429],[-78.89761938,-2.84469888],[-78.89756673,-2.84467762],[-78.89742988,-2.84467737],[-78.89742455,-2.84469318],[-78.89692435,-2.84468703],[-78.8961766,-2.8446909],[-78.89570266,-2.84469003],[-78.89476551,-2.8447139],[-78.89463549,-2.8447133],[-78.89463537,-2.84478183],[-78.8944325,-2.84603172],[-78.89421945,-2.84674439],[-78.89422094,-2.84681726],[-78.89422274,-2.84686491],[-78.89423774,-2.84692388],[-78.89428498,-2.84695634],[-78.89433983,-2.84700589],[-78.89434357,-2.84702308],[-78.89440586,-2.84708404],[-78.89442854,-2.84712214],[-78.8944247,-2.8471602],[-78.89441893,-2.84721542],[-78.89440939,-2.84727056],[-78.89439402,-2.84736573],[-78.89439198,-2.84740189],[-78.89437114,-2.84743801],[-78.89435779,-2.84746267],[-78.89433688,-2.84754066],[-78.89432151,-2.84763583],[-78.89430825,-2.84766049],[-78.89426084,-2.84772513],[-78.89423992,-2.84775746],[-78.89420561,-2.84783216],[-78.89414879,-2.84782826],[-78.89381959,-2.8477896],[-78.89364548,-2.84775881],[-78.8932709,-2.84765153],[-78.89316033,-2.84813095],[-78.89347426,-2.8482609],[-78.89353474,-2.84827999],[-78.89367091,-2.84836026],[-78.89400372,-2.84854349],[-78.89428352,-2.84870394],[-78.89442728,-2.84876125],[-78.89458242,-2.84878821],[-78.89486623,-2.8488192],[-78.8952705,-2.8492652],[-78.89536115,-2.84935668],[-78.89571651,-2.8495971],[-78.89594717,-2.84973458],[-78.89610233,-2.8497996],[-78.89628013,-2.84983419],[-78.89656791,-2.84980805],[-78.89674585,-2.84975892],[-78.89677983,-2.84986548],[-78.89680608,-2.85001398],[-78.8968171,-2.85018524],[-78.89679405,-2.85034893],[-78.89675594,-2.85049342],[-78.89669519,-2.85062278],[-78.89663046,-2.85081297],[-78.89659213,-2.85107933],[-78.89659555,-2.85127345],[-78.89663299,-2.85150189],[-78.89670082,-2.85168473],[-78.89686682,-2.85197046],[-78.89707092,-2.85217642],[-78.89727891,-2.85231766],[-78.89736208,-2.85236727],[-78.89759661,-2.85245521],[-78.89819054,-2.85268468],[-78.89855364,-2.8528224],[-78.8987087,-2.85289881],[-78.89898858,-2.85306676],[-78.89912089,-2.85313933],[-78.89941969,-2.85328453],[-78.8997148,-2.85338398],[-78.89997968,-2.85344161],[-78.90032036,-2.85350308],[-78.90042254,-2.85353373],[-78.90055112,-2.85357963],[-78.90072136,-2.85366745],[-78.90089896,-2.85380864],[-78.90102745,-2.85395732],[-78.90115578,-2.85414407],[-78.90121603,-2.85428884],[-78.90129908,-2.85446023],[-78.90142738,-2.85466596],[-78.90156341,-2.85482226],[-78.90175236,-2.85500152],[-78.90250074,-2.8555967],[-78.90305265,-2.85604307],[-78.90325687,-2.8561843],[-78.90359721,-2.85637904],[-78.90421364,-2.85670365],[-78.90470908,-2.85695201],[-78.90499647,-2.8570933],[-78.90509108,-2.85713543],[-78.90548072,-2.85726922],[-78.90583637,-2.85735368],[-78.9067144,-2.85746179],[-78.90750918,-2.85756225],[-78.90858409,-2.85769748],[-78.90885656,-2.85773604],[-78.9089625,-2.85777429],[-78.90905697,-2.85784291],[-78.90914385,-2.85798392],[-78.90917003,-2.85812103],[-78.90923776,-2.85836092],[-78.90930188,-2.8585019],[-78.90940005,-2.85861627],[-78.90954367,-2.8587497],[-78.90969501,-2.85884898],[-78.90987274,-2.85891783],[-78.91001655,-2.85895236],[-78.91050476,-2.85902549],[-78.91207906,-2.85926822],[-78.91253699,-2.85932611],[-78.91371764,-2.85946533],[-78.91446704,-2.85955421],[-78.91459566,-2.85958112],[-78.91524273,-2.85972316],[-78.91571946,-2.85983062],[-78.91588602,-2.8598613],[-78.91628714,-2.85991537],[-78.91644996,-2.85992706],[-78.91768022,-2.8599293],[-78.91811176,-2.8599225],[-78.91832369,-2.85992288],[-78.91846373,-2.8599536],[-78.91869449,-2.86003775],[-78.91888733,-2.86015988],[-78.91904969,-2.86037716],[-78.91927629,-2.86067068],[-78.9194273,-2.86085359],[-78.91954447,-2.860949],[-78.91966549,-2.86100247],[-78.92004757,-2.86114783],[-78.92055079,-2.86132766],[-78.92070207,-2.86140407],[-78.92093642,-2.86159481],[-78.92105351,-2.86173579],[-78.92177095,-2.86274571],[-78.92254504,-2.86380908],[-78.92265842,-2.86396154],[-78.92269039,-2.86388484],[-78.92275049,-2.8638147],[-78.92293073,-2.86354497],[-78.92303534,-2.86337221],[-78.92309358,-2.86324013],[-78.92311505,-2.86314886],[-78.9231095,-2.86298954],[-78.92311976,-2.86268443],[-78.92313548,-2.8625407],[-78.92315874,-2.86245522],[-78.9231859,-2.86240672],[-78.9232479,-2.86232718],[-78.92328835,-2.86238548],[-78.92335588,-2.86248867],[-78.92354664,-2.86276495],[-78.92366044,-2.86288567],[-78.92382253,-2.86305503],[-78.92406164,-2.86334695],[-78.92418131,-2.86345015],[-78.92461949,-2.8637502],[-78.92473515,-2.86388639],[-78.92491856,-2.86399757],[-78.92499584,-2.86402682],[-78.92515035,-2.86406408],[-78.92528368,-2.86407598],[-78.92565465,-2.86409411],[-78.92596388,-2.86409666],[-78.92611851,-2.86411249],[-78.92625571,-2.8641244],[-78.92634655,-2.86410902],[-78.92640264,-2.86407214],[-78.92645685,-2.86402758],[-78.92654016,-2.86390531],[-78.92660605,-2.86381213],[-78.9267919,-2.86362396],[-78.9269468,-2.86349016],[-78.92710546,-2.86336415],[-78.92719258,-2.86331955],[-78.92733384,-2.86322072],[-78.92749644,-2.86305583],[-78.92755071,-2.86298017],[-78.92758946,-2.86293548],[-78.92761469,-2.86285398],[-78.92756748,-2.86265427],[-78.92834583,-2.86355084],[-78.92853515,-2.86368318],[-78.92874565,-2.86383437],[-78.92912545,-2.86409282],[-78.92971674,-2.86445436],[-78.9302584,-2.86476563],[-78.93054592,-2.86494218],[-78.93064301,-2.86499986],[-78.93087918,-2.86517867],[-78.93094908,-2.86523942],[-78.93109067,-2.86537895],[-78.93129863,-2.86559586],[-78.93147656,-2.86580766],[-78.93224265,-2.86672482],[-78.93253566,-2.86694505],[-78.93316068,-2.86735358],[-78.9339339,-2.86791092],[-78.93464418,-2.86830848],[-78.9347992,-2.86841011],[-78.93504306,-2.86861461],[-78.93514079,-2.86872057],[-78.93524549,-2.86885475],[-78.93541723,-2.86910812],[-78.93607102,-2.87022507],[-78.93718562,-2.87210846],[-78.93842239,-2.87421466],[-78.93871501,-2.87470965],[-78.9391021,-2.87536783],[-78.93966429,-2.87631889],[-78.93974148,-2.87644886],[-78.94000338,-2.87682247],[-78.9402161,-2.87709571],[-78.94045348,-2.87734984],[-78.94056282,-2.87745555],[-78.94071291,-2.87759894],[-78.94092008,-2.87779949],[-78.94140516,-2.8782262],[-78.94190212,-2.87864815],[-78.94205798,-2.87878658],[-78.94246197,-2.87915158],[-78.94280013,-2.87947352],[-78.94293155,-2.8795997],[-78.943153,-2.87986103],[-78.94338243,-2.88014272],[-78.94359776,-2.88041145],[-78.94380187,-2.88066588],[-78.94411169,-2.88104581],[-78.94455283,-2.88160625],[-78.94506667,-2.88224459],[-78.94533717,-2.88258855],[-78.945672,-2.88301211],[-78.94590837,-2.88333368],[-78.94597096,-2.88342981],[-78.94620322,-2.88383645],[-78.94635987,-2.88413355],[-78.94645684,-2.88431383],[-78.94654377,-2.88448188],[-78.94674637,-2.88487554],[-78.94696138,-2.885327],[-78.94711837,-2.88558568],[-78.94731434,-2.88586749],[-78.94756495,-2.8861701],[-78.94777421,-2.88641396],[-78.94793373,-2.88656957],[-78.94812702,-2.88674017],[-78.94830293,-2.88687927],[-78.94848882,-2.88701757],[-78.94870223,-2.88715466],[-78.94892716,-2.88728825],[-78.94934704,-2.88752372],[-78.94993685,-2.88781953],[-78.95076379,-2.88826287],[-78.95149588,-2.88865008],[-78.95212225,-2.88901955],[-78.95248737,-2.88925176],[-78.95295456,-2.88958116],[-78.95352075,-2.89001354],[-78.95398454,-2.8903801],[-78.95419079,-2.89054828],[-78.95496107,-2.89115552],[-78.9565842,-2.89240108],[-78.95724854,-2.89291185],[-78.95850583,-2.89388054],[-78.95869818,-2.89402618],[-78.95928746,-2.89447416],[-78.96010903,-2.89511187],[-78.96051556,-2.89542409],[-78.96051556,-2.89542408]]]}},{"type":"Feature","properties":{"fid":"11","DESCRIP":"Totoracocha","CODIGO":"07","AREA":"3393130.709999999962747","SHAPE_LENG":"8416.713640379999561","SHAPE_AREA":"3393130.715929999947548","name":"Totoracocha"},"geometry":{"type":"Polygon","coordinates":[[[-78.97759398,-2.8825413],[-78.97759402,-2.88254125],[-78.97744786,-2.88266504],[-78.97733295,-2.88275823],[-78.97721157,-2.88280087],[-78.97701697,-2.88280269],[-78.97692846,-2.88276854],[-78.97681275,-2.88270342],[-78.9766521,-2.88267899],[-78.97655477,-2.88269636],[-78.97625359,-2.8827101],[-78.97613218,-2.88271983],[-78.97569402,-2.88295422],[-78.97559006,-2.88300792],[-78.97550202,-2.88306273],[-78.97530267,-2.88326129],[-78.97509142,-2.88342573],[-78.97494621,-2.88361787],[-78.97485206,-2.88372204],[-78.97472172,-2.88384387],[-78.97469055,-2.8838779],[-78.97453297,-2.88394904],[-78.97445212,-2.88395441],[-78.97441609,-2.88393563],[-78.97435402,-2.88379484],[-78.97412978,-2.88357238],[-78.97400536,-2.88345462],[-78.97394413,-2.88345225],[-78.97388509,-2.88347529],[-78.97381004,-2.88355979],[-78.97372365,-2.8835948],[-78.97358023,-2.88369237],[-78.97343902,-2.883813],[-78.97337833,-2.88385901],[-78.97315602,-2.88407298],[-78.97306617,-2.88418267],[-78.97305237,-2.88425525],[-78.97306222,-2.88428266],[-78.97309931,-2.88430479],[-78.97313751,-2.88431914],[-78.97315717,-2.88433346],[-78.9731666,-2.8845983],[-78.97317233,-2.88471485],[-78.97318459,-2.88489841],[-78.97317008,-2.88506873],[-78.97315381,-2.88532041],[-78.97314986,-2.88536986],[-78.97312555,-2.88553907],[-78.97306519,-2.88564881],[-78.97298474,-2.88573221],[-78.97291358,-2.88580468],[-78.97289826,-2.88582003],[-78.97278451,-2.88581874],[-78.97268944,-2.88583285],[-78.97257699,-2.88575237],[-78.97246168,-2.88572033],[-78.97241907,-2.88571257],[-78.97231957,-2.8857387],[-78.97226376,-2.88577052],[-78.97222107,-2.8858067],[-78.97217732,-2.88583411],[-78.9721193,-2.88584503],[-78.97197332,-2.88586231],[-78.971758,-2.8858905],[-78.97160814,-2.88591663],[-78.97156061,-2.88594295],[-78.97145225,-2.88599546],[-78.97130239,-2.88607214],[-78.97120608,-2.88612467],[-78.97114806,-2.88618506],[-78.97109981,-2.886263],[-78.97103896,-2.8863486],[-78.9709327,-2.88648801],[-78.97089648,-2.886577],[-78.9708547,-2.88670884],[-78.97078063,-2.88684496],[-78.9707093,-2.88701074],[-78.97067966,-2.88709206],[-78.97065496,-2.88717772],[-78.9706295,-2.88733482],[-78.97045883,-2.88743351],[-78.97024449,-2.88746278],[-78.97014168,-2.88747689],[-78.97007087,-2.88735036],[-78.97000171,-2.88720404],[-78.9699636,-2.88714023],[-78.96989041,-2.88708404],[-78.96973204,-2.88704533],[-78.96961837,-2.8870473],[-78.96952972,-2.88709108],[-78.96938914,-2.887159],[-78.96927745,-2.88726431],[-78.96910783,-2.88737503],[-78.96897756,-2.88746268],[-78.96892671,-2.88748673],[-78.96877248,-2.88754369],[-78.96860951,-2.88760713],[-78.96858107,-2.88762462],[-78.96849556,-2.88772013],[-78.96833951,-2.8878891],[-78.96816432,-2.88805361],[-78.96808379,-2.88818321],[-78.96799168,-2.88834787],[-78.96798159,-2.88845996],[-78.96796451,-2.8885621],[-78.9679239,-2.88863896],[-78.96786257,-2.88869491],[-78.9676834,-2.88866385],[-78.96758505,-2.88864939],[-78.9675391,-2.88865256],[-78.967503,-2.88867564],[-78.96742419,-2.88874584],[-78.9673295,-2.88879286],[-78.96721135,-2.88884102],[-78.96703961,-2.88893303],[-78.96690933,-2.88902293],[-78.9668563,-2.88906352],[-78.96679172,-2.88911729],[-78.96671055,-2.88925232],[-78.966647,-2.88934234],[-78.96661072,-2.88946642],[-78.96658052,-2.8895565],[-78.96656388,-2.88965864],[-78.96655921,-2.88985872],[-78.96655913,-2.88990483],[-78.96656999,-2.89022138],[-78.96657964,-2.89035548],[-78.96656782,-2.89052806],[-78.9665579,-2.89059947],[-78.9671161,-2.89082397],[-78.96757859,-2.89102263],[-78.96789518,-2.89123937],[-78.96830643,-2.89157717],[-78.96857375,-2.89184509],[-78.96879189,-2.8921057],[-78.96918826,-2.89261932],[-78.96963363,-2.89319171],[-78.96991367,-2.89348534],[-78.97058664,-2.89415334],[-78.97076864,-2.89425991],[-78.97101985,-2.89438124],[-78.97157157,-2.89461676],[-78.97200115,-2.89481174],[-78.97246363,-2.89501772],[-78.97280583,-2.89519419],[-78.97314247,-2.89542191],[-78.9733645,-2.89556525],[-78.97355737,-2.89573042],[-78.97371383,-2.89588829],[-78.97397556,-2.89621489],[-78.97419739,-2.8964754],[-78.97444478,-2.89672132],[-78.97457213,-2.89681314],[-78.97473235,-2.89687934],[-78.97493095,-2.89690537],[-78.97536445,-2.89696844],[-78.9759075,-2.89692177],[-78.97638501,-2.89686765],[-78.97680202,-2.89700032],[-78.97716263,-2.89709987],[-78.9784213,-2.8972524],[-78.9790152,-2.89733773],[-78.97921554,-2.89739306],[-78.98025888,-2.89778325],[-78.98153527,-2.89824357],[-78.9832669,-2.8988878],[-78.98427939,-2.89923038],[-78.98453073,-2.89928209],[-78.98468222,-2.89935144],[-78.98519855,-2.89951511],[-78.98555618,-2.89962026],[-78.98613443,-2.89980619],[-78.98654392,-2.89997772],[-78.98704622,-2.90019769],[-78.98729791,-2.9002504],[-78.9873739,-2.90025053],[-78.98750391,-2.9002146],[-78.98805679,-2.90004877],[-78.98902381,-2.89971687],[-78.98998478,-2.89939508],[-78.99053281,-2.89917698],[-78.99024905,-2.89859575],[-78.99012545,-2.89836235],[-78.98992044,-2.89789174],[-78.98989562,-2.89778726],[-78.9898402,-2.89749576],[-78.98982201,-2.8970536],[-78.9897944,-2.89628792],[-78.98977165,-2.89557641],[-78.99019646,-2.89552093],[-78.99110511,-2.89539597],[-78.99196977,-2.89527491],[-78.99226435,-2.89482526],[-78.99235849,-2.89473094],[-78.99268577,-2.89445024],[-78.9935475,-2.89369817],[-78.99446532,-2.89290397],[-78.99510795,-2.89232836],[-78.99516403,-2.8922441],[-78.99524715,-2.89197517],[-78.9949953,-2.8919061],[-78.99362944,-2.8915394],[-78.99225055,-2.89116743],[-78.99104486,-2.89084585],[-78.99076015,-2.89074508],[-78.99053985,-2.89063646],[-78.99029859,-2.89047762],[-78.98977426,-2.89005437],[-78.988824,-2.88929781],[-78.9878003,-2.88847774],[-78.98671365,-2.88761009],[-78.98602024,-2.88704929],[-78.98514331,-2.88637722],[-78.98411442,-2.88554927],[-78.9833083,-2.88490382],[-78.98258865,-2.88433501],[-78.98237493,-2.88421845],[-78.98213617,-2.88412309],[-78.98197086,-2.88408844],[-78.98174509,-2.88406959],[-78.98133032,-2.88409525],[-78.98104799,-2.88412639],[-78.98077795,-2.88392266],[-78.98048178,-2.88369782],[-78.98024305,-2.88358121],[-78.98001997,-2.88352015],[-78.97985599,-2.8834987],[-78.97959608,-2.88351143],[-78.97918902,-2.88360049],[-78.97880289,-2.88370007],[-78.97860208,-2.88370767],[-78.97842102,-2.88368094],[-78.97820588,-2.88360398],[-78.97791731,-2.88345302],[-78.977724,-2.88293008],[-78.97759398,-2.8825413]]]}},{"type":"Feature","properties":{"fid":"12","DESCRIP":"Cañaribamba","CODIGO":"10","AREA":"1136079.070000000065193","SHAPE_LENG":"4704.580250590000105","SHAPE_AREA":"1136079.064440000103787","name":"Cañaribamba"},"geometry":{"type":"Polygon","coordinates":[[[-78.99567215,-2.910364],[-78.99592751,-2.90895507],[-78.99608066,-2.90803682],[-78.9962359,-2.90720402],[-78.9963561,-2.90640406],[-78.9964235,-2.90592182],[-78.99620533,-2.90597405],[-78.99534582,-2.90622903],[-78.99499081,-2.90534712],[-78.99462057,-2.90449141],[-78.99416535,-2.90357868],[-78.99400377,-2.90371863],[-78.99343239,-2.90315641],[-78.99280663,-2.9025195],[-78.99266524,-2.9023329],[-78.992414,-2.90202116],[-78.99199855,-2.90140225],[-78.99147985,-2.90064275],[-78.99103948,-2.89997986],[-78.99070589,-2.89935016],[-78.9906342,-2.89920528],[-78.99053281,-2.89917698],[-78.98998478,-2.89939508],[-78.98902381,-2.89971687],[-78.98805679,-2.90004877],[-78.98750391,-2.9002146],[-78.9873739,-2.90025053],[-78.98729791,-2.9002504],[-78.98704622,-2.90019769],[-78.98654392,-2.89997772],[-78.98613443,-2.89980619],[-78.98555618,-2.89962026],[-78.98519855,-2.89951511],[-78.98468222,-2.89935144],[-78.98453073,-2.89928209],[-78.98463311,-2.90012132],[-78.98461828,-2.90027156],[-78.9845677,-2.90105554],[-78.984458,-2.90227177],[-78.98437761,-2.90343299],[-78.98433699,-2.90372604],[-78.98410759,-2.904638],[-78.98384523,-2.90568172],[-78.98364739,-2.90628958],[-78.98342428,-2.90674713],[-78.98359892,-2.90690132],[-78.9837898,-2.90712155],[-78.9844517,-2.9079031],[-78.98485309,-2.90864033],[-78.98497065,-2.90847364],[-78.98580454,-2.90826411],[-78.9861766,-2.90809597],[-78.98665638,-2.90803056],[-78.98720753,-2.90833904],[-78.98772282,-2.90853282],[-78.98804668,-2.90851532],[-78.98919777,-2.90859577],[-78.99005518,-2.90866963],[-78.99074137,-2.90884572],[-78.99114295,-2.90896099],[-78.99164016,-2.90921504],[-78.99215518,-2.90961388],[-78.9926402,-2.90999457],[-78.99319169,-2.91006192],[-78.99403441,-2.90995484],[-78.99432816,-2.90997345],[-78.99485553,-2.91015531],[-78.99543078,-2.91036736],[-78.99567214,-2.91036404],[-78.99567215,-2.910364]]]}},{"type":"Feature","properties":{"fid":"13","DESCRIP":"Huaynacapac","CODIGO":"04","AREA":"4006014.910000000614673","SHAPE_LENG":"11170.742984700000306","SHAPE_AREA":"4006014.893809999339283","name":"Huaynacapac"},"geometry":{"type":"Polygon","coordinates":[[[-78.98691183,-2.91634467],[-78.98729303,-2.91664608],[-78.98775012,-2.91690557],[-78.98828239,-2.91716104],[-78.98874932,-2.91729705],[-78.9893798,-2.91744917],[-78.99024101,-2.91766518],[-78.99071508,-2.91778149],[-78.99102433,-2.91789009],[-78.99131303,-2.91802252],[-78.99156359,-2.91816104],[-78.99184095,-2.91834978],[-78.99187012,-2.91863463],[-78.99186995,-2.91872848],[-78.99169694,-2.91908196],[-78.99168252,-2.91915056],[-78.99168418,-2.91922452],[-78.99171807,-2.91933281],[-78.991752,-2.91942311],[-78.99179854,-2.91949362],[-78.99186124,-2.91958397],[-78.99188096,-2.91962369],[-78.99188266,-2.91967605],[-78.99186282,-2.91970666],[-78.99182693,-2.91971383],[-78.99170835,-2.91974255],[-78.9914839,-2.91978907],[-78.9914103,-2.91981236],[-78.9913097,-2.91984825],[-78.99121992,-2.91986618],[-78.99117145,-2.91986428],[-78.99108882,-2.9198569],[-78.99094885,-2.91982961],[-78.99079997,-2.91980584],[-78.99074431,-2.91980393],[-78.99068864,-2.91980745],[-78.99065634,-2.91981824],[-78.99062572,-2.91984341],[-78.99061134,-2.91988678],[-78.99061667,-2.91992648],[-78.99070796,-2.92006742],[-78.99077606,-2.92015588],[-78.9909875,-2.92034758],[-78.99106822,-2.92041815],[-78.99108607,-2.9204416],[-78.99111118,-2.92048143],[-78.99113973,-2.92056267],[-78.99117368,-2.92063669],[-78.99121663,-2.92070359],[-78.99125971,-2.92075601],[-78.99130268,-2.92081025],[-78.99133309,-2.92085361],[-78.99135818,-2.92090601],[-78.99150301,-2.92123474],[-78.99161198,-2.9214985],[-78.99163704,-2.92156536],[-78.99166912,-2.92168449],[-78.99166549,-2.92170257],[-78.99243693,-2.92228622],[-78.99250275,-2.92234113],[-78.99255294,-2.92238634],[-78.9926604,-2.92248761],[-78.99275001,-2.92256363],[-78.99285935,-2.92267205],[-78.99316762,-2.92298128],[-78.99323207,-2.92304279],[-78.99328771,-2.92305907],[-78.99335955,-2.92306643],[-78.99345998,-2.92307566],[-78.99351204,-2.92308298],[-78.99361792,-2.92311382],[-78.99364839,-2.92312292],[-78.99369505,-2.92312662],[-78.9937651,-2.92312855],[-78.99380279,-2.92312681],[-78.99386566,-2.92311788],[-78.99393745,-2.92310355],[-78.99401113,-2.92308749],[-78.9940542,-2.92309119],[-78.99408287,-2.92309838],[-78.99411343,-2.9231111],[-78.99413667,-2.92313464],[-78.99416359,-2.92316896],[-78.99419044,-2.92319423],[-78.99422629,-2.92321057],[-78.99423355,-2.9231727],[-78.99422643,-2.92312938],[-78.9942588,-2.92313125],[-78.99432336,-2.92313679],[-78.99435564,-2.92313865],[-78.99442206,-2.92315857],[-78.99449386,-2.92318764],[-78.99453694,-2.92318952],[-78.9945943,-2.92319324],[-78.99463377,-2.92319865],[-78.99465894,-2.92320592],[-78.99470019,-2.92322218],[-78.99473245,-2.92323671],[-78.99475044,-2.92323312],[-78.99480612,-2.92322418],[-78.99485281,-2.92321341],[-78.9948743,-2.92321345],[-78.99489408,-2.9232171],[-78.99492095,-2.923228],[-78.99494071,-2.9232407],[-78.99498558,-2.92324078],[-78.99503945,-2.92324268],[-78.99506094,-2.92324091],[-78.99508072,-2.92324637],[-78.99510398,-2.92326079],[-78.99512736,-2.92326264],[-78.99514716,-2.92325553],[-78.99518484,-2.92325379],[-78.99523331,-2.9232575],[-78.99528535,-2.92327016],[-78.99533199,-2.92329194],[-78.99538042,-2.92331544],[-78.99541809,-2.92331913],[-78.99544858,-2.92331737],[-78.99550065,-2.92331385],[-78.99558502,-2.92330686],[-78.99565148,-2.92330336],[-78.99565693,-2.92327444],[-78.99566237,-2.92324561],[-78.99566602,-2.92321668],[-78.99566787,-2.92319146],[-78.99567145,-2.92314635],[-78.99565914,-2.92303982],[-78.99566104,-2.92298385],[-78.99566655,-2.92291895],[-78.99567191,-2.92288821],[-78.99568633,-2.92286844],[-78.99574029,-2.92281799],[-78.99580864,-2.92276396],[-78.99588948,-2.92271718],[-78.99593981,-2.92268481],[-78.99594883,-2.92266855],[-78.99595779,-2.92263611],[-78.99594357,-2.92259277],[-78.99593462,-2.92256563],[-78.99592387,-2.92254039],[-78.99590773,-2.92251504],[-78.99590962,-2.92246631],[-78.99592231,-2.92241037],[-78.9959242,-2.9223545],[-78.99593329,-2.92230036],[-78.99595322,-2.9222173],[-78.99596583,-2.92215602],[-78.99601068,-2.92216867],[-78.99608794,-2.92216709],[-78.99612733,-2.92216083],[-78.99621138,-2.9221835],[-78.99662027,-2.922342],[-78.99679946,-2.92240995],[-78.9968555,-2.92240445],[-78.99691155,-2.92238764],[-78.99693966,-2.92235948],[-78.99705769,-2.92218501],[-78.99708018,-2.92212872],[-78.99707476,-2.92203857],[-78.99702445,-2.92195955],[-78.99690689,-2.92187489],[-78.99682285,-2.92184653],[-78.99664927,-2.92175608],[-78.99653171,-2.92167133],[-78.9965821,-2.92160451],[-78.99753311,-2.92189626],[-78.99843369,-2.92217536],[-78.99943377,-2.92248257],[-78.99980322,-2.92257021],[-79.00041027,-2.9226552],[-79.00075849,-2.92264651],[-79.0010951,-2.92258563],[-79.00112932,-2.92327058],[-79.00110154,-2.92352189],[-79.00098371,-2.92389102],[-79.0011674,-2.92385988],[-79.00120657,-2.92378138],[-79.00124198,-2.92364004],[-79.00126554,-2.92358899],[-79.00136322,-2.9235813],[-79.00158969,-2.92366426],[-79.00186312,-2.92373934],[-79.00198794,-2.92384173],[-79.00208966,-2.92378296],[-79.00209767,-2.92367692],[-79.00212129,-2.92354342],[-79.0022539,-2.92366544],[-79.00241006,-2.92374032],[-79.00265992,-2.9238743],[-79.00299961,-2.92400457],[-79.00320274,-2.92406777],[-79.00323089,-2.92391475],[-79.00338996,-2.92290329],[-79.00366931,-2.92247856],[-79.00363658,-2.92242254],[-79.00356814,-2.92222341],[-79.00353244,-2.92201576],[-79.00349677,-2.92179824],[-79.00346743,-2.92170597],[-79.00342822,-2.92165979],[-79.00335294,-2.92161354],[-79.00326451,-2.92158038],[-79.00321931,-2.92150869],[-79.00375731,-2.92117493],[-79.00414062,-2.92095049],[-79.00444969,-2.92080773],[-79.00457395,-2.92076401],[-79.00474265,-2.92072055],[-79.00491932,-2.92069003],[-79.00518283,-2.92067649],[-79.00538291,-2.92068417],[-79.00564955,-2.92068347],[-79.00575484,-2.92084288],[-79.00577619,-2.92092221],[-79.0058215,-2.92098477],[-79.00588116,-2.92101606],[-79.00600523,-2.9210812],[-79.00614367,-2.92116074],[-79.0061556,-2.92118002],[-79.00627962,-2.92132681],[-79.00633923,-2.92138451],[-79.00650625,-2.92152658],[-79.00658022,-2.92159642],[-79.00673522,-2.92177445],[-79.00685207,-2.9219092],[-79.00694405,-2.92201605],[-79.00707178,-2.92200091],[-79.00733951,-2.92194135],[-79.007459,-2.92190793],[-79.00764307,-2.9218626],[-79.00793708,-2.92179097],[-79.00810685,-2.92175049],[-79.00850127,-2.92164785],[-79.00874035,-2.92156898],[-79.00884799,-2.92152116],[-79.00894366,-2.92147802],[-79.00916851,-2.9213607],[-79.00943639,-2.92121462],[-79.00980476,-2.92099909],[-79.00997215,-2.92092968],[-79.01009165,-2.92088667],[-79.01037719,-2.92082606],[-79.01096438,-2.92064437],[-79.01116088,-2.92059011],[-79.01121333,-2.92047673],[-79.0112343,-2.92041791],[-79.01128508,-2.92007352],[-79.0125719,-2.92031106],[-79.01262225,-2.9202145],[-79.0128275,-2.91994172],[-79.01292386,-2.91981169],[-79.01293654,-2.91970665],[-79.01291159,-2.91962677],[-79.01274045,-2.91952981],[-79.01251724,-2.91933195],[-79.01235437,-2.91923075],[-79.0121664,-2.91919263],[-79.01191549,-2.91924679],[-79.01163953,-2.91933455],[-79.01148065,-2.91937206],[-79.01133027,-2.919334],[-79.01108399,-2.91916132],[-79.01090472,-2.9189299],[-79.0105857,-2.91849226],[-79.01022697,-2.91813449],[-79.01003061,-2.91805855],[-79.00967142,-2.91796967],[-79.00942476,-2.91801118],[-79.00928265,-2.91802775],[-79.00920748,-2.91796884],[-79.00916817,-2.91777121],[-79.00915163,-2.91766621],[-79.00922277,-2.91761164],[-79.00929794,-2.91761602],[-79.00940657,-2.91766667],[-79.00958607,-2.9177678],[-79.00972813,-2.91778487],[-79.01007499,-2.91778123],[-79.0101671,-2.91771422],[-79.01019647,-2.91763443],[-79.01021763,-2.91751684],[-79.01023867,-2.91741598],[-79.01019316,-2.91716382],[-79.01008505,-2.9168148],[-79.00992104,-2.91623893],[-79.00984619,-2.91599928],[-79.00968311,-2.91536075],[-79.00940778,-2.91436931],[-79.00929922,-2.9139674],[-79.00903863,-2.91298132],[-79.00871958,-2.91184794],[-79.00846429,-2.91086721],[-79.00818237,-2.90983561],[-79.00792431,-2.90889782],[-79.00763456,-2.90782064],[-79.0073447,-2.90675693],[-79.00706824,-2.90569316],[-79.0068023,-2.90468031],[-79.00654973,-2.90363539],[-79.00628626,-2.90275383],[-79.00605398,-2.90188528],[-79.00576521,-2.9019936],[-79.00472714,-2.90237756],[-79.00352367,-2.90308681],[-79.00298945,-2.90342347],[-79.00246695,-2.90385066],[-79.0013324,-2.90458408],[-79.000948,-2.90492101],[-79.00077055,-2.90524628],[-79.00041603,-2.90566771],[-78.99985735,-2.90626354],[-78.99893243,-2.90709389],[-78.99863491,-2.90752744],[-78.99803363,-2.90846081],[-78.99774528,-2.90874366],[-78.99649898,-2.9099171],[-78.99616866,-2.91023603],[-78.9958206,-2.91036199],[-78.99543084,-2.91036735],[-78.9948556,-2.9101553],[-78.99432823,-2.90997344],[-78.99403447,-2.90995483],[-78.99319176,-2.91006191],[-78.99264027,-2.90999456],[-78.99215525,-2.90961387],[-78.99164022,-2.90921503],[-78.99114302,-2.90896098],[-78.99074143,-2.90884571],[-78.99005524,-2.90866962],[-78.98919784,-2.90859576],[-78.98804674,-2.90851531],[-78.98772288,-2.90853281],[-78.98720759,-2.90833904],[-78.98665644,-2.90803055],[-78.98617666,-2.90809596],[-78.98580461,-2.9082641],[-78.98497071,-2.90847363],[-78.98485315,-2.90864033],[-78.98495454,-2.90897025],[-78.98517288,-2.90917217],[-78.9854168,-2.90930082],[-78.98587912,-2.90955074],[-78.98606084,-2.90981489],[-78.98606991,-2.9098772],[-78.98615651,-2.91033169],[-78.98634164,-2.91074973],[-78.98648343,-2.91091852],[-78.98674177,-2.9111791],[-78.98696556,-2.91135174],[-78.98755192,-2.91153597],[-78.98799985,-2.9117346],[-78.9873548,-2.91275205],[-78.98718715,-2.91277001],[-78.98678999,-2.91274001],[-78.98660406,-2.91277268],[-78.98638526,-2.91287481],[-78.98609327,-2.91312718],[-78.98556755,-2.91369042],[-78.98538111,-2.91400888],[-78.98520472,-2.91454073],[-78.98595999,-2.91536197],[-78.98653565,-2.91599681],[-78.98691183,-2.91634467]],[[-78.98520472,-2.91454073],[-78.98520472,-2.91454072],[-78.98520472,-2.91454074],[-78.98520472,-2.91454073]]]}},{"type":"Feature","properties":{"fid":"14","DESCRIP":"Sucre","CODIGO":"09","AREA":"2612525.979999999981374","SHAPE_LENG":"7483.081660019999617","SHAPE_AREA":"2612525.969390000216663","name":"Sucre"},"geometry":{"type":"Polygon","coordinates":[[[-79.0068023,-2.90468028],[-79.00706823,-2.90569313],[-79.00734469,-2.9067569],[-79.00763455,-2.90782061],[-79.0079243,-2.90889778],[-79.00818237,-2.90983558],[-79.00846428,-2.91086717],[-79.00871957,-2.91184791],[-79.00903862,-2.91298129],[-79.00929921,-2.91396737],[-79.00940777,-2.91436928],[-79.0096831,-2.91536072],[-79.0101575,-2.91519013],[-79.01059854,-2.91506768],[-79.01087849,-2.91496374],[-79.01100652,-2.91482202],[-79.01114818,-2.91455717],[-79.01120974,-2.91442338],[-79.0112632,-2.9142949],[-79.01130206,-2.91413963],[-79.01138512,-2.91390145],[-79.01147328,-2.91372746],[-79.01184953,-2.91337198],[-79.01197221,-2.91325972],[-79.01235209,-2.9130943],[-79.01267993,-2.91301188],[-79.01302105,-2.9128973],[-79.01317841,-2.91280119],[-79.01326916,-2.91268888],[-79.01353476,-2.91235987],[-79.01359627,-2.91225826],[-79.01368996,-2.91195581],[-79.01375369,-2.91130773],[-79.01378595,-2.91116321],[-79.01381549,-2.91104003],[-79.01387963,-2.91092495],[-79.01405027,-2.91079135],[-79.01418768,-2.91068988],[-79.01431031,-2.91060709],[-79.01461403,-2.91058349],[-79.01507223,-2.91057896],[-79.01550776,-2.91056897],[-79.01584348,-2.9105107],[-79.01614216,-2.9103398],[-79.01645416,-2.91010735],[-79.01676772,-2.90981324],[-79.01718378,-2.90952474],[-79.01745573,-2.90936455],[-79.01759424,-2.90935412],[-79.01790999,-2.90934663],[-79.01826672,-2.90945703],[-79.01865548,-2.9095059],[-79.0188287,-2.90949554],[-79.01894595,-2.90945289],[-79.01925142,-2.90920705],[-79.01963032,-2.90882471],[-79.0199556,-2.90866462],[-79.02044223,-2.90838961],[-79.02095666,-2.90816014],[-79.02149514,-2.90795756],[-79.02188576,-2.90771458],[-79.02227765,-2.90756798],[-79.02275196,-2.90745091],[-79.02314495,-2.90739808],[-79.02361681,-2.90718462],[-79.02397932,-2.90707811],[-79.02449496,-2.9069264],[-79.02472423,-2.90684642],[-79.02537728,-2.90659585],[-79.02604355,-2.90639349],[-79.02636802,-2.906338],[-79.02636838,-2.90612643],[-79.02638197,-2.90596578],[-79.02635553,-2.90586393],[-79.02631568,-2.90576747],[-79.02613637,-2.90550197],[-79.02595292,-2.90529278],[-79.0257907,-2.90513183],[-79.0255486,-2.90498674],[-79.0250215,-2.90479838],[-79.02425878,-2.90451042],[-79.02414438,-2.90446474],[-79.02415783,-2.90438439],[-79.02425649,-2.90432832],[-79.0246537,-2.90412007],[-79.02465664,-2.90398083],[-79.02429225,-2.90367223],[-79.02310188,-2.90268452],[-79.02216422,-2.90194906],[-79.02172531,-2.90162152],[-79.02080886,-2.90089685],[-79.02071615,-2.90058602],[-79.02034907,-2.89954885],[-79.01996072,-2.89843135],[-79.01981633,-2.89800261],[-79.01963892,-2.89736758],[-79.01941025,-2.89637894],[-79.01918162,-2.89536081],[-79.01900576,-2.89461322],[-79.01895833,-2.89432389],[-79.01892096,-2.89362754],[-79.01891875,-2.8929854],[-79.01830059,-2.89329788],[-79.01794615,-2.89368306],[-79.01766336,-2.89423726],[-79.01696075,-2.89480872],[-79.01623151,-2.89524153],[-79.01558914,-2.89566852],[-79.01479033,-2.89643881],[-79.01444217,-2.89661903],[-79.01375842,-2.89674441],[-79.01321225,-2.89703287],[-79.01302304,-2.89723751],[-79.01245209,-2.89796597],[-79.01161168,-2.89850708],[-79.01009993,-2.89891444],[-79.00979665,-2.89914293],[-79.00891396,-2.89984679],[-79.00803129,-2.90053854],[-79.0075866,-2.90110448],[-79.00682723,-2.90158541],[-79.00643721,-2.9017415],[-79.00605397,-2.90188525],[-79.00628625,-2.90275379],[-79.00654972,-2.90363535],[-79.0068023,-2.90468028]],[[-79.00605397,-2.90188525],[-79.00605396,-2.90188521],[-79.00605397,-2.90188525],[-79.00605397,-2.90188525]]]}},{"type":"Feature","properties":{"fid":"15","DESCRIP":"Yanuncay","CODIGO":"13","AREA":"11339674.220000000670552","SHAPE_LENG":"19514.483954499995889","SHAPE_AREA":"11339674.222799999639392","name":"Yanuncay"},"geometry":{"type":"Polygon","coordinates":[[[-79.01128069,-2.92103414],[-79.01128743,-2.92103415],[-79.01134649,-2.92104791],[-79.01136827,-2.92109207],[-79.01141033,-2.92115661],[-79.01144572,-2.92117701],[-79.01149121,-2.9211855],[-79.01151816,-2.92120589],[-79.01154508,-2.92123822],[-79.01160067,-2.92128072],[-79.01164279,-2.92131127],[-79.01174901,-2.92135558],[-79.01177758,-2.92136919],[-79.01195958,-2.92148308],[-79.01214497,-2.92155637],[-79.01233714,-2.92161431],[-79.01242137,-2.92162974],[-79.01246352,-2.92164844],[-79.01252599,-2.92166392],[-79.01269627,-2.92168963],[-79.01273329,-2.92170669],[-79.01279236,-2.92171693],[-79.01285635,-2.9217391],[-79.01297096,-2.92181905],[-79.01306524,-2.92189716],[-79.01311409,-2.92194137],[-79.01316794,-2.92200077],[-79.01320492,-2.92203818],[-79.01323026,-2.92205351],[-79.01344759,-2.92211655],[-79.01347623,-2.92214879],[-79.01359747,-2.92223725],[-79.01368512,-2.92230522],[-79.0138097,-2.92239359],[-79.01394282,-2.92248199],[-79.01415674,-2.92259765],[-79.01422923,-2.9226419],[-79.01429321,-2.92267085],[-79.01435054,-2.92269464],[-79.01441625,-2.92271348],[-79.01451395,-2.9227424],[-79.01460502,-2.92275956],[-79.01475678,-2.9227818],[-79.01482753,-2.92279386],[-79.01486296,-2.92279564],[-79.01490855,-2.92279907],[-79.01503165,-2.92280435],[-79.01508561,-2.92280617],[-79.01518677,-2.92280978],[-79.01535881,-2.92280493],[-79.01555441,-2.92280193],[-79.01573312,-2.92279041],[-79.01584447,-2.92277867],[-79.01616827,-2.9227504],[-79.01637245,-2.92272536],[-79.01656135,-2.92269857],[-79.01665408,-2.92269195],[-79.01668781,-2.92268866],[-79.01671316,-2.92269377],[-79.01675695,-2.92269557],[-79.01682106,-2.92270074],[-79.01689021,-2.92270259],[-79.01693239,-2.92270094],[-79.01699142,-2.9226807],[-79.01702014,-2.92266213],[-79.01704215,-2.92262654],[-79.01705906,-2.92257395],[-79.01706088,-2.92250786],[-79.01706424,-2.92249087],[-79.01706108,-2.9223943],[-79.01704436,-2.9222874],[-79.01699739,-2.92214997],[-79.01697899,-2.92207707],[-79.01694143,-2.92185277],[-79.01705929,-2.92187549],[-79.01786146,-2.92197655],[-79.01841285,-2.92200944],[-79.01874304,-2.92202531],[-79.01982654,-2.92200462],[-79.02043549,-2.92198111],[-79.02115118,-2.92196321],[-79.02151317,-2.92194603],[-79.02201216,-2.92196138],[-79.0223034,-2.92198938],[-79.02269187,-2.92204993],[-79.02292866,-2.92210152],[-79.02339975,-2.92223454],[-79.02458866,-2.92262109],[-79.02548211,-2.92292601],[-79.02625598,-2.92317042],[-79.02698452,-2.9234133],[-79.02748335,-2.92357322],[-79.02775515,-2.92366113],[-79.02815889,-2.92378924],[-79.02857853,-2.92392705],[-79.02929333,-2.9241633],[-79.02961405,-2.92424597],[-79.02983852,-2.92440179],[-79.02994252,-2.92452973],[-79.03000756,-2.92462487],[-79.03007581,-2.92478232],[-79.03016331,-2.92504142],[-79.03029944,-2.92546771],[-79.03035462,-2.92564475],[-79.030543,-2.92601868],[-79.0305983,-2.92607448],[-79.03070896,-2.92615008],[-79.03078071,-2.92615997],[-79.0308361,-2.92616007],[-79.03092422,-2.92611764],[-79.03096663,-2.92608498],[-79.03100263,-2.92601624],[-79.03101251,-2.92597358],[-79.03101907,-2.92592766],[-79.03102242,-2.92586211],[-79.03096724,-2.92573751],[-79.03093165,-2.92562271],[-79.03091217,-2.92554736],[-79.03089924,-2.92548504],[-79.03091239,-2.92542277],[-79.03095818,-2.92536064],[-79.03103645,-2.92529197],[-79.03105938,-2.92524282],[-79.03122927,-2.92502685],[-79.03124882,-2.92501043],[-79.03129453,-2.92499414],[-79.03141031,-2.92476677],[-79.0314972,-2.92465037],[-79.03151999,-2.92467998],[-79.03160796,-2.92471946],[-79.03167301,-2.92475557],[-79.03175123,-2.92476556],[-79.0318523,-2.92477559],[-79.03193054,-2.92477238],[-79.03212289,-2.92472688],[-79.03230871,-2.92471084],[-79.03241297,-2.9247471],[-79.03245203,-2.92478316],[-79.03256256,-2.92498652],[-79.03263414,-2.92503583],[-79.03270257,-2.92504255],[-79.03273508,-2.92512127],[-79.03279016,-2.92530157],[-79.03282577,-2.92540651],[-79.03290739,-2.92537384],[-79.0329661,-2.92533135],[-79.03304753,-2.92535772],[-79.03311628,-2.92548967],[-79.03310857,-2.92557528],[-79.03312361,-2.92561807],[-79.03311341,-2.92569102],[-79.03306571,-2.9257639],[-79.03303812,-2.92580671],[-79.03303552,-2.925852],[-79.03304553,-2.92588719],[-79.03304294,-2.92592752],[-79.03303777,-2.926003],[-79.03301013,-2.92607339],[-79.03300511,-2.92611615],[-79.03303257,-2.92615399],[-79.03302999,-2.92618916],[-79.03304246,-2.92625717],[-79.03307482,-2.9263151],[-79.03309232,-2.92633529],[-79.03314728,-2.92643349],[-79.03315969,-2.92648387],[-79.03318953,-2.92659722],[-79.03319685,-2.92668023],[-79.03318666,-2.92679848],[-79.03319414,-2.92684379],[-79.03319407,-2.92688412],[-79.03323139,-2.92698482],[-79.03323636,-2.92702506],[-79.03324112,-2.9271333],[-79.0332511,-2.92718621],[-79.03328593,-2.92727434],[-79.03330833,-2.92737004],[-79.03334815,-2.92748584],[-79.03335309,-2.92753874],[-79.03336563,-2.9275186],[-79.03339071,-2.92752371],[-79.03340318,-2.92753883],[-79.03342821,-2.92752378],[-79.03343815,-2.9275464],[-79.03344821,-2.92755654],[-79.03347576,-2.92753896],[-79.03351827,-2.92755413],[-79.03357582,-2.92755424],[-79.03361849,-2.92752917],[-79.03365349,-2.92751911],[-79.03369119,-2.92746131],[-79.03371882,-2.92739336],[-79.03374134,-2.92737586],[-79.03376392,-2.92737084],[-79.03384657,-2.92736845],[-79.03390906,-2.92737616],[-79.03397921,-2.92736869],[-79.03402433,-2.92733604],[-79.03405944,-2.92731096],[-79.03411701,-2.927306],[-79.03416205,-2.92731367],[-79.03427458,-2.9273466],[-79.03435216,-2.92736428],[-79.03437979,-2.92735429],[-79.03446494,-2.92730914],[-79.03452252,-2.92729668],[-79.03456268,-2.92726655],[-79.03459517,-2.92724897],[-79.03464534,-2.92720376],[-79.03469552,-2.92715602],[-79.03475825,-2.92707557],[-79.03477831,-2.92707561],[-79.03481084,-2.92708823],[-79.03482839,-2.92708076],[-79.0348359,-2.9270531],[-79.03484098,-2.92702789],[-79.03481604,-2.92699267],[-79.03476354,-2.92692965],[-79.03474857,-2.92690195],[-79.0347586,-2.92687675],[-79.03478116,-2.92687932],[-79.0348211,-2.92692722],[-79.03484116,-2.92692219],[-79.03483367,-2.92688945],[-79.03480134,-2.92681136],[-79.03478138,-2.92675599],[-79.03513941,-2.92669369],[-79.03508365,-2.92711132],[-79.03506572,-2.92733272],[-79.03508317,-2.92738311],[-79.03513062,-2.92745372],[-79.03518309,-2.92748401],[-79.03525574,-2.92749417],[-79.03537089,-2.92746924],[-79.0354661,-2.92743161],[-79.0355437,-2.92743681],[-79.03561621,-2.92747717],[-79.03568363,-2.92754022],[-79.03576613,-2.9276259],[-79.03587105,-2.92774942],[-79.03599087,-2.92793335],[-79.03607312,-2.92811225],[-79.03617798,-2.92831877],[-79.03625029,-2.92846736],[-79.03627265,-2.92853792],[-79.03633995,-2.92872674],[-79.03646199,-2.92908446],[-79.03656657,-2.92940427],[-79.03666104,-2.92978943],[-79.03671816,-2.93003872],[-79.03683992,-2.93051209],[-79.03690688,-2.93089476],[-79.03696674,-2.93101819],[-79.0370291,-2.93115167],[-79.03711881,-2.93138085],[-79.03722104,-2.93159749],[-79.03727352,-2.93167055],[-79.03735843,-2.93176636],[-79.0374159,-2.93181429],[-79.0374734,-2.93189739],[-79.03751824,-2.93197297],[-79.03755566,-2.93206861],[-79.03761034,-2.93227259],[-79.03764267,-2.93240602],[-79.03766246,-2.93255461],[-79.03768227,-2.93264777],[-79.0377186,-2.93270046],[-79.0377573,-2.93268307],[-79.0378474,-2.93268576],[-79.03798757,-2.93270364],[-79.03808026,-2.93267107],[-79.03816789,-2.93265107],[-79.03836821,-2.93262628],[-79.03869365,-2.93263436],[-79.03884379,-2.93265985],[-79.03897639,-2.93269028],[-79.03909409,-2.93270053],[-79.0391917,-2.93268062],[-79.03925184,-2.9326404],[-79.03930206,-2.93256753],[-79.03937725,-2.93251232],[-79.03947505,-2.93243447],[-79.03961033,-2.93237177],[-79.03987331,-2.93225641],[-79.03995097,-2.93222635],[-79.03995801,-2.93252085],[-79.03994635,-2.93255211],[-79.03993521,-2.93260056],[-79.03992067,-2.9326338],[-79.03990955,-2.93266652],[-79.03990142,-2.93268694],[-79.0398915,-2.93270681],[-79.03986876,-2.93275225],[-79.0398618,-2.93277041],[-79.03984661,-2.93281939],[-79.03983902,-2.93283692],[-79.03983143,-2.93285969],[-79.03982033,-2.93287775],[-79.03981274,-2.93289989],[-79.03980632,-2.93292095],[-79.03979293,-2.93296758],[-79.03978651,-2.93298683],[-79.03977303,-2.9330359],[-79.03975901,-2.93307964],[-79.03975025,-2.93310123],[-79.03974095,-2.93312228],[-79.0397322,-2.93313972],[-79.03971948,-2.93316185],[-79.0397136,-2.93318227],[-79.03970597,-2.93322204],[-79.03970019,-2.93323776],[-79.03968386,-2.93326631],[-79.03967223,-2.93328329],[-79.03965184,-2.93332177],[-79.03962794,-2.93336323],[-79.03958654,-2.9334297],[-79.03955451,-2.93348869],[-79.03954393,-2.93352194],[-79.03952585,-2.93357797],[-79.03951302,-2.93361004],[-79.0395066,-2.93363453],[-79.03950656,-2.93365497],[-79.03948734,-2.93369354],[-79.03947271,-2.93373086],[-79.03946575,-2.93374721],[-79.03946337,-2.93377171],[-79.03946505,-2.93379043],[-79.03946958,-2.93382245],[-79.03947594,-2.93383711],[-79.03948346,-2.93385285],[-79.03949848,-2.93390369],[-79.03950312,-2.93392477],[-79.03950539,-2.93396564],[-79.03950588,-2.93404629],[-79.03950585,-2.93406148],[-79.03951165,-2.93409133],[-79.03952257,-2.9341211],[-79.03954285,-2.93414274],[-79.03957132,-2.93416793],[-79.03958056,-2.93417843],[-79.03958054,-2.93419299],[-79.03957242,-2.93420699],[-79.03957006,-2.93421865],[-79.03957002,-2.93424315],[-79.03957456,-2.93427065],[-79.03957983,-2.93429055],[-79.03959021,-2.93432086],[-79.0396006,-2.93434366],[-79.03960524,-2.9343641],[-79.03961558,-2.93441502],[-79.03962424,-2.93445247],[-79.03963579,-2.93448224],[-79.03964044,-2.9344969],[-79.03964158,-2.93451616],[-79.03966352,-2.93457108],[-79.03967744,-2.93462888],[-79.03968211,-2.93463766],[-79.03970289,-2.93468326],[-79.03971388,-2.9347265],[-79.03972826,-2.9347825],[-79.03973525,-2.93479716],[-79.03975084,-2.93482811],[-79.03975774,-2.93484331],[-79.03976526,-2.93486258],[-79.03977628,-2.93488837],[-79.03978667,-2.93490991],[-79.03979482,-2.9349299],[-79.03980811,-2.93499358],[-79.0398156,-2.93502804],[-79.03981792,-2.93504143],[-79.03981956,-2.93507823],[-79.03982067,-2.93511214],[-79.03982239,-2.93515825],[-79.03981765,-2.93519333],[-79.0398147,-2.93523473],[-79.0398146,-2.93529667],[-79.03980923,-2.9353293],[-79.03980512,-2.93536555],[-79.03980455,-2.93538191],[-79.03980101,-2.93540406],[-79.03979919,-2.93541455],[-79.03980136,-2.93551329],[-79.03981591,-2.93552262],[-79.03982685,-2.93553847],[-79.03984073,-2.93557348],[-79.03984368,-2.9355828],[-79.03985292,-2.9355962],[-79.03986798,-2.9356266],[-79.03987603,-2.9356494],[-79.03987717,-2.93566749],[-79.03987777,-2.93568386],[-79.03988178,-2.93570728],[-79.03989217,-2.93572945],[-79.03991543,-2.93574938],[-79.03993166,-2.93577563],[-79.03994675,-2.93578958],[-79.03994962,-2.93579194],[-79.03998439,-2.93580837],[-79.04001117,-2.93582243],[-79.04004773,-2.93584709],[-79.04005814,-2.93585705],[-79.04009003,-2.93587926],[-79.04012947,-2.93590329],[-79.04016603,-2.9359256],[-79.04019559,-2.93594491],[-79.04021418,-2.93595425],[-79.04024553,-2.93597646],[-79.0402821,-2.93599759],[-79.04039869,-2.93607592],[-79.0405386,-2.93624352],[-79.04066118,-2.93629663],[-79.04081899,-2.93619998],[-79.04091557,-2.93610323],[-79.04098596,-2.93590959],[-79.04108274,-2.93569836],[-79.0411793,-2.93561047],[-79.04139859,-2.93543463],[-79.04154772,-2.93536446],[-79.04161581,-2.9353577],[-79.04183933,-2.93518097],[-79.04388148,-2.93384268],[-79.04392252,-2.93397765],[-79.04395643,-2.93407808],[-79.04397853,-2.93419385],[-79.04400547,-2.9342222],[-79.04409929,-2.93431088],[-79.04420482,-2.93439253],[-79.04436435,-2.9344967],[-79.0444863,-2.93460198],[-79.04460587,-2.93472968],[-79.04467026,-2.93482898],[-79.04469017,-2.93486093],[-79.04474056,-2.93494954],[-79.04477212,-2.93500393],[-79.0448787,-2.93520485],[-79.04494182,-2.93531816],[-79.0449793,-2.93538314],[-79.04500515,-2.93541032],[-79.04504026,-2.93544229],[-79.04509191,-2.93547421],[-79.04510124,-2.9354896],[-79.0451295,-2.93547545],[-79.04530937,-2.93536718],[-79.04528406,-2.93528485],[-79.0453612,-2.93524982],[-79.04565923,-2.93509527],[-79.04571177,-2.93508488],[-79.04577839,-2.93509548],[-79.04590441,-2.93513097],[-79.04605847,-2.93517699],[-79.04623713,-2.93519493],[-79.04649643,-2.93518481],[-79.04675223,-2.93516419],[-79.04680831,-2.93518536],[-79.04714814,-2.93519653],[-79.04751594,-2.93520775],[-79.04792572,-2.93528243],[-79.04807286,-2.93532501],[-79.04812182,-2.93535674],[-79.04820952,-2.93529351],[-79.04862684,-2.93506883],[-79.04909329,-2.93482308],[-79.04918803,-2.93474567],[-79.0493111,-2.9345664],[-79.04946915,-2.93428485],[-79.04971138,-2.93399992],[-79.05005544,-2.93359183],[-79.05014318,-2.93351088],[-79.0503958,-2.93324712],[-79.05051164,-2.93314163],[-79.05059583,-2.93307839],[-79.05080613,-2.93300471],[-79.0510058,-2.93299095],[-79.0511845,-2.93298774],[-79.05149976,-2.93300945],[-79.05164692,-2.93299207],[-79.05176258,-2.93293594],[-79.05188894,-2.93283047],[-79.05200817,-2.93273556],[-79.05208536,-2.93266878],[-79.05215911,-2.93256321],[-79.05233173,-2.93201829],[-79.05240528,-2.93202548],[-79.05263647,-2.93203646],[-79.05277653,-2.93207188],[-79.05288851,-2.93211086],[-79.05302855,-2.93215686],[-79.05335764,-2.93229487],[-79.05361308,-2.93248193],[-79.0538441,-2.93259861],[-79.05446557,-2.93179308],[-79.05438883,-2.93159575],[-79.05433665,-2.93134909],[-79.05431931,-2.9312892],[-79.05431592,-2.93121876],[-79.05436196,-2.93091241],[-79.05442249,-2.9303314],[-79.05457307,-2.93036331],[-79.0551018,-2.93050863],[-79.05535392,-2.93058656],[-79.0556026,-2.93063284],[-79.05571816,-2.93063304],[-79.0559214,-2.93063692],[-79.05598793,-2.930644],[-79.05600892,-2.93067929],[-79.05601558,-2.93083076],[-79.05604689,-2.93098226],[-79.05610618,-2.93112324],[-79.05615863,-2.93121492],[-79.0562076,-2.93123969],[-79.05626361,-2.93124684],[-79.05630587,-2.93115179],[-79.05640781,-2.93091598],[-79.05645364,-2.93077872],[-79.05654863,-2.93055347],[-79.0566257,-2.93050424],[-79.05665719,-2.93049724],[-79.05673777,-2.93049385],[-79.05696895,-2.93051541],[-79.05713359,-2.93052971],[-79.05731568,-2.93054414],[-79.05748034,-2.93054795],[-79.05758902,-2.93052354],[-79.05769414,-2.93047789],[-79.05777831,-2.93042875],[-79.05790468,-2.9303127],[-79.05798187,-2.93024592],[-79.05806253,-2.93020031],[-79.05811161,-2.93015808],[-79.0581993,-2.9301019],[-79.05829742,-2.93004927],[-79.05843073,-2.92997554],[-79.0575204,-2.9296886],[-79.05725435,-2.92954726],[-79.05715992,-2.92944854],[-79.05702363,-2.92926512],[-79.0570027,-2.92919817],[-79.05699589,-2.92913125],[-79.05701012,-2.92896229],[-79.05702444,-2.9287897],[-79.0570141,-2.92868399],[-79.05700395,-2.92847266],[-79.05699353,-2.92841279],[-79.05696573,-2.92831409],[-79.05693429,-2.92824008],[-79.05684679,-2.92818712],[-79.05675932,-2.92811301],[-79.05669984,-2.92808469],[-79.05655637,-2.92799285],[-79.05645485,-2.92793282],[-79.05638838,-2.92789038],[-79.05627294,-2.92781622],[-79.05615741,-2.92774558],[-79.05605597,-2.9276926],[-79.05596498,-2.92762906],[-79.05586699,-2.92755846],[-79.05591258,-2.92750573],[-79.05610913,-2.92731936],[-79.0562319,-2.92721035],[-79.0563547,-2.92712955],[-79.05663172,-2.92695751],[-79.05681412,-2.92684155],[-79.05716833,-2.9265956],[-79.05724197,-2.9265535],[-79.05744946,-2.92638695],[-79.05762022,-2.92624032],[-79.05784967,-2.92601042],[-79.05782546,-2.92591725],[-79.05768019,-2.92541238],[-79.05759298,-2.92508401],[-79.05753987,-2.92479973],[-79.05740355,-2.92474072],[-79.05709184,-2.92464217],[-79.05705779,-2.92461761],[-79.05706783,-2.92442657],[-79.05713664,-2.92410815],[-79.05717601,-2.92385839],[-79.05719579,-2.92370164],[-79.05728396,-2.92342249],[-79.05723527,-2.92338814],[-79.05715738,-2.92334388],[-79.05710381,-2.92332417],[-79.05698698,-2.92327993],[-79.05689931,-2.92322101],[-79.05681176,-2.92314246],[-79.05668524,-2.92302949],[-79.05661716,-2.92292648],[-79.05662228,-2.92282359],[-79.05659802,-2.9227599],[-79.05653471,-2.9227059],[-79.05650069,-2.92267157],[-79.05646667,-2.92263227],[-79.05635472,-2.92251941],[-79.05631586,-2.92247522],[-79.0562039,-2.92242114],[-79.05601389,-2.92235715],[-79.05596029,-2.92235706],[-79.05589703,-2.92232747],[-79.05578021,-2.92222438],[-79.05574138,-2.92216065],[-79.05566852,-2.92201351],[-79.05569293,-2.92198905],[-79.05566853,-2.92195474],[-79.05621492,-2.92160785],[-79.05655162,-2.92134387],[-79.05672252,-2.92117264],[-79.05705442,-2.92087439],[-79.05740097,-2.92053692],[-79.05749854,-2.92043419],[-79.05746453,-2.92039001],[-79.05725055,-2.92014958],[-79.05679802,-2.91972745],[-79.05662297,-2.91949196],[-79.05639457,-2.91916326],[-79.05632663,-2.91897697],[-79.05626353,-2.91880055],[-79.05613764,-2.91832509],[-79.05592808,-2.9183345],[-79.0559087,-2.91825607],[-79.05575868,-2.91769232],[-79.05570054,-2.91745216],[-79.0555362,-2.91669246],[-79.05548745,-2.91669726],[-79.0554582,-2.91670706],[-79.0553801,-2.91678532],[-79.05534579,-2.91691754],[-79.0552921,-2.91697134],[-79.05519462,-2.91696629],[-79.05510686,-2.91696116],[-79.05494609,-2.91694623],[-79.05481453,-2.91693615],[-79.05468301,-2.91691151],[-79.05455632,-2.91689655],[-79.05439069,-2.9168865],[-79.05420075,-2.91683716],[-79.05394257,-2.91677785],[-79.05383044,-2.91676789],[-79.05364539,-2.91670392],[-79.05355297,-2.91663025],[-79.05350945,-2.9164195],[-79.05349515,-2.91621368],[-79.05345632,-2.91614499],[-79.05344174,-2.91610093],[-79.05346142,-2.91600783],[-79.05349563,-2.91593438],[-79.05354938,-2.91584632],[-79.05360326,-2.91567977],[-79.0536766,-2.91554753],[-79.05382303,-2.91543024],[-79.05387191,-2.91534705],[-79.05385741,-2.91525878],[-79.05377973,-2.91508721],[-79.05377983,-2.91502844],[-79.05377999,-2.91493531],[-79.05375557,-2.91496465],[-79.05371649,-2.91504786],[-79.05371143,-2.91511159],[-79.053653,-2.91509675],[-79.05355562,-2.91503781],[-79.05347769,-2.91501317],[-79.05343883,-2.91496898],[-79.05337069,-2.91490033],[-79.0533416,-2.91482189],[-79.05329297,-2.91475317],[-79.0532639,-2.91466008],[-79.05321532,-2.91456687],[-79.05313754,-2.91445896],[-79.05306956,-2.91435106],[-79.05300138,-2.91430194],[-79.05289921,-2.91420375],[-79.0528019,-2.91410068],[-79.05271926,-2.91399764],[-79.05265128,-2.91388486],[-79.05261242,-2.91378678],[-79.05257372,-2.91364955],[-79.0525689,-2.91357604],[-79.05252031,-2.91348291],[-79.05228697,-2.9131542],[-79.05225286,-2.91316888],[-79.05206751,-2.91327633],[-79.05186259,-2.91341803],[-79.05176991,-2.91350114],[-79.05171612,-2.91355991],[-79.05166735,-2.91362348],[-79.05166726,-2.91367737],[-79.05171573,-2.91378523],[-79.0519148,-2.91422654],[-79.05189034,-2.9142755],[-79.05185619,-2.9143146],[-79.05169525,-2.91439768],[-79.05140271,-2.91445106],[-79.05114934,-2.91447015],[-79.05079353,-2.91449901],[-79.0505888,-2.91452804],[-79.05043771,-2.91453266],[-79.05025738,-2.91454211],[-79.05005913,-2.91456491],[-79.0498305,-2.91458251],[-79.04962959,-2.91458876],[-79.04954956,-2.91458537],[-79.04949571,-2.91457207],[-79.04945329,-2.914554],[-79.04941909,-2.91451778],[-79.04940777,-2.91446188],[-79.0494045,-2.9144258],[-79.04941076,-2.91434353],[-79.04942925,-2.91404889],[-79.04943259,-2.91398814],[-79.04943186,-2.91389048],[-79.04942567,-2.913677],[-79.04942415,-2.91361379],[-79.0494226,-2.913576],[-79.04942621,-2.91335846],[-79.04942717,-2.91327229],[-79.04942574,-2.91316062],[-79.04942828,-2.91309661],[-79.0494309,-2.91303586],[-79.04943265,-2.91296361],[-79.04943676,-2.91292592],[-79.04944512,-2.91282078],[-79.04945099,-2.91275433],[-79.0494527,-2.91270424],[-79.04944958,-2.91263606],[-79.0494431,-2.91258759],[-79.0494367,-2.91254408],[-79.04943183,-2.91249652],[-79.04942053,-2.91242588],[-79.0494092,-2.91237414],[-79.0493857,-2.91228784],[-79.04935722,-2.91221808],[-79.04934422,-2.91219338],[-79.04931891,-2.91216214],[-79.04927411,-2.91212029],[-79.04923828,-2.91209229],[-79.0492089,-2.91207415],[-79.04918437,-2.91206344],[-79.04912156,-2.91203629],[-79.04904975,-2.91201067],[-79.04901874,-2.91199669],[-79.04899997,-2.91198183],[-79.0489804,-2.91196299],[-79.0489666,-2.9119334],[-79.04896744,-2.91191695],[-79.0489691,-2.91189236],[-79.04898059,-2.91185133],[-79.04900281,-2.91179711],[-79.04904126,-2.91171273],[-79.0490716,-2.91164217],[-79.04909209,-2.9115979],[-79.04911258,-2.91155273],[-79.04911837,-2.91153474],[-79.04912409,-2.91150103],[-79.04912672,-2.91143946],[-79.04912695,-2.91135826],[-79.04912619,-2.91132707],[-79.04912211,-2.91129496],[-79.04911401,-2.91124658],[-79.04909951,-2.91115297],[-79.04909223,-2.9110988],[-79.04908826,-2.91105521],[-79.04908579,-2.91102401],[-79.04908427,-2.91097147],[-79.04908677,-2.91092473],[-79.04908281,-2.91087463],[-79.0490845,-2.91083603],[-79.04908788,-2.91080403],[-79.04908379,-2.91078024],[-79.04907649,-2.91073176],[-79.0490652,-2.91066022],[-79.04903037,-2.91051486],[-79.04900589,-2.91047784],[-79.04898732,-2.91039743],[-79.0489629,-2.91032098],[-79.04893688,-2.91023151],[-79.04887761,-2.91002942],[-79.04884999,-2.90993253],[-79.04882484,-2.90986024],[-79.04879551,-2.90981498],[-79.04875962,-2.90976564],[-79.04863178,-2.90958811],[-79.04843996,-2.90932412],[-79.04891912,-2.90900433],[-79.04914841,-2.90886477],[-79.04948784,-2.9086328],[-79.04957328,-2.90857879],[-79.04961606,-2.90853827],[-79.04978237,-2.90841884],[-79.0500072,-2.90825675],[-79.05008588,-2.90820942],[-79.05014882,-2.90816215],[-79.05023652,-2.9080991],[-79.05029721,-2.908054],[-79.05053325,-2.90790992],[-79.05072205,-2.9077861],[-79.05076256,-2.90776131],[-79.05077385,-2.90773203],[-79.05081202,-2.90770723],[-79.05083903,-2.9076892],[-79.05089972,-2.90764644],[-79.05094016,-2.90761261],[-79.05097392,-2.90758789],[-79.05099869,-2.90756759],[-79.05105935,-2.90754057],[-79.05113574,-2.90751367],[-79.0511829,-2.90749115],[-79.05124804,-2.9074777],[-79.05134458,-2.90744857],[-79.05149512,-2.9073991],[-79.05155352,-2.90737895],[-79.05167042,-2.90733168],[-79.05176699,-2.90728673],[-79.05184343,-2.90723496],[-79.05192212,-2.90718311],[-79.05194463,-2.90716289],[-79.05198965,-2.90707943],[-79.05201,-2.90701174],[-79.05205728,-2.90691923],[-79.05212934,-2.90679973],[-79.05220646,-2.9066656],[-79.05226222,-2.90650348],[-79.05229661,-2.90637895],[-79.05231462,-2.90631017],[-79.05231805,-2.90625123],[-79.05232617,-2.9062365],[-79.0521392,-2.90597731],[-79.05191815,-2.90566716],[-79.05170842,-2.90535874],[-79.05168079,-2.90531936],[-79.05162235,-2.90520461],[-79.05153129,-2.90507995],[-79.05147121,-2.90497505],[-79.05143704,-2.90492255],[-79.0513525,-2.90481915],[-79.05131024,-2.90476338],[-79.05123699,-2.90468621],[-79.05119799,-2.90462068],[-79.05112979,-2.90448123],[-79.05107944,-2.90436812],[-79.05094957,-2.90411572],[-79.05076592,-2.90359749],[-79.05073423,-2.90351118],[-79.05066441,-2.90332227],[-79.05060992,-2.90316376],[-79.05058477,-2.90309066],[-79.05057332,-2.9030561],[-79.05054244,-2.90296988],[-79.05049938,-2.9028557],[-79.05047987,-2.9028006],[-79.05045795,-2.90273573],[-79.0504263,-2.9026298],[-79.05042059,-2.90260104],[-79.05041095,-2.9025559],[-79.05040445,-2.90252054],[-79.05038744,-2.90242123],[-79.05037119,-2.90235465],[-79.05034929,-2.90227912],[-79.050333,-2.90223478],[-79.05032327,-2.902192],[-79.05030218,-2.90210995],[-79.05028349,-2.90205242],[-79.05026076,-2.90198592],[-79.05024698,-2.90194231],[-79.05023311,-2.9019054],[-79.05022335,-2.90187907],[-79.05019244,-2.90181256],[-79.05017371,-2.90177148],[-79.05015338,-2.90172624],[-79.05011681,-2.9016523],[-79.05009072,-2.90161039],[-79.05007368,-2.9015817],[-79.05003781,-2.90152169],[-79.0499833,-2.90142386],[-79.04993122,-2.90132449],[-79.04988237,-2.90123245],[-79.04982946,-2.90114528],[-79.04978713,-2.90107631],[-79.04973009,-2.90098751],[-79.0497048,-2.90094317],[-79.0496699,-2.90089546],[-79.04964623,-2.90085608],[-79.04962922,-2.90081247],[-79.04961536,-2.90076407],[-79.04960244,-2.90069751],[-79.04957953,-2.90057468],[-79.04954228,-2.90056987],[-79.04950685,-2.90056528],[-79.04948666,-2.90056267],[-79.04944996,-2.90056433],[-79.04938707,-2.9005814],[-79.04934866,-2.90058875],[-79.04929964,-2.90059689],[-79.04926042,-2.90060008],[-79.04919269,-2.90060737],[-79.04911093,-2.90061871],[-79.04905625,-2.90062025],[-79.04895832,-2.90062089],[-79.04891911,-2.90062001],[-79.04886435,-2.90061503],[-79.04884646,-2.90061419],[-79.04881625,-2.90060998],[-79.04876968,-2.90060257],[-79.04872392,-2.90059336],[-79.04869379,-2.90059168],[-79.04863418,-2.90058507],[-79.04860154,-2.90058167],[-79.04857044,-2.90057338],[-79.04854599,-2.90056846],[-79.04849376,-2.90055526],[-79.04846114,-2.9005429],[-79.04842852,-2.90052721],[-79.04840974,-2.90052057],[-79.04834115,-2.90050734],[-79.04828236,-2.90049169],[-79.04824073,-2.90048592],[-79.04820396,-2.90048089],[-79.04815505,-2.90047348],[-79.04810686,-2.90047005],[-79.04804886,-2.90046425],[-79.048004,-2.90045595],[-79.04792237,-2.90044351],[-79.04787912,-2.90044171],[-79.04783991,-2.90044165],[-79.04781868,-2.90044495],[-79.04777533,-2.90044813],[-79.04772477,-2.90045628],[-79.04765694,-2.90047415],[-79.04761112,-2.90049622],[-79.04755721,-2.90052163],[-79.04751879,-2.90053386],[-79.04744525,-2.90057397],[-79.04733807,-2.9006698],[-79.04728896,-2.90073048],[-79.0472775,-2.90074936],[-79.04724152,-2.90081006],[-79.04723339,-2.90083057],[-79.04722839,-2.90086175],[-79.0472251,-2.90089457],[-79.04719711,-2.901007],[-79.04717248,-2.90110786],[-79.04716745,-2.90115876],[-79.0471625,-2.90121381],[-79.04715834,-2.90122854],[-79.04713706,-2.90125645],[-79.04712399,-2.90127776],[-79.04708632,-2.90132526],[-79.04704555,-2.90134001],[-79.0469262,-2.90140057],[-79.04688291,-2.90142102],[-79.04686896,-2.90143003],[-79.04678975,-2.90147339],[-79.04663762,-2.90155938],[-79.0465927,-2.90158471],[-79.04654202,-2.90161582],[-79.04647168,-2.90167646],[-79.04642512,-2.90171743],[-79.04640467,-2.90173629],[-79.04635882,-2.90178133],[-79.04633919,-2.90179775],[-79.04631632,-2.9018101],[-79.04626069,-2.90184038],[-79.04616834,-2.90189194],[-79.04612504,-2.9019189],[-79.04607759,-2.90194838],[-79.04604653,-2.90197048],[-79.04597135,-2.90202541],[-79.04590668,-2.90208272],[-79.04587237,-2.90210897],[-79.04582665,-2.90213267],[-79.04580702,-2.90214412],[-79.04574159,-2.90217683],[-79.0457073,-2.90219322],[-79.04566807,-2.90220545],[-79.04564603,-2.90220867],[-79.04560852,-2.90221439],[-79.04557423,-2.90222916],[-79.04550636,-2.90226846],[-79.04544098,-2.90231754],[-79.04541639,-2.90233974],[-79.04532974,-2.90242413],[-79.04526841,-2.90247655],[-79.04518501,-2.90255028],[-79.04502713,-2.90268635],[-79.04500508,-2.90269445],[-79.04498627,-2.90270428],[-79.04492912,-2.9027313],[-79.04489319,-2.90275502],[-79.04487437,-2.90276981],[-79.04485636,-2.90278289],[-79.04477799,-2.90280826],[-79.04469792,-2.9028319],[-79.04466193,-2.90283753],[-79.04463585,-2.90284327],[-79.04457783,-2.90285221],[-79.04449858,-2.90286265],[-79.04446997,-2.90287165],[-79.04441931,-2.90288639],[-79.04438665,-2.90289528],[-79.04432458,-2.90290675],[-79.04429517,-2.90291158],[-79.04424372,-2.90291556],[-79.04418499,-2.90292124],[-79.04412374,-2.90292692],[-79.04406248,-2.90293658],[-79.04403388,-2.90293816],[-79.04395868,-2.90294951],[-79.04388518,-2.90296421],[-79.04384847,-2.90297319],[-79.04380844,-2.90298298],[-79.04376346,-2.90299357],[-79.04370138,-2.90300738],[-79.04364345,-2.90301551],[-79.04362295,-2.90301701],[-79.04358625,-2.90302111],[-79.04350701,-2.90303001],[-79.04346041,-2.90303807],[-79.04343594,-2.903043],[-79.04337063,-2.90305844],[-79.04327337,-2.90308458],[-79.04320876,-2.90310499],[-79.04311725,-2.90314019],[-79.0429792,-2.90319329],[-79.04285168,-2.90324804],[-79.04278472,-2.90327749],[-79.04274954,-2.90328973],[-79.04271606,-2.90330522],[-79.04269067,-2.90332001],[-79.04267356,-2.9033339],[-79.04260569,-2.90337483],[-79.04253699,-2.90342236],[-79.04251486,-2.90348055],[-79.04251321,-2.90349782],[-79.0425083,-2.90352738],[-79.04249845,-2.9035553],[-79.04242469,-2.90372425],[-79.04240908,-2.90375126],[-79.04238945,-2.90376931],[-79.04237316,-2.90377588],[-79.04232736,-2.90379298],[-79.04228893,-2.90380693],[-79.04226202,-2.90381999],[-79.04223502,-2.9038364],[-79.0422072,-2.9038519],[-79.0421631,-2.90387479],[-79.04214105,-2.90388298],[-79.042128,-2.90388793],[-79.04207816,-2.90389852],[-79.04203409,-2.90390495],[-79.04200953,-2.90390662],[-79.04198426,-2.90390739],[-79.04195324,-2.903904],[-79.04189848,-2.90389983],[-79.04181774,-2.90389228],[-79.04176054,-2.90389218],[-79.04173527,-2.90389295],[-79.04169444,-2.9038945],[-79.04166008,-2.90390023],[-79.04161924,-2.90391001],[-79.04159476,-2.90392064],[-79.04155957,-2.90393613],[-79.04153671,-2.90394676],[-79.04148684,-2.90397299],[-79.04142231,-2.90400488],[-79.04138387,-2.90402453],[-79.04131196,-2.90405966],[-79.04120163,-2.90410305],[-79.04113549,-2.90412997],[-79.04108563,-2.90415376],[-79.04104314,-2.90417827],[-79.04098507,-2.90421515],[-79.04094581,-2.90424791],[-79.04091473,-2.90427823],[-79.04084849,-2.90435768],[-79.04079451,-2.90442495],[-79.04072657,-2.90450449],[-79.04067585,-2.90455359],[-79.04064073,-2.90458391],[-79.04061786,-2.90459861],[-79.04054595,-2.90463302],[-79.04052876,-2.90463787],[-79.04042089,-2.90466725],[-79.0403752,-2.90467124],[-79.04020611,-2.90468577],[-79.04005597,-2.90466092],[-79.04000043,-2.9046403],[-79.03987129,-2.90458899],[-79.03942483,-2.90461732],[-79.03904101,-2.9047238],[-79.03843043,-2.90507084],[-79.03828104,-2.90518577],[-79.03801558,-2.90543703],[-79.0376339,-2.90586756],[-79.03726583,-2.90612407],[-79.03702867,-2.90618794],[-79.03659847,-2.90617381],[-79.03617248,-2.90606863],[-79.03575446,-2.90598752],[-79.03546803,-2.90598973],[-79.03495122,-2.90603431],[-79.03426216,-2.90631168],[-79.03376906,-2.90648216],[-79.03354516,-2.90657019],[-79.03323445,-2.90678394],[-79.03306645,-2.90689612],[-79.03249062,-2.90716555],[-79.03157469,-2.90768891],[-79.03119623,-2.9078141],[-79.03097893,-2.90788606],[-79.03057413,-2.90785054],[-79.02990461,-2.90759222],[-79.02933796,-2.90718417],[-79.0289079,-2.90709508],[-79.02825806,-2.90705371],[-79.02763918,-2.90678752],[-79.02711486,-2.90654817],[-79.02688728,-2.90643267],[-79.02636802,-2.906338],[-79.02604355,-2.90639349],[-79.02537728,-2.90659585],[-79.02472423,-2.90684642],[-79.02449496,-2.9069264],[-79.02397932,-2.90707811],[-79.02361681,-2.90718462],[-79.02314495,-2.90739808],[-79.02275196,-2.90745091],[-79.02227765,-2.90756798],[-79.02188576,-2.90771458],[-79.02149514,-2.90795756],[-79.02095666,-2.90816014],[-79.02044223,-2.90838961],[-79.0199556,-2.90866462],[-79.01963032,-2.90882471],[-79.01925142,-2.90920705],[-79.01894595,-2.90945289],[-79.0188287,-2.90949554],[-79.01865548,-2.9095059],[-79.01826672,-2.90945703],[-79.01790999,-2.90934663],[-79.01759424,-2.90935412],[-79.01745573,-2.90936455],[-79.01718378,-2.90952474],[-79.01676772,-2.90981324],[-79.01645416,-2.91010735],[-79.01614216,-2.9103398],[-79.01584348,-2.9105107],[-79.01550776,-2.91056897],[-79.01507223,-2.91057896],[-79.01461403,-2.91058349],[-79.01431031,-2.91060709],[-79.01418768,-2.91068988],[-79.01405027,-2.91079135],[-79.01387963,-2.91092495],[-79.01381549,-2.91104003],[-79.01378595,-2.91116321],[-79.01375369,-2.91130773],[-79.01368996,-2.91195581],[-79.01359627,-2.91225826],[-79.01353476,-2.91235987],[-79.01326916,-2.91268888],[-79.01317841,-2.91280119],[-79.01302105,-2.9128973],[-79.01267993,-2.91301188],[-79.01235209,-2.9130943],[-79.01197221,-2.91325972],[-79.01184953,-2.91337198],[-79.01147328,-2.91372746],[-79.01138512,-2.91390145],[-79.01130206,-2.91413963],[-79.0112632,-2.9142949],[-79.01120974,-2.91442338],[-79.01114818,-2.91455717],[-79.01100652,-2.91482202],[-79.01087849,-2.91496374],[-79.01059854,-2.91506768],[-79.0101575,-2.91519013],[-79.0096831,-2.91536072],[-79.00984618,-2.91599925],[-79.00992103,-2.91623889],[-79.01008504,-2.91681477],[-79.01019315,-2.91716378],[-79.01023866,-2.91741594],[-79.01021762,-2.91751681],[-79.01019646,-2.9176344],[-79.01016709,-2.91771418],[-79.01007498,-2.9177812],[-79.00972812,-2.91778483],[-79.00958606,-2.91776776],[-79.00940656,-2.91766663],[-79.00929793,-2.91761599],[-79.00922276,-2.9176116],[-79.00915162,-2.91766618],[-79.00916816,-2.91777118],[-79.00920747,-2.91796881],[-79.00928264,-2.91802771],[-79.00942475,-2.91801114],[-79.00967141,-2.91796963],[-79.01003061,-2.91805851],[-79.01022697,-2.91813445],[-79.01058569,-2.91849223],[-79.01090471,-2.91892986],[-79.01108398,-2.91916128],[-79.01133026,-2.91933396],[-79.01148064,-2.91937202],[-79.01163952,-2.91933451],[-79.01191549,-2.91924675],[-79.01216639,-2.91919259],[-79.01235436,-2.91923072],[-79.01251723,-2.91933191],[-79.01274044,-2.91952977],[-79.01291159,-2.91962673],[-79.01293654,-2.91970661],[-79.01292385,-2.91981165],[-79.01282749,-2.91994168],[-79.01262224,-2.92021446],[-79.01257189,-2.92031103],[-79.01128507,-2.92007348],[-79.01123429,-2.92041787],[-79.01121332,-2.9204767],[-79.01116087,-2.92059007],[-79.01096437,-2.92064433],[-79.01039513,-2.92082915],[-79.01129759,-2.92098634],[-79.01129089,-2.92101209],[-79.01128069,-2.92103414]],[[-79.01039513,-2.92082915],[-79.01037718,-2.92082602],[-79.01038355,-2.9208329],[-79.01039513,-2.92082915]]]}}]}